ayah_key,surah_id,ayah_id,n_words,kmeans,hdbscan,umap_x,umap_y
1:1,1,1,4,3,1,14.3434,3.9379
1:2,1,2,4,3,1,14.9424,3.9714
1:3,1,3,2,3,1,14.1465,3.9165
1:4,1,4,3,7,1,12.5978,3.1545
1:5,1,5,4,1,1,12.2697,1.1402
1:6,1,6,3,7,1,11.8256,1.9555
1:7,1,7,9,6,1,16.726,1.6069
2:1,2,1,1,7,1,8.5218,4.5363
2:2,2,2,7,3,1,13.7771,3.123
2:3,2,3,8,0,1,15.9925,1.6745
2:4,2,4,12,0,1,13.9886,1.9069
2:5,2,5,8,6,1,16.458,0.9365
2:6,2,6,11,0,1,15.3513,0.6613
2:7,2,7,12,6,1,15.7004,1.086
2:8,2,8,11,1,1,14.4334,0.4743
2:9,2,9,10,6,1,15.3699,-0.1643
2:10,2,10,12,0,1,15.1948,-0.3484
2:11,2,11,11,1,1,13.372,0.3614
2:12,2,12,7,0,1,13.5035,1.8081
2:13,2,13,19,0,1,14.3697,1.5561
2:14,2,14,16,1,1,13.7232,0.2709
2:15,2,15,7,3,1,14.8368,2.2364
2:16,2,16,11,0,1,16.2529,0.6681
2:17,2,17,17,6,1,15.6454,0.2027
2:18,2,18,6,2,0,-3.6032,1.6446
2:19,2,19,19,4,1,19.2828,0.0908
2:20,2,20,25,4,1,19.3635,0.6083
2:21,2,21,11,6,1,15.368,2.4223
2:22,2,22,23,4,1,19.5516,1.2989
2:23,2,23,20,4,1,18.0948,-0.2105
2:24,2,24,13,0,1,15.5579,0.3046
2:25,2,25,34,4,1,17.7393,0.4128
2:26,2,26,39,4,1,19.4749,0.3556
2:27,2,27,20,4,1,18.4961,0.435
2:28,2,28,13,6,1,15.6727,3.4206
2:29,2,29,19,6,1,15.8454,3.9176
2:30,2,30,28,4,1,19.3892,0.7185
2:31,2,31,15,6,1,15.5129,3.4733
2:32,2,32,12,6,1,14.0697,1.4608
2:33,2,33,22,4,1,19.4303,0.7805
2:34,2,34,13,1,1,13.6582,0.0872
2:35,2,35,18,1,1,14.1753,0.1189
2:36,2,36,19,4,1,19.2008,0.118
2:37,2,37,11,6,1,14.5332,3.7455
2:38,2,38,17,1,1,14.262,0.5971
2:39,2,39,10,0,1,15.6644,-0.1972
2:40,2,40,13,6,1,14.6286,2.3613
2:41,2,41,18,4,1,19.1928,0.2246
2:42,2,42,8,0,1,14.4,1.9934
2:43,2,43,7,3,1,14.5678,1.98
2:44,2,44,10,6,1,14.5011,2.5272
2:45,2,45,8,0,1,14.5273,1.8925
2:46,2,46,8,0,1,15.6542,1.7717
2:47,2,47,11,6,1,14.6417,2.3721
2:48,2,48,19,0,1,14.8522,1.4952
2:49,2,49,18,4,1,18.8367,-0.2944
2:50,2,50,10,2,0,-4.1468,2.1371
2:51,2,51,12,1,1,13.5072,0.6139
2:52,2,52,8,1,1,12.694,0.8396
2:53,2,53,7,1,1,12.4049,0.2861
2:54,2,54,26,4,1,19.5104,-0.7745
2:55,2,55,14,1,1,13.8982,0.7804
2:56,2,56,7,3,1,13.4451,2.5374
2:57,2,57,18,4,1,18.2948,-0.2508
2:58,2,58,20,4,1,18.955,-0.2524
2:59,2,59,18,1,1,13.9361,0.1295
2:60,2,60,28,4,1,19.484,-0.6741
2:61,2,61,59,4,1,19.7035,-0.1164
2:62,2,62,24,4,1,18.6093,0.618
2:63,2,63,15,1,1,13.3627,0.2969
2:64,2,64,13,6,1,15.2664,1.8055
2:65,2,65,12,1,1,13.6554,0.3012
2:66,2,66,9,1,1,13.2646,0.6887
2:67,2,67,20,4,1,19.3391,-0.8367
2:68,2,68,23,4,1,17.9602,0.534
2:69,2,69,18,6,1,14.0603,0.4895
2:70,2,70,17,6,1,13.9454,0.3659
2:71,2,71,24,4,1,19.3097,0.047
2:72,2,72,10,6,1,15.3422,1.158
2:73,2,73,11,1,1,13.7286,0.4107
2:74,2,74,37,4,1,19.6191,0.1059
2:75,2,75,19,6,1,14.6117,1.3593
2:76,2,76,23,4,1,19.1291,0.3658
2:77,2,77,9,3,1,14.9045,3.0923
2:78,2,78,11,0,1,14.2995,1.9002
2:79,2,79,24,4,1,18.733,-0.0174
2:80,2,80,23,4,1,18.7935,0.0153
2:81,2,81,13,6,1,15.9189,0.1516
2:82,2,82,10,0,1,16.7579,0.9077
2:83,2,83,29,4,1,18.9605,-0.565
2:84,2,84,15,1,1,13.3132,0.459
2:85,2,85,49,4,1,19.8731,-0.213
2:86,2,86,13,6,1,15.9852,0.4436
2:87,2,87,28,4,1,19.6594,-0.6465
2:88,2,88,10,1,1,13.5835,0.3481
2:89,2,89,26,4,1,18.9922,-0.1638
2:90,2,90,27,4,1,19.3471,0.1036
2:91,2,91,30,4,1,18.9752,-0.3125
2:92,2,92,11,1,1,13.8933,0.9253
2:93,2,93,27,4,1,18.9364,-0.5726
2:94,2,94,17,6,1,15.1822,1.3829
2:95,2,95,9,6,1,15.374,2.783
2:96,2,96,25,4,1,18.8874,0.0119
2:97,2,97,18,6,1,15.5824,2.2267
2:98,2,98,12,6,1,15.2447,1.1248
2:99,2,99,10,1,1,13.0568,0.8577
2:100,2,100,10,0,1,14.2441,1.7308
2:101,2,101,22,4,1,18.4301,0.0003
2:102,2,102,74,4,1,19.8621,-0.2582
2:103,2,103,12,0,1,14.7644,1.7561
2:104,2,104,12,1,1,14.8193,0.2959
2:105,2,105,25,4,1,19.2409,0.4613
2:106,2,106,19,6,1,15.4769,3.0666
2:107,2,107,17,6,1,15.8577,3.4424
2:108,2,108,18,6,1,15.5978,1.1297
2:109,2,109,33,4,1,19.1512,0.0483
2:110,2,110,17,6,1,15.1547,2.0799
2:111,2,111,18,0,1,16.9281,0.6196
2:112,2,112,17,6,1,16.1737,1.9359
2:113,2,113,31,4,1,20.0178,-0.1633
2:114,2,114,30,4,1,19.0259,0.4138
2:115,2,115,12,6,1,15.1416,3.6258
2:116,2,116,14,6,1,14.7358,2.2722
2:117,2,117,11,6,1,15.589,3.6983
2:118,2,118,24,4,1,19.1396,-0.0442
2:119,2,119,10,1,1,12.604,1.2611
2:120,2,120,31,4,1,19.1448,0.3707
2:121,2,121,15,4,1,18.5325,-0.0503
2:122,2,122,11,6,1,14.6956,2.488
2:123,2,123,18,0,1,14.7879,1.5674
2:124,2,124,19,4,1,18.7144,1.0044
2:125,2,125,22,4,1,18.9184,-0.5851
2:126,2,126,30,4,1,19.571,-0.2349
2:127,2,127,14,6,1,14.8768,2.8597
2:128,2,128,17,6,1,15.4487,2.6362
2:129,2,129,16,6,1,18.2782,0.1088
2:130,2,130,18,4,1,18.6457,1.0711
2:131,2,131,9,3,1,13.8823,2.8051
2:132,2,132,16,6,1,15.4793,2.2506
2:133,2,133,27,2,0,-4.2122,1.8199
2:134,2,134,15,0,1,14.1391,1.7475
2:135,2,135,15,0,1,14.1103,1.1662
2:136,2,136,31,4,1,19.138,-0.5394
2:137,2,137,19,4,1,18.6795,0.6493
2:138,2,138,10,6,1,15.6884,2.0678
2:139,2,139,14,1,1,13.8105,0.3955
2:140,2,140,30,4,1,19.2079,-0.3585
2:141,2,141,15,0,1,14.0771,1.8134
2:142,2,142,21,4,1,19.2679,0.3785
2:143,2,143,45,4,1,19.3274,-0.0202
2:144,2,144,34,4,1,19.3426,0.3992
2:145,2,145,32,4,1,18.795,0.008
2:146,2,146,14,4,1,18.4815,0.1393
2:147,2,147,7,3,1,14.5546,3.1477
2:148,2,148,19,6,1,15.4031,3.1319
2:149,2,149,17,6,1,15.2369,2.8467
2:150,2,150,31,4,1,19.1776,0.4375
2:151,2,151,17,4,1,18.5659,-0.2052
2:152,2,152,6,2,0,-3.7634,1.7162
2:153,2,153,10,6,1,15.511,2.2175
2:154,2,154,13,6,1,15.6191,1.2986
2:155,2,155,12,1,1,13.1527,0.7325
2:156,2,156,10,1,1,14.5794,0.2875
2:157,2,157,9,6,1,16.4265,0.9689
2:158,2,158,24,4,1,18.7986,0.9536
2:159,2,159,20,4,1,18.5109,0.1096
2:160,2,160,11,6,1,16.6964,1.7145
2:161,2,161,13,6,1,16.0007,0.5653
2:162,2,162,9,0,1,15.2615,0.5452
2:163,2,163,9,3,1,14.9482,3.8883
2:164,2,164,43,4,1,19.3826,1.4206
2:165,2,165,31,4,1,18.9099,0.3646
2:166,2,166,12,0,1,15.3878,0.4247
2:167,2,167,23,4,1,18.7998,-0.2464
2:168,2,168,16,6,1,15.5316,1.9755
2:169,2,169,11,6,1,14.9377,2.3048
2:170,2,170,22,4,1,18.6398,-0.2563
2:171,2,171,18,0,1,14.9723,0.8753
2:172,2,172,14,6,1,15.5451,2.0665
2:173,2,173,25,4,1,19.5348,0.9628
2:174,2,174,29,4,1,18.7363,0.0521
2:175,2,175,11,6,1,16.0168,0.3355
2:176,2,176,14,6,1,14.1503,2.9119
2:177,2,177,51,4,1,19.9553,-0.1683
2:178,2,178,37,4,1,19.7418,-0.1304
2:179,2,179,8,6,1,16.3813,1.1849
2:180,2,180,16,4,1,18.6531,0.34
2:181,2,181,13,6,1,15.7224,2.3886
2:182,2,182,16,6,1,16.4272,2.1564
2:183,2,183,14,6,1,14.3827,2.677
2:184,2,184,32,4,1,19.2198,0.6492
2:185,2,185,44,4,1,19.3532,0.7109
2:186,2,186,17,0,1,14.8183,1.7251
2:187,2,187,65,4,1,19.93,-0.1278
2:188,2,188,17,4,1,19.0028,0.7295
2:189,2,189,27,4,1,19.6257,0.043
2:190,2,190,13,6,1,15.8022,1.3721
2:191,2,191,25,4,1,19.5225,-0.3726
2:192,2,192,6,3,1,16.7673,2.5411
2:193,2,193,15,6,1,15.3185,1.3744
2:194,2,194,22,4,1,19.4151,0.6778
2:195,2,195,14,6,1,15.35,2.105
2:196,2,196,73,4,1,19.9776,0.0083
2:197,2,197,29,4,1,19.2166,0.4728
2:198,2,198,26,4,1,20.1502,-0.111
2:199,2,199,12,6,1,16.7897,2.4414
2:200,2,200,24,4,1,19.1617,0.6309
2:201,2,201,14,1,1,14.5377,0.2105
2:202,2,202,8,6,1,16.3685,0.9562
2:203,2,203,25,4,1,18.9455,0.7362
2:204,2,204,17,6,1,16.1699,1.6885
2:205,2,205,14,6,1,15.6297,2.0491
2:206,2,206,12,6,1,14.7779,2.5707
2:207,2,207,11,6,1,16.0025,2.1701
2:208,2,208,15,6,1,15.6858,1.6339
2:209,2,209,12,3,1,15.2625,3.1172
2:210,2,210,17,6,1,15.5695,1.9005
2:211,2,211,20,6,1,15.4093,2.3881
2:212,2,212,20,4,1,19.17,0.8065
2:213,2,213,49,4,1,20.006,-0.1085
2:214,2,214,30,4,1,17.9885,0.3764
2:215,2,215,22,4,1,19.4767,0.436
2:216,2,216,25,4,1,18.9969,0.1175
2:217,2,217,57,4,1,19.7878,-0.3237
2:218,2,218,16,6,1,16.7241,1.3252
2:219,2,219,26,4,1,19.5085,0.439
2:220,2,220,26,4,1,19.7522,0.4
2:221,2,221,39,4,1,19.2622,0.3701
2:222,2,222,27,4,1,20.3528,0.3853
2:223,2,223,16,4,1,18.9932,0.947
2:224,2,224,14,6,1,15.3355,2.4094
2:225,2,225,14,6,1,16.508,2.4981
2:226,2,226,13,6,1,16.774,2.3807
2:227,2,227,7,3,1,15.0931,3.0376
2:228,2,228,40,4,1,20.1342,0.24
2:229,2,229,46,4,1,20.1071,0.1828
2:230,2,230,30,4,1,19.963,0.5074
2:231,2,231,45,4,1,20.3272,0.3087
2:232,2,232,33,4,1,20.3088,0.3218
2:233,2,233,64,4,1,20.134,-0.1085
2:234,2,234,25,4,1,19.965,0.098
2:235,2,235,47,4,1,20.2411,0.2013
2:236,2,236,25,4,1,20.362,0.3471
2:237,2,237,35,4,1,19.859,0.115
2:238,2,238,8,3,1,14.7716,2.1297
2:239,2,239,15,6,1,15.1305,2.2672
2:240,2,240,27,4,1,19.8404,0.1842
2:241,2,241,6,3,1,12.8077,2.7837
2:242,2,242,7,3,1,15.0428,2.8464
2:243,2,243,28,4,1,18.8418,0.2349
2:244,2,244,9,3,1,15.269,2.4954
2:245,2,245,16,6,1,16.3777,2.1053
2:246,2,246,54,4,1,19.7173,-0.3182
2:247,2,247,43,4,1,19.7074,0.5846
2:248,2,248,30,4,1,19.5721,0.2327
2:249,2,249,60,4,1,19.8733,-0.1289
2:250,2,250,15,1,1,14.4253,0.4465
2:251,2,251,27,4,1,19.4142,-0.2527
2:252,2,252,9,3,1,14.7669,2.6954
2:253,2,253,52,4,1,19.7693,-0.3338
2:254,2,254,21,4,1,18.3177,0.5068
2:255,2,255,50,4,1,19.4477,1.0228
2:256,2,256,24,4,1,19.137,0.4758
2:257,2,257,24,4,1,18.4883,0.4904
2:258,2,258,43,4,1,19.6651,0.2818
2:259,2,259,67,4,1,20.1283,-0.0667
2:260,2,260,39,4,1,19.8649,0.0851
2:261,2,261,24,4,1,19.7436,0.6056
2:262,2,262,24,4,1,19.4716,0.4746
2:263,2,263,11,6,1,16.7239,2.5625
2:264,2,264,38,4,1,19.2666,-0.1116
2:265,2,265,27,4,1,19.7389,0.5167
2:266,2,266,35,4,1,19.7602,0.398
2:267,2,267,29,4,1,19.2508,0.506
2:268,2,268,13,6,1,16.5447,2.1785
2:269,2,269,16,6,1,16.246,1.9138
2:270,2,270,15,6,1,15.0965,2.3973
2:271,2,271,20,4,1,18.8971,0.6418
2:272,2,272,28,4,1,20.0575,-0.0301
2:273,2,273,30,4,1,19.1481,0.2711
2:274,2,274,17,6,1,18.3058,0.8438
2:275,2,275,45,4,1,19.741,0.3262
2:276,2,276,11,6,1,15.3434,3.5628
2:277,2,277,19,4,1,18.2343,0.7579
2:278,2,278,13,6,1,15.4139,2.0665
2:279,2,279,17,6,1,15.1682,1.9011
2:280,2,280,14,0,1,14.2201,1.7052
2:281,2,281,15,6,1,14.6285,1.6817
2:282,2,282,128,4,1,19.9035,-0.1368
2:283,2,283,32,4,1,19.2436,0.207
2:284,2,284,28,4,1,19.489,0.9844
2:285,2,285,27,4,1,18.7691,-0.1608
2:286,2,286,49,4,1,19.3219,0.0755
3:1,3,1,1,7,1,8.5418,4.5159
3:2,3,2,7,3,1,15.2354,3.8756
3:3,3,3,11,6,1,14.079,2.9996
3:4,3,4,18,6,1,15.8801,0.7006
3:5,3,5,11,6,1,15.5537,3.6826
3:6,3,6,13,6,1,15.5706,4.1149
3:7,3,7,46,4,1,18.9097,0.0213
3:8,3,8,15,1,1,15.5929,2.7705
3:9,3,9,13,6,1,15.6639,2.9015
3:10,3,10,16,6,1,15.9236,0.3824
3:11,3,11,14,6,1,15.506,-0.3533
3:12,3,12,9,6,1,15.3007,0.9347
3:13,3,13,29,4,1,19.5369,-0.1624
3:14,3,14,24,4,1,19.4891,0.6612
3:15,3,15,24,4,1,17.8038,0.5286
3:16,3,16,11,1,1,14.474,0.1241
3:17,3,17,6,6,1,15.3462,2.3458
3:18,3,18,18,6,1,15.3693,3.5423
3:19,3,19,26,4,1,18.7358,0.2622
3:20,3,20,26,4,1,19.0848,0.1866
3:21,3,21,18,4,1,18.5714,0.0787
3:22,3,22,11,6,1,16.2637,0.8229
3:23,3,23,20,6,1,17.9503,0.2854
3:24,3,24,15,0,1,15.396,0.1207
3:25,3,25,15,0,1,14.5484,1.4686
3:26,3,26,25,4,1,18.8986,1.2036
3:27,3,27,21,4,1,19.311,1.7439
3:28,3,28,27,4,1,19.0533,-0.035
3:29,3,29,22,6,1,15.7239,3.4231
3:30,3,30,26,4,1,19.3494,0.2372
3:31,3,31,14,6,1,16.788,2.5287
3:32,3,32,11,6,1,15.2716,0.9954
3:33,3,33,11,6,1,15.2689,3.3656
3:34,3,34,7,3,1,14.9088,3.4401
3:35,3,35,18,6,1,15.0694,2.8981
3:36,3,36,24,4,1,20.3555,0.3371
3:37,3,37,34,4,1,19.7385,0.5329
3:38,3,38,15,6,1,14.7268,2.9897
3:39,3,39,20,4,1,19.1734,0.7171
3:40,3,40,17,6,1,15.0697,2.8798
3:41,3,41,20,4,1,18.981,0.8415
3:42,3,42,12,6,1,15.2175,3.1881
3:43,3,43,7,3,1,14.061,3.8048
3:44,3,44,20,4,1,18.3896,0.3115
3:45,3,45,20,4,1,19.7503,-0.7012
3:46,3,46,7,0,1,13.3359,2.5885
3:47,3,47,23,4,1,19.6225,0.2857
3:48,3,48,5,3,1,14.0463,3.2881
3:49,3,49,45,4,1,19.7008,0.1442
3:50,3,50,19,4,1,18.6945,0.9691
3:51,3,51,8,3,1,14.677,3.49
3:52,3,52,20,4,1,18.7756,-0.3574
3:53,3,53,9,1,1,12.8526,0.2084
3:54,3,54,6,3,1,14.6389,1.9312
3:55,3,55,30,4,1,20.0931,0.1147
3:56,3,56,13,0,1,15.6937,0.534
3:57,3,57,11,0,1,16.5117,1.6161
3:58,3,58,7,3,1,14.3928,2.666
3:59,3,59,15,6,1,15.2728,1.9211
3:60,3,60,7,3,1,14.4633,3.1869
3:61,3,61,25,4,1,19.0831,0.2231
3:62,3,62,15,6,1,15.3224,3.4255
3:63,3,63,6,3,1,15.0335,3.2442
3:64,3,64,31,4,1,19.0095,0.0213
3:65,3,65,15,6,1,14.4631,2.6493
3:66,3,66,19,4,1,16.4439,3.0387
3:67,3,67,14,0,1,14.2344,2.8404
3:68,3,68,13,6,1,15.2677,2.3827
3:69,3,69,13,0,1,15.4827,1.4112
3:70,3,70,8,3,1,14.5161,2.6974
3:71,3,71,10,6,1,14.3421,2.6565
3:72,3,72,17,6,1,15.5947,1.2442
3:73,3,73,32,4,1,19.3082,0.4665
3:74,3,74,8,6,1,16.075,2.8146
3:75,3,75,36,4,1,19.2752,-0.2893
3:76,3,76,9,6,1,15.6943,2.5147
3:77,3,77,27,4,1,18.5947,0.4478
3:78,3,78,29,4,1,18.7979,-0.018
3:79,3,79,28,4,1,19.1053,0.038
3:80,3,80,13,1,1,14.8543,1.5033
3:81,3,81,33,4,1,18.9294,-0.3709
3:82,3,82,7,3,1,16.3358,0.9721
3:83,3,83,14,6,1,15.5213,3.5002
3:84,3,84,29,4,1,19.1068,-0.4591
3:85,3,85,13,2,0,-4.1256,1.7742
3:86,3,86,18,4,1,18.7713,-0.7209
3:87,3,87,9,6,1,16.3995,0.9079
3:88,3,88,9,0,1,15.2552,0.4908
3:89,3,89,11,6,1,16.7507,2.3196
3:90,3,90,14,0,1,15.833,0.5679
3:91,3,91,24,4,1,18.6603,0.0166
3:92,3,92,15,6,1,15.4794,2.5053
3:93,3,93,24,4,1,19.2704,-0.1731
3:94,3,94,11,6,1,15.5627,-0.3316
3:95,3,95,11,6,1,14.4314,2.9149
3:96,3,96,10,6,1,16.3227,0.9542
3:97,3,97,25,4,1,19.1391,0.1749
3:98,3,98,12,6,1,14.6806,2.8293
3:99,3,99,19,6,1,17.691,0.6328
3:100,3,100,14,6,1,15.354,1.416
3:101,3,101,17,4,1,18.5559,0.8591
3:102,3,102,12,6,1,15.5626,2.0918
3:103,3,103,34,4,1,19.7659,0.1102
3:104,3,104,14,0,1,16.3096,0.8892
3:105,3,105,14,0,1,15.8211,0.5242
3:106,3,106,17,4,1,16.4133,0.3351
3:107,3,107,10,0,1,16.0486,1.8435
3:108,3,108,11,6,1,14.6809,2.7957
3:109,3,109,11,6,1,15.485,3.8909
3:110,3,110,23,4,1,18.7037,0.3433
3:111,3,111,11,0,1,15.3077,1.0374
3:112,3,112,35,4,1,19.6635,-0.123
3:113,3,113,14,6,1,14.7129,2.3953
3:114,3,114,15,4,1,18.3759,0.5757
3:115,3,115,9,0,1,15.3599,2.1809
3:116,3,116,18,4,1,16.3855,0.2536
3:117,3,117,23,4,1,19.7994,0.5281
3:118,3,118,30,4,1,19.2463,0.2206
3:119,3,119,27,4,1,19.1481,0.3549
3:120,3,120,21,4,1,18.8472,0.7212
3:121,3,121,11,6,1,15.2106,2.5744
3:122,3,122,12,6,1,15.2599,2.3854
3:123,3,123,10,6,1,15.2652,2.0736
3:124,3,124,13,6,1,15.0834,2.7225
3:125,3,125,15,6,1,15.3651,2.3727
3:126,3,126,17,6,1,15.5228,3.2436
3:127,3,127,9,0,1,15.1279,0.5045
3:128,3,128,12,0,1,14.313,3.0571
3:129,3,129,16,6,1,16.6254,2.7801
3:130,3,130,12,6,1,15.6626,2.0108
3:131,3,131,5,0,1,15.4593,0.3056
3:132,3,132,5,3,1,14.9017,2.1398
3:133,3,133,11,6,1,16.4208,3.0845
3:134,3,134,13,6,1,15.9496,1.8711
3:135,3,135,23,4,1,19.4391,0.8708
3:136,3,136,15,6,1,16.5388,0.9226
3:137,3,137,13,0,1,14.5129,-0.6102
3:138,3,138,6,3,1,13.3709,2.7536
3:139,3,139,9,0,1,13.6917,2.0038
3:140,3,140,24,4,1,19.302,0.2139
3:141,3,141,6,3,1,15.1556,1.0141
3:142,3,142,13,6,1,17.0921,0.6515
3:143,3,143,12,0,1,13.314,2.1192
3:144,3,144,27,4,1,19.6471,-0.1871
3:145,3,145,24,4,1,18.9116,0.657
3:146,3,146,21,6,1,15.9722,1.0328
3:147,3,147,19,4,1,18.877,-0.0242
3:148,3,148,10,6,1,15.8443,2.2894
3:149,3,149,12,6,1,15.3812,1.2382
3:150,3,150,6,3,1,14.9752,3.5176
3:151,3,151,19,4,1,18.0779,0.0222
3:152,3,152,40,4,1,19.4842,0.4614
3:153,3,153,25,4,1,19.2902,0.6567
3:154,3,154,75,4,1,19.8693,-0.3323
3:155,3,155,21,4,1,18.73,0.7007
3:156,3,156,36,4,1,19.5144,-0.1805
3:157,3,157,14,6,1,15.7921,1.1614
3:158,3,158,7,3,1,15.6435,1.2367
3:159,3,159,30,4,1,19.4495,0.54
3:160,3,160,18,6,1,16.0866,2.6202
3:161,3,161,21,4,1,18.5567,0.8552
3:162,3,162,13,6,1,15.7889,2.405
3:163,3,163,8,0,1,14.9012,2.1218
3:164,3,164,25,4,1,18.6063,0.4037
3:165,3,165,20,4,1,18.9765,0.9246
3:166,3,166,9,6,1,15.3096,2.5312
3:167,3,167,33,4,1,19.5551,-0.2999
3:168,3,168,16,0,1,14.8224,0.89
3:169,3,169,13,6,1,15.8269,1.2511
3:170,3,170,19,4,1,18.4315,0.7231
3:171,3,171,11,6,1,15.9276,1.933
3:172,3,172,15,6,1,16.4545,1.8045
3:173,3,173,17,6,1,15.4147,1.7474
3:174,3,174,15,6,1,15.3264,2.0105
3:175,3,175,11,6,1,15.6352,1.7519
3:176,3,176,22,4,1,18.4107,0.321
3:177,3,177,12,6,1,15.8519,0.6499
3:178,3,178,17,6,1,15.6573,0.5821
3:179,3,179,36,4,1,19.433,0.7297
3:180,3,180,30,4,1,19.2906,0.4169
3:181,3,181,22,4,1,18.6765,-0.1095
3:182,3,182,9,6,1,14.6421,3.1682
3:183,3,183,28,4,1,19.3961,-0.1705
3:184,3,184,12,6,1,15.2219,-0.4987
3:185,3,185,23,4,1,18.8073,0.6379
3:186,3,186,24,4,1,18.6945,0.2287
3:187,3,187,21,4,1,18.7715,-0.3192
3:188,3,188,20,4,1,18.3757,0.497
3:189,3,189,9,3,1,15.2709,3.862
3:190,3,190,11,6,1,15.775,3.6032
3:191,3,191,21,4,1,19.1773,0.7481
3:192,3,192,11,6,1,15.7543,0.144
3:193,3,193,20,4,1,19.0198,0.3506
3:194,3,194,14,6,1,15.5489,2.671
3:195,3,195,43,4,1,19.8011,-0.0315
3:196,3,196,7,0,1,15.1471,0.9664
3:197,3,197,7,3,1,12.9559,2.9542
3:198,3,198,21,4,1,17.5146,0.5413
3:199,3,199,30,4,1,18.6519,-0.0094
3:200,3,200,10,6,1,15.5342,2.0741
4:1,4,1,28,4,1,19.2732,1.1985
4:2,4,2,16,4,1,19.1082,0.514
4:3,4,3,28,4,1,20.336,0.3405
4:4,4,4,14,0,1,13.9092,0.8677
4:5,4,5,16,6,1,15.2055,2.024
4:6,4,6,37,4,1,19.766,-0.2053
4:7,4,7,19,4,1,20.1284,0.1831
4:8,4,8,13,0,1,13.6645,0.8194
4:9,4,9,15,6,1,15.582,1.9777
4:10,4,10,13,0,1,15.6272,0.3858
4:11,4,11,71,4,1,20.1387,-0.0865
4:12,4,12,88,4,1,20.1711,-0.1187
4:13,4,13,18,6,1,17.354,0.5225
4:14,4,14,13,6,1,16.0334,1.0172
4:15,4,15,22,4,1,20.2273,0.2118
4:16,4,16,14,6,1,16.5084,2.082
4:17,4,17,20,4,1,18.4591,0.7817
4:18,4,18,24,4,1,18.7905,0.025
4:19,4,19,34,4,1,20.3132,0.3461
4:20,4,20,17,4,1,19.2374,0.1106
4:21,4,21,11,0,1,14.1805,1.5518
4:22,4,22,17,0,1,15.0562,2.0726
4:23,4,23,54,4,1,20.1034,-0.1816
4:24,4,24,42,4,1,20.2721,0.1015
4:25,4,25,58,4,1,20.0491,-0.0774
4:26,4,26,14,6,1,15.2865,3.0418
4:27,4,27,13,6,1,15.6736,2.5727
4:28,4,28,8,3,1,15.4786,3.2258
4:29,4,29,23,4,1,19.2561,0.4395
4:30,4,30,13,6,1,15.8046,0.2417
4:31,4,31,12,1,1,13.4229,0.5973
4:32,4,32,27,4,1,20.1399,0.4072
4:33,4,33,19,4,1,18.8126,-0.5518
4:34,4,34,40,4,1,20.3373,0.352
4:35,4,35,22,4,1,18.8616,0.6399
4:36,4,36,32,4,1,19.7946,0.0432
4:37,4,37,15,4,1,16.0723,0.5443
4:38,4,38,18,4,1,18.119,0.7506
4:39,4,39,15,0,1,14.9504,1.8278
4:40,4,40,15,6,1,16.3123,2.2385
4:41,4,41,12,1,1,12.9033,0.4345
4:42,4,42,14,6,1,15.7538,0.7221
4:43,4,43,48,4,1,19.7861,0.1621
4:44,4,44,14,0,1,15.598,1.4625
4:45,4,45,9,3,1,15.0464,3.1155
4:46,4,46,38,4,1,19.0753,-0.1442
4:47,4,47,28,4,1,18.8126,-0.1859
4:48,4,48,20,6,1,16.7742,2.4299
4:49,4,49,14,6,1,15.6199,2.0321
4:50,4,50,10,6,1,14.6614,-0.5809
4:51,4,51,20,4,1,17.8524,0.3047
4:52,4,52,11,6,1,16.28,1.0244
4:53,4,53,10,0,1,14.8592,1.2471
4:54,4,54,18,4,1,18.5214,0.5735
4:55,4,55,11,0,1,15.9126,1.8452
4:56,4,56,20,4,1,18.7133,-0.0432
4:57,4,57,20,4,1,17.4536,0.5264
4:58,4,58,25,4,1,19.0357,0.8641
4:59,4,59,28,4,1,18.8768,0.5398
4:60,4,60,30,4,1,19.1115,0.394
4:61,4,61,15,6,1,14.5995,1.7442
4:62,4,62,16,6,1,14.8765,1.659
4:63,4,63,16,6,1,16.2538,1.1713
4:64,4,64,23,4,1,18.8831,-0.2759
4:65,4,65,19,6,1,16.4985,3.0585
4:66,4,66,27,4,1,18.8913,-0.3239
4:67,4,67,6,1,1,16.182,2.2652
4:68,4,68,3,7,1,11.8813,2.2332
4:69,4,69,18,4,1,18.521,0.7051
4:70,4,70,7,3,1,14.9511,3.2331
4:71,4,71,10,0,1,15.2115,1.0597
4:72,4,72,17,6,1,15.6238,2.1468
4:73,4,73,18,4,1,19.5752,0.5539
4:74,4,74,21,4,1,19.5277,-0.0123
4:75,4,75,31,4,1,19.5996,0.0658
4:76,4,76,20,4,1,19.5273,-0.1381
4:77,4,77,48,4,1,19.3789,-0.2761
4:78,4,78,36,4,1,19.3387,0.0363
4:79,4,79,18,6,1,15.8534,2.2537
4:80,4,80,12,6,1,15.7017,2.128
4:81,4,81,24,4,1,19.3308,0.2302
4:82,4,82,13,6,1,14.9946,1.3994
4:83,4,83,30,4,1,19.4274,0.0368
4:84,4,84,22,4,1,19.4015,0.0791
4:85,4,85,22,4,1,18.4149,0.9253
4:86,4,86,15,6,1,15.4973,2.8069
4:87,4,87,17,6,1,15.3814,3.2009
4:88,4,88,22,4,1,19.0939,0.5503
4:89,4,89,28,4,1,19.1844,0.0452
4:90,4,90,36,4,1,19.8169,-0.2673
4:91,4,91,32,4,1,19.4487,-0.2966
4:92,4,92,60,4,1,19.8351,-0.2498
4:93,4,93,16,6,1,15.9207,0.986
4:94,4,94,39,4,1,19.4794,0.2443
4:95,4,95,33,4,1,19.6271,0.1586
4:96,4,96,8,3,1,16.7505,2.5708
4:97,4,97,27,4,1,19.7099,-0.0321
4:98,4,98,12,0,1,15.0734,2.1071
4:99,4,99,10,3,1,16.7244,2.359
4:100,4,100,31,4,1,18.3197,0.5261
4:101,4,101,23,4,1,19.1613,-0.2743
4:102,4,102,62,4,1,20.003,-0.1205
4:103,4,103,20,4,1,19.0569,0.5867
4:104,4,104,22,4,1,18.6445,0.8387
4:105,4,105,15,6,1,14.1785,2.8747
4:106,4,106,7,3,1,16.8342,2.568
4:107,4,107,14,6,1,15.6101,2.3018
4:108,4,108,21,4,1,18.7814,0.4567
4:109,4,109,18,6,1,18.2402,0.8017
4:110,4,110,13,6,1,16.8,2.5231
4:111,4,111,11,6,1,15.7446,2.745
4:112,4,112,14,6,1,15.4857,2.283
4:113,4,113,33,4,1,19.4441,0.4788
4:114,4,114,26,4,1,18.9393,0.7461
4:115,4,115,20,4,1,18.5691,0.6924
4:116,4,116,20,6,1,16.7226,2.5247
4:117,4,117,11,0,1,15.5215,1.4754
4:118,4,118,8,3,1,14.9661,3.1629
4:119,4,119,21,4,1,19.7458,0.384
4:120,4,120,7,0,1,15.3964,1.4624
4:121,4,121,7,0,1,16.2596,0.7884
4:122,4,122,21,4,1,17.4401,0.5269
4:123,4,123,20,4,1,20.0715,-0.2861
4:124,4,124,16,6,1,17.0656,0.791
4:125,4,125,17,6,1,16.1201,1.9324
4:126,4,126,12,3,1,15.5228,3.8675
4:127,4,127,40,4,1,20.3472,0.3258
4:128,4,128,29,4,1,20.2712,0.3717
4:129,4,129,22,4,1,20.251,0.4175
4:130,4,130,11,6,1,15.3206,3.3529
4:131,4,131,32,4,1,19.2951,1.1138
4:132,4,132,10,3,1,15.5383,3.835
4:133,4,133,12,6,1,15.5793,2.7364
4:134,4,134,14,6,1,15.9512,2.2523
4:135,4,135,37,4,1,19.5731,0.0334
4:136,4,136,28,4,1,18.7835,0.0282
4:137,4,137,20,6,1,16.1002,0.4984
4:138,4,138,6,0,1,15.1256,0.3266
4:139,4,139,14,6,1,15.3697,0.8722
4:140,4,140,33,4,1,19.1849,-0.0884
4:141,4,141,36,4,1,19.3268,-0.1912
4:142,4,142,19,4,1,17.7077,0.8331
4:143,4,143,16,6,1,15.6882,1.1259
4:144,4,144,17,6,1,17.8871,0.1991
4:145,4,145,11,6,1,15.6044,0.2656
4:146,4,146,18,4,1,18.3478,0.6836
4:147,4,147,11,6,1,16.0832,1.8408
4:148,4,148,14,6,1,15.9112,2.7138
4:149,4,149,14,6,1,16.3132,2.5838
4:150,4,150,22,4,1,18.3252,0.462
4:151,4,151,8,1,1,15.1234,0.1066
4:152,4,152,17,4,1,18.2934,0.6248
4:153,4,153,37,4,1,19.3436,-0.4865
4:154,4,154,19,4,1,18.8282,-0.5807
4:155,4,155,22,4,1,18.9204,-0.4417
4:156,4,156,6,2,0,-4.0553,2.0066
4:157,4,157,34,4,1,19.8501,-0.5857
4:158,4,158,8,3,1,15.1273,3.6054
4:159,4,159,14,6,1,14.2305,2.6854
4:160,4,160,14,1,1,14.3573,0.3679
4:161,4,161,14,1,1,14.8988,0.3592
4:162,4,162,26,4,1,19.0928,0.2962
4:163,4,163,25,4,1,19.2265,-0.569
4:164,4,164,14,6,1,14.6594,2.4161
4:165,4,165,15,6,1,15.4599,3.236
4:166,4,166,13,6,1,15.2388,2.9801
4:167,4,167,11,0,1,15.7759,0.7456
4:168,4,168,12,0,1,15.816,0.7162
4:169,4,169,11,6,1,14.9974,2.7153
4:170,4,170,23,4,1,18.865,0.7815
4:171,4,171,53,4,1,19.9348,-0.4652
4:172,4,172,18,4,1,19.3897,-0.0339
4:173,4,173,26,4,1,18.6499,0.3815
4:174,4,174,11,6,1,15.1835,2.6172
4:175,4,175,15,6,1,16.6187,1.3197
4:176,4,176,50,4,1,20.2021,0.1014
5:1,5,1,23,4,1,19.2688,0.6499
5:2,5,2,52,4,1,19.9648,0.0555
5:3,5,3,61,4,1,20.0841,-0.1311
5:4,5,4,31,4,1,19.4135,0.7631
5:5,5,5,43,4,1,19.9891,-0.0721
5:6,5,6,61,4,1,20.0995,-0.1178
5:7,5,7,19,4,1,18.6351,0.993
5:8,5,8,26,4,1,19.3212,0.3165
5:9,5,9,10,6,1,16.5186,1.6903
5:10,5,10,7,0,1,15.4762,-0.2677
5:11,5,11,23,4,1,18.7948,0.7846
5:12,5,12,45,4,1,19.8157,-0.1524
5:13,5,13,32,4,1,19.0389,-0.2849
5:14,5,14,25,4,1,18.9532,-0.4249
5:15,5,15,23,4,1,18.5826,-0.0668
5:16,5,16,18,4,1,19.0478,0.6527
5:17,5,17,42,4,1,19.6495,-0.2253
5:18,5,18,30,4,1,19.6564,-0.0232
5:19,5,19,28,4,1,18.5602,-0.1473
5:20,5,20,22,4,1,19.3684,-0.7552
5:21,5,21,14,6,1,16.547,0.8317
5:22,5,22,17,1,1,13.8306,0.6524
5:23,5,23,21,4,1,18.5329,0.3663
5:24,5,24,16,1,1,13.8392,0.5952
5:25,5,25,13,1,1,13.7165,0.6381
5:26,5,26,14,6,1,13.7684,1.4838
5:27,5,27,24,4,1,19.6902,-0.1023
5:28,5,28,16,6,1,15.6148,1.8517
5:29,5,29,13,6,1,15.7526,0.1409
5:30,5,30,9,0,1,14.8287,0.5774
5:31,5,31,25,4,1,19.3043,-0.687
5:32,5,32,40,4,1,19.6387,-0.3519
5:33,5,33,34,4,1,19.4711,0.0646
5:34,5,34,13,6,1,16.7384,2.3507
5:35,5,35,13,6,1,15.5695,1.9539
5:36,5,36,24,4,1,18.7292,-0.1022
5:37,5,37,12,0,1,15.6265,0.1372
5:38,5,38,13,6,1,15.2139,3.7059
5:39,5,39,14,6,1,16.7158,2.3868
5:40,5,40,19,6,1,16.4851,2.9856
5:41,5,41,67,4,1,19.5605,-0.0601
5:42,5,42,26,4,1,19.3272,0.0037
5:43,5,43,15,6,1,15.5057,3.1542
5:44,5,44,41,4,1,19.0748,-0.2155
5:45,5,45,31,4,1,19.2121,0.0553
5:46,5,46,26,4,1,19.7535,-0.7811
5:47,5,47,16,6,1,16.2744,1.2269
5:48,5,48,51,4,1,19.7801,-0.1869
5:49,5,49,33,4,1,19.4041,0.1536
5:50,5,50,10,6,1,15.6298,2.7554
5:51,5,51,22,4,1,18.8103,0.2477
5:52,5,52,28,4,1,19.0554,-0.2094
5:53,5,53,15,6,1,17.8004,0.7785
5:54,5,54,37,4,1,19.2343,0.1289
5:55,5,55,13,6,1,15.922,1.9471
5:56,5,56,11,6,1,15.99,1.7516
5:57,5,57,23,4,1,18.6612,0.2975
5:58,5,58,12,0,1,14.4472,1.4628
5:59,5,59,20,4,1,18.2784,0.0981
5:60,5,60,27,4,1,18.8845,0.6744
5:61,5,61,16,0,1,14.5688,0.8786
5:62,5,62,13,0,1,13.8876,1.3022
5:63,5,63,13,0,1,14.5039,1.7968
5:64,5,64,47,4,1,19.8799,-0.1443
5:65,5,65,12,1,1,16.7759,0.6496
5:66,5,66,24,4,1,18.5335,0.297
5:67,5,67,24,4,1,18.6798,0.2157
5:68,5,68,30,4,1,18.5965,0.1797
5:69,5,69,20,4,1,18.4632,0.7012
5:70,5,70,19,4,1,18.8607,-0.5953
5:71,5,71,19,4,1,18.7305,0.5701
5:72,5,72,33,4,1,19.8159,-0.3914
5:73,5,73,25,4,1,18.6976,0.0016
5:74,5,74,8,6,1,16.7974,2.4321
5:75,5,75,25,4,1,19.8554,-0.5252
5:76,5,76,16,6,1,15.1997,2.6926
5:77,5,77,23,4,1,18.5547,0.1242
5:78,5,78,17,0,1,15.5411,0.5511
5:79,5,79,10,0,1,13.5476,1.49
5:80,5,80,19,4,1,16.7638,0.4045
5:81,5,81,15,0,1,14.6741,1.6527
5:82,5,82,26,4,1,19.5337,-0.1488
5:83,5,83,21,4,1,18.091,-0.1942
5:84,5,84,16,1,1,13.8529,0.2239
5:85,5,85,14,6,1,16.8393,0.7021
5:86,5,86,7,0,1,15.5303,-0.3075
5:87,5,87,17,6,1,15.7191,2.1557
5:88,5,88,12,6,1,15.3622,2.0897
5:89,5,89,45,4,1,19.9336,0.0535
5:90,5,90,15,6,1,18.268,0.6397
5:91,5,91,20,4,1,19.312,0.6001
5:92,5,92,13,6,1,15.1304,1.9168
5:93,5,93,24,4,1,20.2364,-0.2254
5:94,5,94,23,4,1,18.7843,0.7937
5:95,5,95,50,4,1,19.7334,-0.2986
5:96,5,96,20,4,1,19.1389,1.1733
5:97,5,97,27,4,1,19.4752,0.8315
5:98,5,98,9,3,1,16.5756,2.5903
5:99,5,99,11,6,1,14.9892,3.2972
5:100,5,100,15,6,1,15.8502,2.9295
5:101,5,101,25,4,1,18.8541,0.9708
5:102,5,102,9,0,1,14.7599,0.7816
5:103,5,103,21,4,1,18.3974,0.3131
5:104,5,104,24,4,1,18.7179,-0.2836
5:105,5,105,19,6,1,18.4721,0.855
5:106,5,106,51,4,1,19.8868,-0.0842
5:107,5,107,26,4,1,19.9113,0.0737
5:108,5,108,22,4,1,19.4383,0.0996
5:109,5,109,15,6,1,15.0558,2.8932
5:110,5,110,63,4,1,19.9954,-0.2303
5:111,5,111,13,1,1,13.476,0.3759
5:112,5,112,21,6,1,19.7099,-0.7647
5:113,5,113,15,1,1,13.3472,0.3979
5:114,5,114,22,4,1,19.7947,-0.7725
5:115,5,115,17,6,1,15.9325,1.1842
5:116,5,116,44,4,1,19.7935,-0.6762
5:117,5,117,29,4,1,19.5718,0.3246
5:118,5,118,11,6,1,16.6151,2.3911
5:119,5,119,24,4,1,17.5921,0.4646
5:120,5,120,11,3,1,15.3728,3.9317
6:1,6,1,14,6,1,15.237,4.0264
6:2,6,2,14,6,1,15.8763,3.7088
6:3,6,3,12,6,1,15.536,3.7298
6:4,6,4,11,0,1,14.3692,1.6122
6:5,6,5,12,0,1,14.9807,-0.5433
6:6,6,6,31,4,1,18.6285,-0.3104
6:7,6,7,16,1,1,13.5042,0.9609
6:8,6,8,13,1,1,13.6374,0.4506
6:9,6,9,9,1,1,12.928,0.2562
6:10,6,10,13,0,1,14.3696,1.1691
6:11,6,11,10,0,1,14.5149,-0.6374
6:12,6,12,25,4,1,18.8606,0.888
6:13,6,13,9,3,1,15.6361,3.9178
6:14,6,14,24,4,1,19.0817,1.0567
6:15,6,15,9,3,1,15.4004,1.006
6:16,6,16,9,6,1,16.2752,1.9532
6:17,6,17,17,6,1,15.9894,2.6992
6:18,6,18,7,2,0,-3.9385,1.7656
6:19,6,19,37,4,1,19.0459,0.4994
6:20,6,20,13,6,1,15.4507,1.5785
6:21,6,21,14,6,1,15.5814,-0.3292
6:22,6,22,12,1,1,13.7422,0.8336
6:23,6,23,12,1,1,13.5673,0.3903
6:24,6,24,10,0,1,14.6118,-0.6612
6:25,6,25,32,4,1,19.1942,-0.1269
6:26,6,26,11,0,1,13.4583,1.745
6:27,6,27,16,1,1,14.2858,0.0201
6:28,6,28,16,0,1,14.9346,-0.4247
6:29,6,29,9,1,1,12.7746,0.3914
6:30,6,30,19,4,1,15.952,0.1241
6:31,6,31,26,4,1,18.9649,-0.1396
6:32,6,32,13,6,1,15.8907,2.3143
6:33,6,33,14,6,1,14.9415,-0.2993
6:34,6,34,22,4,1,18.8782,-0.074
6:35,6,35,28,4,1,19.4783,0.3838
6:36,6,36,10,6,1,15.4202,1.7277
6:37,6,37,19,6,1,14.4264,0.4908
6:38,6,38,22,4,1,18.4413,0.6374
6:39,6,39,17,6,1,15.3587,-0.4424
6:40,6,40,15,6,1,15.3538,1.1355
6:41,6,41,12,6,1,14.3962,2.3054
6:42,6,42,11,1,1,14.1603,0.8344
6:43,6,43,14,0,1,14.4494,0.715
6:44,6,44,20,4,1,18.461,-0.2905
6:45,6,45,9,6,1,15.0683,3.8895
6:46,6,46,23,4,1,19.0484,0.8536
6:47,6,47,14,6,1,15.4741,1.0527
6:48,6,48,15,1,1,12.6927,1.1499
6:49,6,49,8,0,1,15.2282,-0.5239
6:50,6,50,28,4,1,19.2191,0.9247
6:51,6,51,17,6,1,15.4668,1.8179
6:52,6,52,25,4,1,18.8781,0.5953
6:53,6,53,15,1,1,13.9731,0.4161
6:54,6,54,27,4,1,18.8947,0.3822
6:55,6,55,6,1,1,12.5086,1.0697
6:56,6,56,21,6,1,17.1845,1.7571
6:57,6,57,22,6,1,18.504,1.1577
6:58,6,58,14,6,1,14.8943,2.6926
6:59,6,59,31,4,1,18.939,0.523
6:60,6,60,22,4,1,19.2947,1.3736
6:61,6,61,17,4,1,18.6582,0.4303
6:62,6,62,12,6,1,15.2721,3.3505
6:63,6,63,17,4,1,19.0704,1.422
6:64,6,64,10,3,1,14.4779,2.9002
6:65,6,65,27,4,1,19.4439,0.0555
6:66,6,66,9,6,1,14.9618,-0.3739
6:67,6,67,5,3,1,12.7884,3.0536
6:68,6,68,23,4,1,19.5227,0.5308
6:69,6,69,12,0,1,15.4127,1.7322
6:70,6,70,45,4,1,19.5624,-0.0397
6:71,6,71,39,4,1,18.9925,-0.3062
6:72,6,72,8,0,1,14.7048,1.914
6:73,6,73,24,4,1,19.3936,1.4188
6:74,6,74,14,6,1,14.3845,2.622
6:75,6,75,9,3,1,14.9624,3.7029
6:76,6,76,15,6,1,15.605,2.7137
6:77,6,77,18,6,1,15.3889,2.9621
6:78,6,78,17,6,1,15.4285,3.1383
6:79,6,79,12,1,1,15.433,3.8778
6:80,6,80,25,4,1,19.4524,0.3828
6:81,6,81,22,4,1,19.5801,0.2314
6:82,6,82,11,0,1,16.0643,0.9044
6:83,6,83,14,6,1,14.6415,2.9466
6:84,6,84,21,4,1,19.1265,-0.6406
6:85,6,85,7,3,1,12.5206,2.7508
6:86,6,86,8,1,1,12.7247,0.7091
6:87,6,87,9,0,1,12.7793,2.1927
6:88,6,88,16,6,1,15.74,2.3475
6:89,6,89,17,4,1,18.2079,0.1345
6:90,6,90,16,6,1,16.3234,2.1339
6:91,6,91,44,4,1,19.356,-0.4436
6:92,6,92,22,4,1,18.7463,-0.1633
6:93,6,93,49,4,1,19.4274,0.0755
6:94,6,94,29,4,1,19.2803,-0.0611
6:95,6,95,17,6,1,15.5218,3.7168
6:96,6,96,12,6,1,14.9823,3.3142
6:97,6,97,16,1,1,13.5103,0.0661
6:98,6,98,13,1,1,12.9701,-0.1633
6:99,6,99,44,4,1,19.6243,1.2795
6:100,6,100,15,0,1,16.6968,0.8107
6:101,6,101,18,6,1,15.7298,3.8923
6:102,6,102,16,3,1,15.2309,3.6526
6:103,6,103,9,6,1,15.7422,3.085
6:104,6,104,15,6,1,16.0352,2.0384
6:105,6,105,8,0,1,13.2081,1.0678
6:106,6,106,13,6,1,14.9395,2.8155
6:107,6,107,13,6,1,14.7068,2.3531
6:108,6,108,25,4,1,18.9604,0.4219
6:109,6,109,21,4,1,18.6056,0.0419
6:110,6,110,13,1,1,13.4252,0.2431
6:111,6,111,22,4,1,18.749,-0.4684
6:112,6,112,23,4,1,19.0554,-0.0561
6:113,6,113,12,0,1,14.6381,1.3957
6:114,6,114,23,4,1,18.7492,0.606
6:115,6,115,11,6,1,15.0862,3.0387
6:116,6,116,18,6,1,15.4973,1.7632
6:117,6,117,11,6,1,14.9473,3.487
6:118,6,118,10,3,1,15.3529,2.5036
6:119,6,119,30,4,1,19.3631,0.6005
6:120,6,120,12,0,1,14.9235,1.2913
6:121,6,121,20,4,1,19.3041,0.5056
6:122,6,122,24,4,1,19.1561,-0.4891
6:123,6,123,15,1,1,12.6852,0.3706
6:124,6,124,29,4,1,18.8272,-0.2183
6:125,6,125,28,4,1,18.978,0.7397
6:126,6,126,9,1,1,14.3207,3.0947
6:127,6,127,10,0,1,14.703,1.9699
6:128,6,128,35,4,1,19.5032,-0.4836
6:129,6,129,8,0,1,13.554,0.9512
6:130,6,130,27,4,1,19.2746,-0.3817
6:131,6,131,10,6,1,14.8516,3.1029
6:132,6,132,9,3,1,14.842,2.8581
6:133,6,133,18,6,1,16.1214,2.7697
6:134,6,134,7,0,1,13.1758,2.4784
6:135,6,135,18,6,1,14.33,1.8846
6:136,6,136,31,4,1,19.3318,-0.1496
6:137,6,137,20,4,1,19.4664,-0.1322
6:138,6,138,26,4,1,19.3244,0.1429
6:139,6,139,22,4,1,19.2714,-0.1958
6:140,6,140,20,4,1,18.3398,0.1748
6:141,6,141,31,4,1,19.5609,1.238
6:142,6,142,16,6,1,15.556,1.8317
6:143,6,143,23,4,1,20.281,0.2742
6:144,6,144,40,4,1,20.2905,0.2738
6:145,6,145,39,4,1,19.5165,0.8526
6:146,6,146,28,4,1,19.2618,-0.4052
6:147,6,147,13,6,1,15.2299,-0.5806
6:148,6,148,37,4,1,19.2392,-0.1045
6:149,6,149,8,3,1,14.7337,3.1558
6:150,6,150,27,4,1,19.017,0.2791
6:151,6,151,42,4,1,19.0655,0.6381
6:152,6,152,35,4,1,19.8644,-0.0555
6:153,6,153,17,4,1,19.1864,0.5221
6:154,6,154,17,4,1,18.6558,-0.7938
6:155,6,155,8,1,1,14.1785,2.7148
6:156,6,156,14,1,1,13.3971,0.7008
6:157,6,157,35,4,1,19.1499,-0.1808
6:158,6,158,37,4,1,19.2464,0.1375
6:159,6,159,19,6,1,15.7156,1.5342
6:160,6,160,16,6,1,16.2005,1.6185
6:161,6,161,16,6,1,14.4777,2.9292
6:162,6,162,9,3,1,14.9945,3.4982
6:163,6,163,8,1,1,13.2094,2.2027
6:164,6,164,29,4,1,19.116,1.0411
6:165,6,165,21,4,1,19.3821,1.236
7:1,7,1,1,7,1,8.6162,4.4791
7:2,7,2,13,6,1,14.273,2.8056
7:3,7,3,14,6,1,14.8205,2.4799
7:4,7,4,10,1,1,12.5216,0.9691
7:5,7,5,12,1,1,13.4232,0.3512
7:6,7,6,6,0,1,12.5346,2.4549
7:7,7,7,6,1,1,12.9024,0.5693
7:8,7,8,9,0,1,16.3593,0.8244
7:9,7,9,11,0,1,15.8969,0.1201
7:10,7,10,11,1,1,12.9707,0.3351
7:11,7,11,16,4,1,13.8956,-0.0666
7:12,7,12,17,6,1,14.1833,2.451
7:13,7,13,13,6,1,14.5635,2.4475
7:14,7,14,5,2,0,-3.3775,1.8075
7:15,7,15,4,7,1,12.5384,2.0307
7:16,7,16,7,0,1,13.6502,2.3017
7:17,7,17,15,0,1,14.1383,1.5684
7:18,7,18,12,6,1,14.4497,2.1908
7:19,7,19,16,6,1,14.1974,0.3189
7:20,7,20,25,4,1,19.647,0.2588
7:21,7,21,5,7,1,12.3122,2.264
7:22,7,22,28,4,1,19.6853,0.3465
7:23,7,23,12,1,1,13.8978,0.2823
7:24,7,24,12,2,0,-4.1238,1.8336
7:25,7,25,7,2,0,-3.9461,1.7416
7:26,7,26,19,4,1,18.2722,0.072
7:27,7,27,30,4,1,19.7478,0.3104
7:28,7,28,22,4,1,18.6344,-0.1582
7:29,7,29,16,6,1,14.6772,2.1241
7:30,7,30,16,6,1,14.8843,1.3415
7:31,7,31,15,6,1,14.7825,1.9593
7:32,7,32,26,4,1,19.131,0.8754
7:33,7,33,29,4,1,18.9601,0.925
7:34,7,34,11,0,1,13.4914,2.3311
7:35,7,35,18,4,1,18.3833,0.715
7:36,7,36,11,0,1,15.5916,-0.3246
7:37,7,37,37,4,1,18.9612,-0.1381
7:38,7,38,40,4,1,19.8189,-0.2443
7:39,7,39,14,2,0,-4.2638,1.8263
7:40,7,40,23,4,1,18.5554,-0.1175
7:41,7,41,10,0,1,13.9996,1.5439
7:42,7,42,15,0,1,16.7956,0.9251
7:43,7,43,36,4,1,18.8772,-0.4989
7:44,7,44,28,4,1,18.8297,-0.3795
7:45,7,45,10,6,1,15.8864,1.2132
7:46,7,46,18,4,1,17.9679,0.2105
7:47,7,47,13,1,1,15.1033,0.0753
7:48,7,48,14,2,0,-4.257,1.9226
7:49,7,49,15,6,1,17.0322,0.7112
7:50,7,50,20,4,1,18.0651,-0.1471
7:51,7,51,19,4,1,18.8474,0.4388
7:52,7,52,10,1,1,13.9563,2.7018
7:53,7,53,38,4,1,18.97,-0.2874
7:54,7,54,32,4,1,19.4394,1.3472
7:55,7,55,8,6,1,15.5454,2.28
7:56,7,56,15,6,1,15.2663,2.0926
7:57,7,57,29,4,1,19.5288,1.1764
7:58,7,58,17,6,1,17.5338,0.7814
7:59,7,59,20,4,1,18.34,-0.3716
7:60,7,60,9,1,1,12.9442,1.3932
7:61,7,61,10,6,1,14.3085,3.1679
7:62,7,62,11,6,1,14.8758,2.7014
7:63,7,63,13,6,1,15.1725,2.487
7:64,7,64,14,1,1,15.0419,-0.5556
7:65,7,65,15,6,1,14.6463,1.5713
7:66,7,66,14,6,1,15.0475,-0.2116
7:67,7,67,10,6,1,14.182,3.1694
7:68,7,68,7,1,1,13.0561,2.136
7:69,7,69,27,4,1,19.112,0.6469
7:70,7,70,17,1,1,13.3071,0.4909
7:71,7,71,25,4,1,19.2309,0.7058
7:72,7,72,13,1,1,14.9684,-0.5367
7:73,7,73,34,4,1,19.5812,0.2329
7:74,7,74,25,4,1,19.3266,0.5567
7:75,7,75,23,4,1,18.9129,-0.0371
7:76,7,76,8,6,1,14.7795,0.8127
7:77,7,77,15,1,1,13.6063,0.407
7:78,7,78,6,0,1,14.6973,0.255
7:79,7,79,14,6,1,14.8927,2.5253
7:80,7,80,13,0,1,13.7139,1.9229
7:81,7,81,11,1,1,13.558,1.3161
7:82,7,82,13,0,1,13.97,1.1839
7:83,7,83,7,1,1,12.5387,0.7816
7:84,7,84,8,1,1,14.1934,-0.5119
7:85,7,85,37,4,1,19.7124,0.0113
7:86,7,86,24,4,1,19.23,0.28
7:87,7,87,19,4,1,18.7016,0.4868
7:88,7,88,21,4,1,18.9659,-0.0455
7:89,7,89,42,4,1,19.0125,-0.0907
7:90,7,90,12,0,1,15.1554,0.818
7:91,7,91,6,0,1,14.6785,0.2677
7:92,7,92,13,0,1,15.3643,-0.4725
7:93,7,93,15,6,1,14.6774,0.9101
7:94,7,94,13,1,1,13.1372,0.2187
7:95,7,95,18,4,1,18.3484,-0.3428
7:96,7,96,18,4,1,18.5356,-0.3828
7:97,7,97,9,2,0,-4.1232,2.106
7:98,7,98,9,2,0,-4.0289,1.8646
7:99,7,99,10,6,1,15.2342,1.6944
7:100,7,100,19,4,1,18.4147,0.1452
7:101,7,101,23,4,1,19.0333,-0.3698
7:102,7,102,9,1,1,12.2546,0.6307
7:103,7,103,16,4,1,18.7345,-1.033
7:104,7,104,8,3,1,14.0522,2.1876
7:105,7,105,18,6,1,14.8719,2.6759
7:106,7,106,11,0,1,13.0975,1.3545
7:107,7,107,6,7,1,12.2209,2.772
7:108,7,108,6,1,1,12.1276,0.7528
7:109,7,109,9,0,1,13.15,2.1203
7:110,7,110,7,7,1,13.0402,2.3991
7:111,7,111,7,2,0,-3.9952,1.9889
7:112,7,112,4,7,1,12.1393,2.9626
7:113,7,113,11,1,1,13.4498,0.2509
7:114,7,114,5,1,1,12.658,1.1235
7:115,7,115,10,1,1,13.6625,0.7029
7:116,7,116,11,0,1,13.9371,1.1267
7:117,7,117,11,2,0,-4.1218,1.797
7:118,7,118,6,0,1,13.4881,1.4582
7:119,7,119,4,2,0,-3.6354,2.0416
7:120,7,120,3,7,1,11.919,2.8426
7:121,7,121,4,1,1,12.8826,1.0968
7:122,7,122,3,7,1,11.7201,3.4099
7:123,7,123,19,4,1,19.5628,0.236
7:124,7,124,8,6,1,14.57,2.2997
7:125,7,125,5,1,1,12.6845,0.7169
7:126,7,126,16,1,1,15.1508,1.2456
7:127,7,127,21,4,1,19.4375,-0.6616
7:128,7,128,16,6,1,15.4277,3.1527
7:129,7,129,22,4,1,18.8595,-0.6603
7:130,7,130,10,1,1,12.4183,0.2121
7:131,7,131,22,4,1,19.2049,-0.6384
7:132,7,132,12,1,1,13.5601,0.4553
7:133,7,133,13,1,1,13.0558,0.0995
7:134,7,134,22,4,1,19.3046,-0.7449
7:135,7,135,11,1,1,13.2412,0.0394
7:136,7,136,11,1,1,14.5934,-0.458
7:137,7,137,29,4,1,19.2956,-0.5351
7:138,7,138,23,4,1,19.1244,-0.6582
7:139,7,139,10,0,1,13.8025,1.4307
7:140,7,140,9,3,1,15.0105,2.9223
7:141,7,141,18,4,1,18.4135,0.1993
7:142,7,142,23,4,1,19.5333,-0.7943
7:143,7,143,41,4,1,19.5832,-0.6445
7:144,7,144,14,6,1,14.326,2.1188
7:145,7,145,20,4,1,18.7871,-0.6344
7:146,7,146,36,4,1,19.4197,0.113
7:147,7,147,13,0,1,15.217,-0.5085
7:148,7,148,22,4,1,19.3978,-0.8074
7:149,7,149,18,4,1,18.3589,-0.2586
7:150,7,150,39,4,1,19.4918,-0.8304
7:151,7,151,11,6,1,16.8055,2.6113
7:152,7,152,15,6,1,15.8228,0.7293
7:153,7,153,14,6,1,16.7138,2.2543
7:154,7,154,15,6,1,15.5612,1.0627
7:155,7,155,41,4,1,19.5394,-0.7453
7:156,7,156,30,4,1,19.4984,-0.0952
7:157,7,157,43,4,1,19.3604,-0.0531
7:158,7,158,31,4,1,18.9746,0.9857
7:159,7,159,8,0,1,13.4133,1.7257
7:160,7,160,43,4,1,19.8099,-0.5159
7:161,7,161,20,4,1,18.9819,-0.31
7:162,7,162,17,1,1,13.891,0.2706
7:163,7,163,27,4,1,19.254,-0.2904
7:164,7,164,19,4,1,18.1435,0.398
7:165,7,165,18,0,1,18.1919,-0.2883
7:166,7,166,11,1,1,13.6035,0.3873
7:167,7,167,19,4,1,18.6072,0.9075
7:168,7,168,14,6,1,14.1441,0.7043
7:169,7,169,40,4,1,19.1463,-0.1796
7:170,7,170,10,1,1,16.3639,1.6479
7:171,7,171,19,4,1,18.4396,-0.5209
7:172,7,172,26,4,1,19.152,-0.002
7:173,7,173,15,1,1,13.5472,0.5966
7:174,7,174,5,1,1,12.9116,0.9372
7:175,7,175,13,6,1,15.7104,1.4446
7:176,7,176,30,4,1,19.3906,-0.0028
7:177,7,177,9,0,1,15.157,-0.6008
7:178,7,178,10,6,1,16.089,1.2136
7:179,7,179,30,4,1,18.994,-0.3866
7:180,7,180,14,6,1,15.0667,1.4534
7:181,7,181,7,0,1,13.3011,1.7686
7:182,7,182,8,0,1,15.1495,-0.6597
7:183,7,183,5,7,1,11.7462,2.5116
7:184,7,184,11,0,1,14.787,1.7937
7:185,7,185,22,4,1,18.7845,1.5824
7:186,7,186,10,6,1,15.9702,1.3543
7:187,7,187,37,4,1,19.5981,0.4397
7:188,7,188,28,4,1,19.2914,0.4563
7:189,7,189,29,4,1,19.7228,1.008
7:190,7,190,12,6,1,16.1866,3.2231
7:191,7,191,7,2,0,-3.87,1.637
7:192,7,192,7,2,0,-3.8396,1.5254
7:193,7,193,12,0,1,14.8079,1.7163
7:194,7,194,14,6,1,15.263,1.9615
7:195,7,195,26,4,1,18.9486,0.2958
7:196,7,196,9,3,1,14.1122,3.0987
7:197,7,197,10,0,1,14.9188,1.4262
7:198,7,198,12,2,0,-4.0307,1.7139
7:199,7,199,7,2,0,-3.6183,1.8188
7:200,7,200,10,6,1,15.8326,2.0431
7:201,7,201,12,0,1,15.6917,1.5945
7:202,7,202,7,0,1,13.595,1.6657
7:203,7,203,23,4,1,19.1595,0.1931
7:204,7,204,8,0,1,14.6708,1.7672
7:205,7,205,16,6,1,15.0044,2.935
7:206,7,206,11,6,1,15.6892,2.1402
8:1,8,1,18,6,1,18.039,1.1251
8:2,8,2,17,4,1,18.1175,0.7662
8:3,8,3,6,0,1,16.0028,1.697
8:4,8,4,11,6,1,16.5372,1.0369
8:5,8,5,11,6,1,14.8774,2.9228
8:6,8,6,11,0,1,14.0615,1.6361
8:7,8,7,23,4,1,19.1781,0.0022
8:8,8,8,7,0,1,12.7479,1.9707
8:9,8,9,11,6,1,14.5965,2.8456
8:10,8,10,18,6,1,15.4526,3.2601
8:11,8,11,22,4,1,19.6429,0.5088
8:12,8,12,23,4,1,19.3438,0.6536
8:13,8,13,13,6,1,15.8972,1.8626
8:14,8,14,6,0,1,15.3898,0.2337
8:15,8,15,11,0,1,15.1829,1.034
8:16,8,16,20,4,1,18.7618,0.2082
8:17,8,17,21,4,1,19.3118,-0.0547
8:18,8,18,6,3,1,15.0685,1.0287
8:19,8,19,24,4,1,19.0939,0.6101
8:20,8,20,11,6,1,15.2167,1.882
8:21,8,21,8,1,1,14.0842,1.162
8:22,8,22,10,6,1,14.9786,2.96
8:23,8,23,11,6,1,14.8605,1.8259
8:24,8,24,20,4,1,18.9354,0.7973
8:25,8,25,13,6,1,15.6452,1.193
8:26,8,26,19,4,1,19.1717,0.4575
8:27,8,27,11,6,1,15.2256,2.1307
8:28,8,28,10,6,1,16.225,2.3612
8:29,8,29,18,6,1,17.5297,1.6768
8:30,8,30,16,6,1,15.7809,1.1457
8:31,8,31,17,1,1,13.5927,0.3391
8:32,8,32,19,1,1,14.1682,0.2522
8:33,8,33,12,6,1,16.6429,2.2523
8:34,8,34,21,4,1,18.8029,0.1394
8:35,8,35,13,0,1,15.2217,0.4327
8:36,8,36,21,4,1,18.6665,0.1089
8:37,8,37,18,4,1,19.0835,0.6595
8:38,8,38,16,6,1,15.3613,0.8571
8:39,8,39,16,6,1,15.3715,1.4657
8:40,8,40,10,3,1,14.9982,3.232
8:41,8,41,33,4,1,19.5538,0.2289
8:42,8,42,35,4,1,19.5806,0.4948
8:43,8,43,20,4,1,19.4046,0.8098
8:44,8,44,19,4,1,19.4122,0.6002
8:45,8,45,12,6,1,15.5561,2.0882
8:46,8,46,13,6,1,15.1933,2.0114
8:47,8,47,17,6,1,15.2786,2.0179
8:48,8,48,36,4,1,19.7397,0.3736
8:49,8,49,18,6,1,15.7663,2.5992
8:50,8,50,13,0,1,15.6161,0.5166
8:51,8,51,9,6,1,14.5889,3.1402
8:52,8,52,17,6,1,15.8813,0.4527
8:53,8,53,18,6,1,15.5966,2.8941
8:54,8,54,17,4,1,15.8383,-0.4138
8:55,8,55,10,6,1,14.9571,1.9812
8:56,8,56,12,0,1,15.6702,1.6403
8:57,8,57,10,0,1,15.3513,1.7094
8:58,8,58,14,6,1,15.6521,2.2307
8:59,8,59,8,0,1,15.1955,0.7633
8:60,8,60,33,4,1,19.5636,0.2031
8:61,8,61,12,6,1,15.2771,2.7956
8:62,8,62,12,6,1,15.4789,2.3419
8:63,8,63,20,6,1,15.9137,2.8686
8:64,8,64,8,3,1,15.3176,2.2971
8:65,8,65,26,4,1,19.398,-0.0596
8:66,8,66,26,4,1,19.6259,0.2177
8:67,8,67,20,4,1,18.7871,1.2297
8:68,8,68,10,6,1,16.3986,2.9457
8:69,8,69,11,6,1,16.7255,2.4753
8:70,8,70,24,4,1,19.1016,0.9681
8:71,8,71,13,6,1,15.3973,2.4804
8:72,8,72,45,4,1,18.3755,0.4518
8:73,8,73,13,0,1,15.5581,0.5834
8:74,8,74,18,6,1,18.0513,0.6108
8:75,8,75,22,4,1,18.4924,0.3945
9:1,9,1,9,6,1,14.958,2.9034
9:2,9,2,14,6,1,15.2542,1.0971
9:3,9,3,32,4,1,19.3877,0.0932
9:4,9,4,22,4,1,19.1942,0.2761
9:5,9,5,26,4,1,19.2966,-0.1827
9:6,9,6,18,6,1,15.9606,2.5143
9:7,9,7,23,4,1,19.0165,-0.1819
9:8,9,8,16,4,1,18.7619,-0.9629
9:9,9,9,13,0,1,14.7476,1.5082
9:10,9,10,10,0,1,15.8262,0.9618
9:11,9,11,13,0,1,14.883,1.7665
9:12,9,12,18,4,1,18.7351,-0.1766
9:13,9,13,20,4,1,19.0158,0.1561
9:14,9,14,11,6,1,15.7619,0.9715
9:15,9,15,11,6,1,15.3852,3.0494
9:16,9,16,24,4,1,18.4445,0.4035
9:17,9,17,18,4,1,16.6249,0.1998
9:18,9,18,23,4,1,18.9147,0.6622
9:19,9,19,24,4,1,19.091,0.4898
9:20,9,20,16,6,1,16.8278,1.1257
9:21,9,21,10,6,1,15.0873,2.3985
9:22,9,22,8,6,1,16.0988,2.4772
9:23,9,23,19,4,1,18.3613,0.445
9:24,9,24,33,4,1,19.6727,0.0452
9:25,9,25,23,4,1,19.2019,0.6611
9:26,9,26,18,4,1,18.7758,0.6402
9:27,9,27,12,6,1,16.6957,2.4635
9:28,9,28,27,4,1,19.0817,0.3455
9:29,9,29,29,4,1,19.2734,-0.1763
9:30,9,30,23,4,1,19.7577,-0.4604
9:31,9,31,23,4,1,18.7427,0.1771
9:32,9,32,15,6,1,15.1558,1.1135
9:33,9,33,14,6,1,15.8524,3.7752
9:34,9,34,28,4,1,19.4847,0.3259
9:35,9,35,19,4,1,18.6599,0.3726
9:36,9,36,36,4,1,19.3711,0.4506
9:37,9,37,31,4,1,18.8566,-0.1598
9:38,9,38,28,4,1,19.3308,0.4118
9:39,9,39,16,6,1,15.7132,1.1682
9:40,9,40,43,4,1,19.3848,0.0771
9:41,9,41,15,6,1,15.2797,2.1114
9:42,9,42,23,4,1,18.8533,-0.3598
9:43,9,43,13,6,1,15.3085,0.023
9:44,9,44,14,6,1,18.01,0.9129
9:45,9,45,14,6,1,15.4418,1.4305
9:46,9,46,15,0,1,14.5839,1.5611
9:47,9,47,17,4,1,18.8829,0.6701
9:48,9,48,16,0,1,14.9112,1.3542
9:49,9,49,15,0,1,14.9848,0.6861
9:50,9,50,16,0,1,14.7442,0.6964
9:51,9,51,14,6,1,14.6555,2.9587
9:52,9,52,22,4,1,18.7937,-0.2039
9:53,9,53,12,0,1,14.6162,1.5047
9:54,9,54,22,4,1,19.0661,0.1727
9:55,9,55,17,6,1,16.7353,0.9188
9:56,9,56,10,0,1,14.7667,1.5561
9:57,9,57,11,0,1,13.8751,1.5323
9:58,9,58,16,0,1,14.6676,1.603
9:59,9,59,19,4,1,18.3888,-0.3513
9:60,9,60,22,4,1,19.1521,0.7374
9:61,9,61,26,4,1,18.8353,0.0586
9:62,9,62,12,0,1,14.827,1.8732
9:63,9,63,16,6,1,16.0436,1.0142
9:64,9,64,17,6,1,15.4591,2.0841
9:65,9,65,13,1,1,13.851,0.3301
9:66,9,66,16,0,1,14.9538,0.3644
9:67,9,67,19,4,1,18.4782,0.3348
9:68,9,68,16,4,1,16.1809,0.4415
9:69,9,69,32,4,1,19.7267,0.1461
9:70,9,70,26,4,1,19.4264,-0.1854
9:71,9,71,24,4,1,18.6789,0.3097
9:72,9,72,24,4,1,17.5364,0.4784
9:73,9,73,11,6,1,15.4018,1.7076
9:74,9,74,46,4,1,19.2522,0.0511
9:75,9,75,12,1,1,13.5426,0.1871
9:76,9,76,9,0,1,14.1335,1.6765
9:77,9,77,15,0,1,15.0588,-0.3633
9:78,9,78,11,6,1,15.5302,3.3209
9:79,9,79,20,4,1,18.6039,0.4112
9:80,9,80,25,4,1,19.3558,0.7974
9:81,9,81,27,4,1,19.2595,0.0945
9:82,9,82,8,2,0,-4.0066,1.8515
9:83,9,83,25,4,1,19.2098,0.4021
9:84,9,84,18,4,1,18.7851,0.5236
9:85,9,85,16,6,1,16.643,0.8892
9:86,9,86,18,6,1,17.4943,0.2558
9:87,9,87,11,2,0,-4.1131,1.8451
9:88,9,88,14,6,1,16.5662,0.8719
9:89,9,89,13,6,1,17.0713,0.6245
9:90,9,90,17,6,1,15.5524,-0.1117
9:91,9,91,26,4,1,20.1837,-0.1778
9:92,9,92,23,4,1,18.9594,0.1176
9:93,9,93,19,6,1,17.3525,0.8659
9:94,9,94,30,4,1,19.1918,-0.0158
9:95,9,95,18,4,1,18.9959,-0.0978
9:96,9,96,14,6,1,15.1515,1.7831
9:97,9,97,16,6,1,15.3707,1.4184
9:98,9,98,16,6,1,15.3502,1.9833
9:99,9,99,27,4,1,19.0973,0.5988
9:100,9,100,25,4,1,17.976,0.4067
9:101,9,101,22,4,1,18.8273,0.0195
9:102,9,102,17,6,1,16.7896,2.2927
9:103,9,103,16,6,1,14.9436,2.4606
9:104,9,104,16,6,1,16.5108,2.9194
9:105,9,105,16,4,1,17.5415,1.1239
9:106,9,106,12,6,1,15.9348,1.1812
9:107,9,107,24,4,1,18.8104,0.0773
9:108,9,108,23,4,1,19.6431,0.4688
9:109,9,109,27,4,1,19.3392,1.0578
9:110,9,110,15,6,1,15.3745,2.808
9:111,9,111,37,4,1,19.4256,0.0009
9:112,9,112,16,4,1,18.4589,0.5792
9:113,9,113,20,4,1,18.6596,0.1797
9:114,9,114,22,4,1,19.7676,-0.1985
9:115,9,115,18,6,1,15.5284,2.6402
9:116,9,116,17,6,1,15.4792,3.8678
9:117,9,117,27,4,1,18.5491,0.5032
9:118,9,118,31,4,1,19.8841,0.0001
9:119,9,119,8,3,1,15.5846,2.0654
9:120,9,120,52,4,1,19.4111,-0.3488
9:121,9,121,18,4,1,18.8843,0.2569
9:122,9,122,22,4,1,18.7494,-0.1675
9:123,9,123,16,6,1,15.8141,1.0788
9:124,9,124,18,6,1,17.9129,0.2197
9:125,9,125,12,0,1,14.942,0.7779
9:126,9,126,16,0,1,13.9355,2.2981
9:127,9,127,21,6,1,17.7103,0.0664
9:128,9,128,14,6,1,15.2633,2.4989
9:129,9,129,15,6,1,15.1113,3.24
10:1,10,1,5,5,0,-2.9577,1.952
10:2,10,2,26,4,1,19.078,-0.2624
10:3,10,3,29,4,1,19.3678,1.2312
10:4,10,4,28,4,1,19.3351,0.0574
10:5,10,5,23,4,1,19.47,1.3555
10:6,10,6,14,6,1,15.8568,3.5892
10:7,10,7,15,1,1,15.1154,1.2211
10:8,10,8,6,0,1,15.9877,0.3053
10:9,10,9,15,6,1,16.9176,0.8858
10:10,10,10,14,6,1,15.0556,3.9348
10:11,10,11,18,4,1,18.1743,0.8951
10:12,10,12,27,4,1,19.2859,-0.5437
10:13,10,13,17,1,1,18.1651,-0.4187
10:14,10,14,10,1,1,14.1122,-0.4412
10:15,10,15,39,4,1,19.5324,-0.0846
10:16,10,16,18,6,1,15.01,2.6441
10:17,10,17,14,6,1,15.5415,-0.3338
10:18,10,18,29,4,1,19.1895,0.3027
10:19,10,19,17,6,1,16.3826,3.0682
10:20,10,20,16,6,1,14.4313,0.626
10:21,10,21,22,4,1,18.8557,-0.3953
10:22,10,22,41,4,1,19.3201,1.3404
10:23,10,23,25,4,1,19.3341,0.7475
10:24,10,24,43,4,1,19.7716,0.7132
10:25,10,25,11,6,1,14.748,3.4543
10:26,10,26,16,6,1,16.6433,0.8871
10:27,10,27,27,4,1,19.5967,-0.0509
10:28,10,28,18,4,1,18.2268,-0.2026
10:29,10,29,10,1,1,13.3151,0.4499
10:30,10,30,16,6,1,14.9008,1.8635
10:31,10,31,27,4,1,18.9532,1.2094
10:32,10,32,11,6,1,15.1731,3.1342
10:33,10,33,10,6,1,15.0893,2.6652
10:34,10,34,17,6,1,15.9185,3.4935
10:35,10,35,29,4,1,19.0276,0.5751
10:36,10,36,17,6,1,15.1886,2.0889
10:37,10,37,22,6,1,18.0809,0.2425
10:38,10,38,16,6,1,15.2559,1.192
10:39,10,39,19,4,1,15.1289,-0.6034
10:40,10,40,12,6,1,14.7879,2.1091
10:41,10,41,15,0,1,14.94,-0.3937
10:42,10,42,11,0,1,14.5692,1.4822
10:43,10,43,11,0,1,14.2418,1.6328
10:44,10,44,10,6,1,15.3498,2.4561
10:45,10,45,20,4,1,18.9502,0.111
10:46,10,46,15,1,1,13.6036,0.7273
10:47,10,47,12,0,1,13.799,1.8619
10:48,10,48,7,2,0,-3.8103,2.3914
10:49,10,49,22,4,1,18.9774,0.7387
10:50,10,50,12,6,1,15.3587,0.976
10:51,10,51,11,0,1,13.7814,2.036
10:52,10,52,13,0,1,15.1132,0.4162
10:53,10,53,11,0,1,14.0819,2.0836
10:54,10,54,21,4,1,18.5858,-0.2782
10:55,10,55,16,6,1,15.6843,3.5582
10:56,10,56,5,2,0,-3.9674,1.7741
10:57,10,57,14,6,1,15.4346,2.3758
10:58,10,58,10,6,1,15.4282,3.0819
10:59,10,59,20,6,1,15.5625,2.6446
10:60,10,60,19,6,1,15.5427,-0.2277
10:61,10,61,42,4,1,19.0801,0.1773
10:62,10,62,10,6,1,15.42,2.0172
10:63,10,63,4,7,1,12.1724,2.0172
10:64,10,64,15,6,1,15.6972,2.4639
10:65,10,65,10,6,1,15.2535,2.6805
10:66,10,66,25,4,1,18.9146,1.3295
10:67,10,67,15,6,1,15.9515,3.3196
10:68,10,68,25,4,1,18.9409,0.7054
10:69,10,69,9,6,1,15.4502,-0.2605
10:70,10,70,13,1,1,14.7061,0.1128
10:71,10,71,33,4,1,19.7584,-0.0772
10:72,10,72,16,6,1,16.1288,2.4112
10:73,10,73,17,4,1,18.8154,-0.9044
10:74,10,74,22,4,1,18.7884,-0.6129
10:75,10,75,14,1,1,12.8629,0.0842
10:76,10,76,10,1,1,13.4252,0.5165
10:77,10,77,11,6,1,14.2106,0.9153
10:78,10,78,16,1,1,13.3792,0.3369
10:79,10,79,6,7,1,12.1169,2.6064
10:80,10,80,10,0,1,13.6159,0.8946
10:81,10,81,17,6,1,14.6022,0.9608
10:82,10,82,7,3,1,15.117,2.9483
10:83,10,83,22,4,1,19.4549,-0.6285
10:84,10,84,12,3,1,14.371,2.0963
10:85,10,85,10,1,1,13.5196,0.4733
10:86,10,86,5,1,1,12.4609,0.9665
10:87,10,87,16,4,1,19.5271,-0.7601
10:88,10,88,29,4,1,19.5225,-0.6103
10:89,10,89,11,0,1,14.3273,2.1916
10:90,10,90,27,4,1,19.1627,-0.6607
10:91,10,91,7,2,0,-3.8894,1.8399
10:92,10,92,14,1,1,13.295,0.7146
10:93,10,93,24,4,1,20.0766,-0.1305
10:94,10,94,22,4,1,18.4073,-0.007
10:95,10,95,10,6,1,15.3447,-0.4532
10:96,10,96,8,6,1,14.6354,2.1217
10:97,10,97,8,0,1,15.1497,0.4925
10:98,10,98,21,4,1,18.7262,-0.3318
10:99,10,99,15,6,1,15.4522,2.8728
10:100,10,100,14,6,1,14.9135,1.9831
10:101,10,101,14,6,1,15.7518,3.5118
10:102,10,102,15,0,1,14.5061,0.9808
10:103,10,103,10,1,1,12.6358,0.5319
10:104,10,104,26,4,1,18.9564,0.7993
10:105,10,105,9,0,1,14.3758,2.238
10:106,10,106,16,6,1,15.1695,2.3003
10:107,10,107,24,4,1,17.2436,2.375
10:108,10,108,22,4,1,18.6782,0.8242
10:109,10,109,11,6,1,15.149,3.0952
11:1,11,1,10,6,1,13.8584,3.1133
11:2,11,2,9,3,1,14.9042,2.2697
11:3,11,3,25,4,1,19.3351,0.842
11:4,11,4,8,3,1,15.1322,3.5905
11:5,11,5,19,4,1,18.5489,0.5261
11:6,11,6,16,6,1,15.8592,3.4721
11:7,11,7,31,4,1,19.4821,1.3621
11:8,11,8,22,4,1,18.5587,-0.4132
11:9,11,9,11,1,1,12.4515,0.2453
11:10,11,10,13,1,1,13.0745,0.3261
11:11,11,11,10,0,1,16.5964,1.464
11:12,11,12,27,4,1,19.4144,0.5368
11:13,11,13,18,6,1,15.3369,1.214
11:14,11,14,16,6,1,14.8567,2.0345
11:15,11,15,14,0,1,16.0702,1.6597
11:16,11,16,16,0,1,16.0032,0.2645
11:17,11,17,39,4,1,19.0206,-0.4066
11:18,11,18,23,4,1,18.9214,0.0541
11:19,11,19,11,6,1,15.6721,0.9794
11:20,11,20,24,4,1,18.4492,-0.1364
11:21,11,21,9,0,1,16.0938,0.4707
11:22,11,22,7,0,1,13.1989,1.8547
11:23,11,23,14,6,1,16.7972,0.9007
11:24,11,24,11,6,1,15.1122,1.4116
11:25,11,25,9,1,1,12.3141,1.2742
11:26,11,26,11,6,1,15.5875,1.2518
11:27,11,27,29,4,1,19.199,-0.1662
11:28,11,28,19,4,1,19.6431,0.6503
11:29,11,29,22,4,1,19.3674,0.7276
11:30,11,30,9,6,1,15.0209,2.1591
11:31,11,31,31,4,1,19.3926,0.7834
11:32,11,32,13,1,1,13.7133,0.3769
11:33,11,33,10,3,1,14.7236,2.6407
11:34,11,34,18,6,1,15.0558,2.3861
11:35,11,35,12,0,1,14.9003,1.1102
11:36,11,36,17,0,1,13.9946,1.7171
11:37,11,37,11,1,1,13.5664,0.6887
11:38,11,38,19,4,1,18.2244,0.8999
11:39,11,39,10,0,1,15.4334,0.4634
11:40,11,40,26,4,1,18.985,-0.3257
11:41,11,41,11,3,1,16.7871,2.5808
11:42,11,42,19,1,1,14.4385,0.4228
11:43,11,43,23,4,1,19.6247,0.5441
11:44,11,44,17,4,1,15.8174,3.041
11:45,11,45,15,6,1,14.3167,0.4542
11:46,11,46,23,4,1,20.2632,-0.3483
11:47,11,47,19,6,1,16.8831,2.7038
11:48,11,48,18,4,1,18.3442,0.7463
11:49,11,49,19,4,1,15.972,2.5762
11:50,11,50,17,6,1,14.6246,1.4235
11:51,11,51,13,6,1,16.3,2.3029
11:52,11,52,17,4,1,19.2709,0.9325
11:53,11,53,15,1,1,13.6531,0.4926
11:54,11,54,16,1,1,13.8556,0.5092
11:55,11,55,7,0,1,12.882,2.273
11:56,11,56,18,6,1,14.8957,3.3506
11:57,11,57,21,4,1,19.4592,0.6154
11:58,11,58,14,1,1,14.1773,-0.0184
11:59,11,59,12,0,1,14.5124,1.8521
11:60,11,60,17,0,1,14.5187,1.4322
11:61,11,61,27,4,1,19.6122,0.4164
11:62,11,62,21,4,1,18.4821,-0.3391
11:63,11,63,22,4,1,19.5869,0.6532
11:64,11,64,17,6,1,15.8351,1.2901
11:65,11,65,11,0,1,14.7798,1.2097
11:66,11,66,18,6,1,18.0918,0.1565
11:67,11,67,8,0,1,14.6986,0.2428
11:68,11,68,12,0,1,14.1549,2.1903
11:69,11,69,15,2,0,-4.2578,1.878
11:70,11,70,18,6,1,15.2193,1.7678
11:71,11,71,9,0,1,15.0042,0.5545
11:72,11,72,12,1,1,13.6256,2.3479
11:73,11,73,14,6,1,15.1513,3.1252
11:74,11,74,11,1,1,12.7592,0.2518
11:75,11,75,5,3,1,13.4693,3.1898
11:76,11,76,14,6,1,15.5267,0.9374
11:77,11,77,13,1,1,12.8373,0.1937
11:78,11,78,26,4,1,19.4132,-0.0493
11:79,11,79,13,1,1,13.6195,1.0132
11:80,11,80,11,6,1,14.3726,2.3381
11:81,11,81,29,4,1,19.6601,-0.0718
11:82,11,82,12,1,1,13.1529,0.1939
11:83,11,83,8,3,1,14.2224,3.7486
11:84,11,84,26,4,1,19.5661,0.0299
11:85,11,85,14,0,1,14.8926,1.8633
11:86,11,86,11,3,1,14.5517,2.287
11:87,11,87,20,4,1,18.4946,-0.2388
11:88,11,88,35,4,1,19.7095,0.5547
11:89,11,89,22,4,1,18.3615,0.6835
11:90,11,90,9,3,1,16.7655,2.5814
11:91,11,91,18,4,1,18.2547,-0.3016
11:92,11,92,15,6,1,15.0146,2.6846
11:93,11,93,19,4,1,18.1661,0.2391
11:94,11,94,18,4,1,17.9725,-0.0356
11:95,11,95,10,0,1,13.5535,2.3684
11:96,11,96,6,1,1,12.1599,0.3166
11:97,11,97,10,6,1,13.8811,2.5495
11:98,11,98,9,0,1,15.6279,0.0535
11:99,11,99,9,0,1,14.2392,1.4071
11:100,11,100,9,1,1,13.0681,0.896
11:101,11,101,24,4,1,19.2396,0.4986
11:102,11,102,12,6,1,14.9939,2.7097
11:103,11,103,16,6,1,15.774,1.169
11:104,11,104,5,1,1,12.243,1.0368
11:105,11,105,10,6,1,14.6608,1.8777
11:106,11,106,9,0,1,15.671,0.1596
11:107,11,107,15,6,1,15.4989,3.6657
11:108,11,108,18,6,1,15.8286,2.6707
11:109,11,109,20,4,1,18.1725,0.436
11:110,11,110,18,4,1,18.6171,-0.743
11:111,11,111,10,6,1,14.8845,2.8907
11:112,11,112,12,6,1,14.3606,2.3306
11:113,11,113,17,6,1,15.7106,0.322
11:114,11,114,14,6,1,15.7808,3.0532
11:115,11,115,7,3,1,16.0735,2.1921
11:116,11,116,26,4,1,18.5864,-0.3323
11:117,11,117,8,3,1,14.4985,3.6343
11:118,11,118,10,6,1,15.5631,2.7747
11:119,11,119,15,6,1,15.1742,2.6695
11:120,11,120,17,4,1,18.2054,-0.3822
11:121,11,121,9,1,1,13.634,1.1195
11:122,11,122,3,7,1,11.8712,1.096
11:123,11,123,16,6,1,15.5163,3.9311
12:1,12,1,5,5,0,-3.07,1.9418
12:2,12,2,6,1,1,12.8701,0.78
12:3,12,3,16,1,1,13.3056,0.8406
12:4,12,4,15,6,1,14.2363,0.9956
12:5,12,5,15,6,1,15.7619,1.6522
12:6,12,6,25,4,1,19.3808,0.8743
12:7,12,7,7,0,1,14.1426,0.8949
12:8,12,8,15,1,1,14.0064,0.5704
12:9,12,9,14,2,0,-4.1868,1.7946
12:10,12,10,16,0,1,15.0228,1.0931
12:11,12,11,11,1,1,13.9349,0.5315
12:12,12,12,8,1,1,12.7012,0.4153
12:13,12,13,13,0,1,14.7296,0.7699
12:14,12,14,9,1,1,14.4226,0.2196
12:15,12,15,17,4,1,18.6503,0.0275
12:16,12,16,4,2,0,-3.5504,1.947
12:17,12,17,18,4,1,18.1009,-0.3586
12:18,12,18,18,4,1,18.9533,0.0994
12:19,12,19,16,6,1,14.2601,1.1803
12:20,12,20,9,0,1,13.8032,1.34
12:21,12,21,32,4,1,19.4948,-0.2702
12:22,12,22,9,1,1,14.7755,3.0504
12:23,12,23,23,4,1,19.5891,-0.0667
12:24,12,24,19,4,1,19.7069,0.432
12:25,12,25,23,4,1,19.6065,-0.2026
12:26,12,26,19,0,1,15.1088,-0.527
12:27,12,27,10,0,1,15.0622,-0.7526
12:28,12,28,13,6,1,15.5079,2.5687
12:29,12,29,10,0,1,16.8543,2.5943
12:30,12,30,18,4,1,19.1831,-0.6086
12:31,12,31,32,4,1,19.6966,-0.0239
12:32,12,32,19,4,1,19.7377,0.1165
12:33,12,33,17,6,1,15.3586,2.837
12:34,12,34,10,3,1,14.8058,3.8472
12:35,12,35,11,0,1,13.3667,1.6211
12:36,12,36,27,4,1,19.6073,0.2649
12:37,12,37,26,4,1,19.1674,0.0173
12:38,12,38,26,4,1,19.5153,-0.3997
12:39,12,39,9,6,1,15.3653,3.3125
12:40,12,40,32,4,1,19.4865,0.7865
12:41,12,41,19,4,1,19.7076,0.535
12:42,12,42,18,6,1,15.7879,1.5375
12:43,12,43,24,4,1,19.7196,0.6232
12:44,12,44,8,2,0,-4.0836,2.1212
12:45,12,45,11,1,1,13.4718,0.5682
12:46,12,46,22,4,1,19.784,0.4315
12:47,12,47,14,0,1,14.9214,1.2945
12:48,12,48,15,6,1,14.6519,2.318
12:49,12,49,11,0,1,14.1543,2.1133
12:50,12,50,22,4,1,19.308,0.2724
12:51,12,51,29,4,1,19.8062,0.1143
12:52,12,52,12,6,1,15.0922,1.8504
12:53,12,53,15,6,1,16.7489,2.5443
12:54,12,54,14,1,1,13.0799,0.9404
12:55,12,55,8,1,1,13.2269,2.2587
12:56,12,56,17,4,1,18.7323,-0.7101
12:57,12,57,7,0,1,16.2654,1.7048
12:58,12,58,9,2,0,-4.1308,1.8563
12:59,12,59,17,0,1,14.4706,1.1868
12:60,12,60,10,6,1,14.3363,2.2153
12:61,12,61,6,1,1,13.4926,0.377
12:62,12,62,14,0,1,14.1251,1.4133
12:63,12,63,16,1,1,14.1699,0.3933
12:64,12,64,17,6,1,15.4061,2.6364
12:65,12,65,25,4,1,18.9744,-0.5312
12:66,12,66,24,4,1,19.3155,0.0948
12:67,12,67,27,4,1,19.239,-0.2339
12:68,12,68,30,4,1,19.2814,-0.2356
12:69,12,69,16,0,1,14.1315,0.9157
12:70,12,70,15,6,1,14.891,1.5424
12:71,12,71,5,0,1,13.4124,1.6497
12:72,12,72,12,2,1,12.9225,1.5176
12:73,12,73,12,1,1,13.578,0.2349
12:74,12,74,6,2,0,-3.7254,2.1661
12:75,12,75,11,6,1,14.7323,0.9842
12:76,12,76,33,4,1,19.7874,-0.1608
12:77,12,77,24,4,1,19.7509,-0.0013
12:78,12,78,15,1,1,13.8833,0.4182
12:79,12,79,13,1,1,13.2982,0.2716
12:80,12,80,37,4,1,19.6395,-0.2231
12:81,12,81,17,6,1,14.0933,0.4666
12:82,12,82,11,1,1,13.0415,0.2391
12:83,12,83,18,6,1,15.5341,3.0536
12:84,12,84,12,0,1,14.1695,1.1562
12:85,12,85,12,0,1,14.4129,1.2207
12:86,12,86,13,6,1,14.7901,2.1238
12:87,12,87,20,6,1,17.6613,0.4477
12:88,12,88,21,4,1,18.9225,-0.4784
12:89,12,89,10,1,1,14.1105,0.976
12:90,12,90,23,4,1,19.8258,0.1066
12:91,12,91,9,1,1,13.7226,0.3575
12:92,12,92,11,6,1,16.8335,2.6639
12:93,12,93,12,2,0,-4.1887,1.8544
12:94,12,94,12,0,1,14.2822,1.2021
12:95,12,95,6,3,1,13.6687,2.3067
12:96,12,96,20,6,1,15.4439,3.0057
12:97,12,97,8,1,1,13.8915,0.3152
12:98,12,98,9,6,1,16.8328,2.5967
12:99,12,99,14,0,1,14.3756,0.7996
12:100,12,100,46,4,1,19.6132,-0.2636
12:101,12,101,21,4,1,19.456,0.9073
12:102,12,102,14,2,0,-4.1364,1.8754
12:103,12,103,6,0,1,13.9343,1.9512
12:104,12,104,10,0,1,16.3098,2.3631
12:105,12,105,11,0,1,15.6715,3.9254
12:106,12,106,7,0,1,14.606,1.8463
12:107,12,107,14,6,1,15.5061,0.9033
12:108,12,108,17,6,1,15.578,2.5455
12:109,12,109,29,4,1,18.7851,-0.9827
12:110,12,110,19,4,1,18.4022,-0.3836
12:111,12,111,23,4,1,18.0624,0.279
13:1,13,1,15,6,1,14.2756,2.9046
13:2,13,2,26,4,1,19.4562,1.0937
13:3,13,3,24,4,1,19.479,1.3428
13:4,13,4,27,4,1,19.6758,0.8045
13:5,13,5,25,4,1,19.62,-0.2229
13:6,13,6,20,4,1,18.8802,0.9545
13:7,13,7,15,0,1,15.2471,0.7018
13:8,13,8,15,6,1,15.6256,3.5725
13:9,13,9,5,3,1,14.6035,3.7047
13:10,13,10,14,6,1,15.9716,2.1001
13:11,13,11,35,4,1,19.3562,0.5968
13:12,13,12,9,6,1,15.9395,3.7129
13:13,13,13,19,4,1,19.2811,0.8821
13:14,13,14,27,4,1,19.5474,-0.1472
13:15,13,15,11,6,1,15.587,3.969
13:16,13,16,45,4,1,19.1665,0.9166
13:17,13,17,42,4,1,19.8559,0.289
13:18,13,18,27,4,1,18.81,0.3497
13:19,13,19,15,6,1,16.1564,2.0052
13:20,13,20,7,6,1,15.7858,1.7615
13:21,13,21,13,6,1,15.8076,1.7267
13:22,13,22,19,4,1,18.5257,0.5165
13:23,13,23,15,4,1,17.4174,0.509
13:24,13,24,7,1,1,13.0592,1.3001
13:25,13,25,23,4,1,18.6891,0.4634
13:26,13,26,16,6,1,16.1935,3.2638
13:27,13,27,19,6,1,15.3546,0.6659
13:28,13,28,11,6,1,15.7784,1.8363
13:29,13,29,8,0,1,16.5298,1.5599
13:30,13,30,28,4,1,19.7179,0.215
13:31,13,31,51,4,1,19.2601,-0.1397
13:32,13,32,13,0,1,14.4929,1.0213
13:33,13,33,39,4,1,19.1826,0.4818
13:34,13,34,14,6,1,15.758,0.8322
13:35,13,35,19,4,1,17.9801,0.4651
13:36,13,36,25,4,1,18.6316,0.0394
13:37,13,37,19,4,1,17.7785,0.4726
13:38,13,38,21,4,1,18.5717,-0.4984
13:39,13,39,8,3,1,14.3844,2.8995
13:40,13,40,13,1,1,13.4723,0.6907
13:41,13,41,16,6,1,17.7046,1.7912
13:42,13,42,18,6,1,14.9648,1.8139
13:43,13,43,15,6,1,15.4559,0.8613
14:1,14,1,16,6,1,14.1904,2.9541
14:2,14,2,14,6,1,15.458,0.9547
14:3,14,3,16,6,1,16.0563,1.3766
14:4,14,4,19,4,1,18.4868,-0.4671
14:5,14,5,21,4,1,19.2453,-0.8615
14:6,14,6,26,4,1,19.4235,-0.7895
14:7,14,7,11,6,1,15.6512,1.0335
14:8,14,8,13,6,1,15.3588,3.4251
14:9,14,9,37,4,1,19.5119,-0.1949
14:10,14,10,33,4,1,19.4423,-0.0243
14:11,14,11,29,4,1,19.4782,0.0022
14:12,14,12,17,1,1,13.7747,0.2502
14:13,14,13,16,6,1,14.7523,0.4592
14:14,14,14,10,6,1,15.067,2.177
14:15,14,15,5,0,1,13.8564,1.5608
14:16,14,16,7,3,1,13.6036,2.4046
14:17,14,17,16,6,1,15.6123,0.6526
14:18,14,18,22,4,1,19.0826,0.393
14:19,14,19,14,6,1,16.1046,3.3559
14:20,14,20,5,3,1,13.6418,3.9511
14:21,14,21,34,4,1,19.415,-0.3051
14:22,14,22,44,4,1,19.6891,0.2786
14:23,14,23,17,4,1,17.3365,0.5595
14:24,14,24,15,6,1,15.9564,3.4448
14:25,14,25,12,6,1,14.5603,2.9587
14:26,14,26,13,0,1,14.5121,0.9522
14:27,14,27,18,6,1,15.9048,2.216
14:28,14,28,12,6,1,15.3373,1.8289
14:29,14,29,4,3,1,12.414,3.0481
14:30,14,30,12,6,1,15.2516,0.2495
14:31,14,31,21,4,1,18.433,0.7906
14:32,14,32,25,4,1,19.4687,1.3593
14:33,14,33,9,6,1,15.8842,3.3329
14:34,14,34,15,6,1,15.0723,2.1333
14:35,14,35,13,1,1,14.4359,2.6471
14:36,14,36,15,6,1,16.6946,2.6366
14:37,14,37,26,4,1,19.8178,0.2408
14:38,14,38,18,6,1,15.6411,3.6207
14:39,14,39,13,6,1,15.1555,3.9947
14:40,14,40,9,3,1,14.5963,3.3279
14:41,14,41,8,3,1,16.7907,2.6208
14:42,14,42,13,6,1,15.5249,2.6519
14:43,14,43,9,0,1,13.8017,1.7393
14:44,14,44,26,4,1,19.1941,0.0599
14:45,14,45,14,1,1,13.6126,0.1249
14:46,14,46,12,0,1,14.6908,1.6687
14:47,14,47,11,6,1,15.6755,2.8912
14:48,14,48,10,6,1,15.3934,3.8393
14:49,14,49,6,0,1,12.3605,1.6399
14:50,14,50,6,0,1,15.6683,0.0956
14:51,14,51,10,6,1,15.9685,2.8282
14:52,14,52,13,6,1,16.0886,1.8993
15:1,15,1,6,3,1,13.6947,3.1346
15:2,15,2,7,0,1,15.1048,0.7405
15:3,15,3,7,0,1,14.0779,1.7118
15:4,15,4,8,1,1,12.5678,1.0931
15:5,15,5,7,0,1,13.3615,2.2889
15:6,15,6,8,1,1,13.9859,0.4087
15:7,15,7,8,1,1,12.8539,1.0063
15:8,15,8,9,1,1,12.8082,0.6555
15:9,15,9,7,1,1,12.3291,0.3514
15:10,15,10,7,1,1,12.8134,0.8085
15:11,15,11,8,0,1,14.2497,1.4205
15:12,15,12,5,2,0,-3.4065,1.945
15:13,15,13,7,0,1,14.2042,1.4027
15:14,15,14,9,1,1,12.9277,0.1923
15:15,15,15,8,1,1,12.9367,0.3764
15:16,15,16,7,1,1,12.5936,-0.1113
15:17,15,17,5,7,1,12.156,2.919
15:18,15,18,7,0,1,13.1446,2.9859
15:19,15,19,11,1,1,12.6401,0.0298
15:20,15,20,8,1,1,12.553,0.3612
15:21,15,21,11,1,1,12.7102,0.9295
15:22,15,22,12,1,1,12.7303,-0.0355
15:23,15,23,6,1,1,12.7585,0.256
15:24,15,24,7,2,0,-4.0284,2.2303
15:25,15,25,7,3,1,14.5891,3.7972
15:26,15,26,8,1,1,12.3155,0.2475
15:27,15,27,7,3,1,12.5426,3.4723
15:28,15,28,12,3,1,14.603,3.2561
15:29,15,29,9,0,1,14.605,0.2991
15:30,15,30,4,3,1,12.784,2.8868
15:31,15,31,7,0,1,12.976,2.2885
15:32,15,32,8,3,1,13.7862,2.3697
15:33,15,33,11,6,1,14.3469,2.4425
15:34,15,34,5,7,1,12.7122,1.8551
15:35,15,35,6,3,1,13.0279,3.1686
15:36,15,36,6,3,1,12.8166,2.3412
15:37,15,37,4,7,1,12.5391,1.9377
15:38,15,38,4,5,0,-2.6416,1.9529
15:39,15,39,10,6,1,14.5356,2.5199
15:40,15,40,4,7,1,12.7384,3.8824
15:41,15,41,5,7,1,12.3691,2.8037
15:42,15,42,11,0,1,14.2502,3.1489
15:43,15,43,4,0,1,12.6684,2.429
15:44,15,44,8,0,1,12.972,2.4165
15:45,15,45,5,7,1,11.2035,2.438
15:46,15,46,3,5,0,-2.8823,2.0998
15:47,15,47,10,1,1,12.4281,0.4991
15:48,15,48,8,0,1,13.0469,1.9071
15:49,15,49,6,3,1,16.7265,2.7276
15:50,15,50,5,7,1,15.1817,0.2601
15:51,15,51,4,7,1,11.7927,1.6693
15:52,15,52,9,1,1,13.7108,0.5654
15:53,15,53,7,1,1,13.4864,1.0868
15:54,15,54,8,0,1,14.1429,1.8382
15:55,15,55,7,0,1,13.725,2.095
15:56,15,56,8,6,1,15.4294,2.5553
15:57,15,57,5,7,1,12.5404,2.757
15:58,15,58,6,1,1,12.714,1.1823
15:59,15,59,6,1,1,12.6453,0.4947
15:60,15,60,6,1,1,12.4761,0.7324
15:61,15,61,5,7,1,12.4741,2.4889
15:62,15,62,4,7,1,12.7104,1.8419
15:63,15,63,7,2,0,-3.7379,1.8759
15:64,15,64,4,1,1,12.3887,0.899
15:65,15,65,14,6,1,14.7753,2.2542
15:66,15,66,9,1,1,14.3359,0.4158
15:67,15,67,4,5,0,-3.2822,2.1252
15:68,15,68,6,0,1,13.4325,2.0943
15:69,15,69,4,3,1,13.0561,4.8916
15:70,15,70,5,5,0,-3.3302,1.6474
15:71,15,71,6,2,0,-3.6852,1.9856
15:72,15,72,5,0,1,13.0915,2.1965
15:73,15,73,3,7,1,14.4075,0.5695
15:74,15,74,8,1,1,12.8724,0.0926
15:75,15,75,5,3,1,13.2824,2.8179
15:76,15,76,3,7,1,11.5883,3.1329
15:77,15,77,5,3,1,13.2419,2.7293
15:78,15,78,5,2,0,-3.2934,1.647
15:79,15,79,5,1,1,12.177,0.7041
15:80,15,80,5,0,1,14.9998,-1.1104
15:81,15,81,5,2,0,-3.7662,2.1578
15:82,15,82,6,2,0,-3.491,2.0477
15:83,15,83,3,7,1,14.4688,0.4986
15:84,15,84,6,0,1,13.6661,1.3731
15:85,15,85,14,1,1,12.6825,-0.2003
15:86,15,86,5,3,1,14.2699,4.0645
15:87,15,87,7,7,1,12.8476,1.0777
15:88,15,88,15,6,1,15.2026,2.2938
15:89,15,89,5,7,1,12.3489,1.5411
15:90,15,90,4,5,0,-3.3616,2.3235
15:91,15,91,4,7,1,11.9421,2.4246
15:92,15,92,3,3,1,13.224,2.6954
15:93,15,93,3,7,1,12.6555,2.3216
15:94,15,94,6,2,0,-3.5443,1.8458
15:95,15,95,3,1,1,12.2836,0.8956
15:96,15,96,8,6,1,14.8335,2.1318
15:97,15,97,7,1,1,13.5166,0.9174
15:98,15,98,6,3,1,14.2503,3.9219
15:99,15,99,5,3,1,14.1254,3.9447
16:1,16,1,9,6,1,15.1777,2.9073
16:2,16,2,18,6,1,15.4383,2.4326
16:3,16,3,7,3,1,15.3733,3.6775
16:4,16,4,8,1,1,12.7571,1.5287
16:5,16,5,8,2,0,-4.0731,1.8558
16:6,16,6,7,2,0,-3.9761,1.7401
16:7,16,7,14,6,1,15.4146,2.699
16:8,16,8,9,2,0,-4.236,1.8591
16:9,16,9,10,6,1,15.2738,2.611
16:10,16,10,13,6,1,15.9112,3.822
16:11,16,11,16,6,1,15.6097,3.0192
16:12,16,12,15,6,1,15.9687,3.2518
16:13,16,13,13,0,1,14.4067,2.3425
16:14,16,14,21,4,1,19.2632,1.4225
16:15,16,15,11,6,1,15.0489,2.1028
16:16,16,16,4,3,1,12.5571,2.3303
16:17,16,17,7,0,1,13.714,2.8955
16:18,16,18,10,3,1,16.4808,2.5617
16:19,16,19,6,3,1,14.7444,3.362
16:20,16,20,10,0,1,14.9745,1.9261
16:21,16,21,7,0,1,13.3916,2.2946
16:22,16,22,11,6,1,15.0918,1.6876
16:23,16,23,13,6,1,15.3369,3.0286
16:24,16,24,9,0,1,13.5426,1.228
16:25,16,25,15,0,1,14.9749,1.4372
16:26,16,26,21,4,1,17.9494,0.6339
16:27,16,27,21,4,1,19.3499,0.1377
16:28,16,28,19,4,1,19.1531,0.8038
16:29,16,29,8,6,1,16.6702,0.6931
16:30,16,30,20,4,1,18.4858,0.7642
16:31,16,31,15,6,1,16.9856,0.6336
16:32,16,32,12,6,1,17.0296,0.6902
16:33,16,33,22,4,1,19.1747,0.0372
16:34,16,34,10,0,1,14.3867,0.9947
16:35,16,35,32,4,1,19.2023,-0.0827
16:36,16,36,28,4,1,18.8009,-0.709
16:37,16,37,14,6,1,15.8251,1.6398
16:38,16,38,18,6,1,15.6771,1.8473
16:39,16,39,11,0,1,15.1998,-0.432
16:40,16,40,10,1,1,12.744,0.5006
16:41,16,41,18,0,1,15.7689,1.459
16:42,16,42,5,3,1,15.7268,1.9466
16:43,16,43,15,1,1,13.2079,0.8215
16:44,16,44,12,1,1,14.503,2.6466
16:45,16,45,16,6,1,15.6692,0.7845
16:46,16,46,7,0,1,13.1907,2.9323
16:47,16,47,8,3,1,14.4557,2.3452
16:48,16,48,17,6,1,16.0198,3.1831
16:49,16,49,14,6,1,15.7275,3.7882
16:50,16,50,7,0,1,15.3569,1.6289
16:51,16,51,12,6,1,15.2459,3.1602
16:52,16,52,11,6,1,15.5208,3.718
16:53,16,53,12,6,1,14.7783,2.4747
16:54,16,54,10,0,1,14.7243,1.1418
16:55,16,55,6,0,1,14.113,1.6628
16:56,16,56,12,0,1,14.2418,1.587
16:57,16,57,7,0,1,14.6954,1.9149
16:58,16,58,9,0,1,13.474,1.5157
16:59,16,59,19,0,1,14.9201,1.4302
16:60,16,60,12,6,1,15.3291,1.6298
16:61,16,61,23,4,1,18.8506,0.5182
16:62,16,62,17,0,1,15.4827,-0.1961
16:63,16,63,17,4,1,18.8642,0.2327
16:64,16,64,14,1,1,14.1225,2.6516
16:65,16,65,16,6,1,15.854,3.5588
16:66,16,66,17,6,1,14.4033,2.3561
16:67,16,67,15,6,1,14.9101,2.4886
16:68,16,68,13,6,1,14.8193,2.9637
16:69,16,69,24,4,1,19.5908,1.0952
16:70,16,70,20,6,1,18.842,1.5398
16:71,16,71,22,4,1,19.3815,0.7068
16:72,16,72,21,4,1,19.7401,0.7278
16:73,16,73,15,6,1,15.3585,1.7787
16:74,16,74,10,6,1,15.2135,2.3094
16:75,16,75,27,4,1,19.819,0.5349
16:76,16,76,29,4,1,19.8545,0.3709
16:77,16,77,19,6,1,15.4546,3.8522
16:78,16,78,15,6,1,15.7969,2.6899
16:79,16,79,18,6,1,15.9158,3.2157
16:80,16,80,25,4,1,19.753,0.6576
16:81,16,81,25,4,1,19.6299,0.7429
16:82,16,82,6,3,1,13.4558,2.501
16:83,16,83,7,0,1,15.027,1.1653
16:84,16,84,14,0,1,14.2317,0.0959
16:85,16,85,11,0,1,15.2779,0.4445
16:86,16,86,19,4,1,18.5077,-0.1768
16:87,16,87,10,0,1,14.4306,1.4207
16:88,16,88,13,0,1,15.7825,0.5882
16:89,16,89,24,4,1,18.8965,-0.6046
16:90,16,90,16,6,1,19.0713,1.3685
16:91,16,91,20,4,1,19.2076,0.4788
16:92,16,92,32,4,1,19.2333,0.2176
16:93,16,93,17,6,1,15.6776,2.4606
16:94,16,94,19,4,1,19.108,0.2985
16:95,16,95,15,6,1,15.1572,2.2849
16:96,16,96,15,6,1,16.1822,1.6681
16:97,16,97,18,4,1,17.8181,0.7511
16:98,16,98,8,3,1,15.8566,2.0196
16:99,16,99,10,6,1,14.2696,3.1564
16:100,16,100,9,6,1,14.827,3.0658
16:101,16,101,17,1,1,13.7857,1.1726
16:102,16,102,13,6,1,14.8841,2.9042
16:103,16,103,16,1,1,13.9379,0.4207
16:104,16,104,12,6,1,15.8284,0.8522
16:105,16,105,11,6,1,15.4731,-0.3738
16:106,16,106,24,4,1,18.6761,0.1604
16:107,16,107,13,6,1,15.2798,0.9553
16:108,16,108,11,6,1,16.44,1.0199
16:109,16,109,7,0,1,13.2999,1.8305
16:110,16,110,18,6,1,16.7733,2.3364
16:111,16,111,15,6,1,14.6323,1.8596
16:112,16,112,24,4,1,19.7135,0.3737
16:113,16,113,9,0,1,15.1336,-0.1833
16:114,16,114,13,6,1,15.3652,2.1669
16:115,16,115,22,4,1,19.48,0.9726
16:116,16,116,22,4,1,18.9291,-0.0286
16:117,16,117,5,2,0,-3.2371,2.2472
16:118,16,118,15,1,1,13.8528,0.267
16:119,16,119,19,6,1,16.8291,2.309
16:120,16,120,11,6,1,14.2773,2.8554
16:121,16,121,7,3,1,14.5131,3.4908
16:122,16,122,9,1,1,15.4005,2.0465
16:123,16,123,12,1,1,14.3596,2.9453
16:124,16,124,17,6,1,16.4065,3.026
16:125,16,125,22,4,1,18.4497,1.1791
16:126,16,126,12,0,1,15.3463,0.6175
16:127,16,127,14,6,1,15.0168,2.0343
16:128,16,128,8,3,1,15.8251,2.2729
17:1,17,1,21,4,1,19.1662,0.6208
17:2,17,2,12,1,1,13.1492,0.1188
17:3,17,3,9,1,1,14.0164,-0.1241
17:4,17,4,13,1,1,13.2389,0.3041
17:5,17,5,17,1,1,13.5147,0.266
17:6,17,6,11,1,1,12.9995,0.157
17:7,17,7,23,4,1,19.301,0.3331
17:8,17,8,11,1,1,13.2178,0.3874
17:9,17,9,16,6,1,16.4907,1.7135
17:10,17,10,9,1,1,14.7641,0.2479
17:11,17,11,8,0,1,13.4216,3.389
17:12,17,12,23,4,1,18.7393,-0.4722
17:13,17,13,13,6,1,14.0905,3.1799
17:14,17,14,7,2,0,-3.5837,1.9271
17:15,17,15,21,4,1,18.9887,0.5514
17:16,17,16,14,1,1,13.2731,0.4479
17:17,17,17,13,1,1,13.2245,0.4713
17:18,17,18,18,6,1,13.3299,0.2551
17:19,17,19,12,0,1,15.6393,0.5272
17:20,17,20,12,6,1,15.2395,3.6966
17:21,17,21,11,1,1,14.2433,-0.4912
17:22,17,22,9,6,1,15.154,2.4674
17:23,17,23,25,4,1,19.4938,0.6033
17:24,17,24,12,6,1,15.0513,2.6328
17:25,17,25,12,6,1,16.834,2.5666
17:26,17,26,10,0,1,14.9829,1.9888
17:27,17,27,9,0,1,15.7782,0.6607
17:28,17,28,12,6,1,14.916,2.7552
17:29,17,29,13,6,1,15.167,2.5332
17:30,17,30,12,6,1,16.2345,3.4071
17:31,17,31,13,6,1,15.239,1.1054
17:32,17,32,8,0,1,15.1274,1.9358
17:33,17,33,22,4,1,19.5011,-0.3188
17:34,17,34,17,0,1,15.0523,2.0734
17:35,17,35,11,2,0,-4.2069,1.8289
17:36,17,36,16,6,1,14.3443,3.1449
17:37,17,37,13,6,1,15.2918,2.3266
17:38,17,38,7,3,1,14.1354,3.9015
17:39,17,39,18,6,1,15.2332,2.6483
17:40,17,40,11,6,1,14.5038,2.6257
17:41,17,41,10,1,1,12.5605,0.1691
17:42,17,42,13,6,1,14.4979,2.4746
17:43,17,43,6,0,1,14.0942,1.9612
17:44,17,44,21,4,1,19.4151,1.0277
17:45,17,45,12,1,1,13.3124,0.7488
17:46,17,46,19,4,1,18.6196,-0.4847
17:47,17,47,19,4,1,17.8565,-0.038
17:48,17,48,9,0,1,14.3929,-0.4884
17:49,17,49,9,1,1,12.8202,0.3125
17:50,17,50,5,5,0,-3.3584,2.2232
17:51,17,51,25,4,1,19.3567,-0.2105
17:52,17,52,9,0,1,13.746,2.1608
17:53,17,53,16,0,1,15.7695,1.5612
17:54,17,54,14,6,1,15.9739,1.3434
17:55,17,55,15,6,1,15.5169,3.5183
17:56,17,56,13,6,1,15.048,1.4985
17:57,17,57,18,4,1,18.3376,0.6037
17:58,17,58,18,1,1,15.0992,0.2004
17:59,17,59,21,4,1,18.7543,-0.5202
17:60,17,60,25,4,1,19.0047,-0.35
17:61,17,61,13,1,1,13.6813,-0.0505
17:62,17,62,15,6,1,15.16,2.6426
17:63,17,63,10,6,1,14.4024,2.1474
17:64,17,64,19,4,1,19.6334,0.4652
17:65,17,65,9,0,1,14.1287,3.1985
17:66,17,66,14,6,1,16.3264,2.7972
17:67,17,67,18,6,1,15.1653,1.3627
17:68,17,68,15,0,1,15.1838,1.8604
17:69,17,69,22,4,1,18.6103,0.6778
17:70,17,70,17,4,1,18.8485,-0.613
17:71,17,71,15,4,1,18.531,0.0095
17:72,17,72,11,0,1,13.8194,1.8933
17:73,17,73,13,0,1,14.3472,1.4603
17:74,17,74,9,0,1,13.7859,1.7952
17:75,17,75,12,6,1,14.648,2.7411
17:76,17,76,13,0,1,14.5749,1.5004
17:77,17,77,11,1,1,13.1459,0.7194
17:78,17,78,14,6,1,15.2134,3.035
17:79,17,79,12,6,1,15.6184,3.2214
17:80,17,80,14,6,1,14.493,3.2056
17:81,17,81,9,0,1,13.4088,2.5482
17:82,17,82,13,1,1,12.9598,0.7284
17:83,17,83,12,1,1,12.4738,0.2851
17:84,17,84,11,6,1,15.3768,2.7454
17:85,17,85,14,6,1,15.1173,2.5427
17:86,17,86,13,1,1,13.3052,0.5705
17:87,17,87,9,3,1,14.8068,3.597
17:88,17,88,19,4,1,17.576,0.0232
17:89,17,89,14,1,1,13.0377,0.1042
17:90,17,90,10,1,1,13.5505,0.6705
17:91,17,91,11,0,1,14.8028,1.9783
17:92,17,92,12,6,1,13.4358,0.8497
17:93,17,93,26,4,1,19.2931,0.2953
17:94,17,94,15,6,1,15.5625,2.1308
17:95,17,95,14,6,1,13.5178,0.729
17:96,17,96,11,6,1,15.6487,2.6635
17:97,17,97,27,4,1,19.0758,0.5621
17:98,17,98,14,1,1,13.6236,0.2485
17:99,17,99,23,4,1,18.9505,1.5472
17:100,17,100,14,6,1,15.1816,2.7988
17:101,17,101,18,4,1,19.2474,-0.9134
17:102,17,102,15,6,1,15.3982,3.0208
17:103,17,103,9,0,1,12.9826,2.0679
17:104,17,104,14,2,0,-4.1813,2.1787
17:105,17,105,9,1,1,12.5872,1.2136
17:106,17,106,9,1,1,12.546,0.7116
17:107,17,107,18,6,1,14.8038,1.654
17:108,17,108,8,1,1,12.9694,0.4962
17:109,17,109,5,0,1,13.7237,1.5773
17:110,17,110,22,4,1,18.4814,1.0907
17:111,17,111,21,6,1,18.6906,1.7002
18:1,18,1,11,6,1,15.0843,3.9736
18:2,18,2,15,6,1,16.4039,1.6722
18:3,18,3,3,7,1,12.7512,3.3719
18:4,18,4,6,3,1,14.5669,2.1505
18:5,18,5,16,0,1,15.0659,-0.4858
18:6,18,6,11,6,1,14.6599,1.7756
18:7,18,7,11,1,1,12.7004,-0.0584
18:8,18,8,6,1,1,12.2749,0.8701
18:9,18,9,10,1,1,13.3841,0.1443
18:10,18,10,16,1,1,13.4648,0.3817
18:11,18,11,7,2,0,-3.922,2.2013
18:12,18,12,9,1,1,13.1071,0.7548
18:13,18,13,11,1,1,13.4642,0.6178
18:14,18,14,19,1,1,18.1687,-0.3479
18:15,18,15,18,4,1,18.7043,-0.1489
18:16,18,16,19,4,1,19.4453,0.858
18:17,18,17,34,4,1,19.3823,0.4439
18:18,18,18,22,4,1,19.6077,0.0135
18:19,18,19,38,4,1,19.8393,-0.3018
18:20,18,20,13,0,1,14.476,1.5796
18:21,18,21,32,4,1,19.0499,-0.335
18:22,18,22,33,4,1,19.6885,0.1173
18:23,18,23,7,3,1,14.5918,2.3819
18:24,18,24,17,6,1,14.939,2.6972
18:25,18,25,8,2,0,-4.1628,1.8448
18:26,18,26,23,4,1,18.996,1.2914
18:27,18,27,15,6,1,14.5422,2.8702
18:28,18,28,30,4,1,19.1223,0.6855
18:29,18,29,28,4,1,19.2541,0.0118
18:30,18,30,12,1,1,16.4859,1.5881
18:31,18,31,28,4,1,17.8928,0.3601
18:32,18,32,14,1,1,16.9536,0.2819
18:33,18,33,11,1,1,13.1233,0.7023
18:34,18,34,13,0,1,13.4167,2.0416
18:35,18,35,12,0,1,16.9497,0.6452
18:36,18,36,12,6,1,13.9788,2.5638
18:37,18,37,16,6,1,15.8733,3.5988
18:38,18,38,8,3,1,14.8661,3.6597
18:39,18,39,19,6,1,16.9152,0.6349
18:40,18,40,15,6,1,16.8969,0.6757
18:41,18,41,8,2,0,-3.6148,1.58
18:42,18,42,19,4,1,19.5729,-0.0967
18:43,18,43,11,6,1,15.0033,2.0661
18:44,18,44,9,6,1,15.4698,3.2429
18:45,18,45,23,4,1,19.8173,0.7228
18:46,18,46,13,6,1,15.6616,2.7719
18:47,18,47,11,1,1,13.0242,0.4669
18:48,18,48,16,6,1,16.6757,0.2376
18:49,18,49,27,4,1,19.1635,-0.3513
18:50,18,50,26,4,1,18.9735,-0.5321
18:51,18,51,13,6,1,15.5941,3.7231
18:52,18,52,13,1,1,13.8623,0.7658
18:53,18,53,10,0,1,15.6625,0.1242
18:54,18,54,14,1,1,12.6532,0.1457
18:55,18,55,19,4,1,18.5414,0.3018
18:56,18,56,18,4,1,18.4817,-0.516
18:57,18,57,30,4,1,19.0839,0.5721
18:58,18,58,19,6,1,16.6467,2.2137
18:59,18,59,8,1,1,13.3471,0.4478
18:60,18,60,13,0,1,14.081,0.9154
18:61,18,61,11,0,1,14.2384,1.0175
18:62,18,62,12,1,1,13.1288,0.2528
18:63,18,63,20,4,1,19.5838,0.699
18:64,18,64,9,1,1,13.3018,0.5467
18:65,18,65,12,1,1,12.8836,0.4344
18:66,18,66,11,3,1,14.4365,2.3656
18:67,18,67,6,3,1,14.3283,2.0708
18:68,18,68,8,2,0,-3.9807,1.6946
18:69,18,69,10,6,1,14.758,2.4871
18:70,18,70,12,6,1,14.4188,2.2956
18:71,18,71,15,6,1,13.7438,1.182
18:72,18,72,8,0,1,14.3363,2.1222
18:73,18,73,10,2,0,-4.0863,1.7764
18:74,18,74,16,6,1,15.0196,1.142
18:75,18,75,9,6,1,14.3422,2.1446
18:76,18,76,13,0,1,14.3733,2.277
18:77,18,77,24,4,1,19.5392,-0.33
18:78,18,78,12,6,1,14.6877,2.4283
18:79,18,79,17,0,1,14.4274,0.9623
18:80,18,80,10,0,1,14.1601,1.4342
18:81,18,81,9,1,1,13.0629,0.2158
18:82,18,82,35,4,1,19.5145,-0.3826
18:83,18,83,9,0,1,13.3525,2.0176
18:84,18,84,10,1,1,12.7385,-0.0567
18:85,18,85,2,5,0,-2.3701,1.8729
18:86,18,86,24,4,1,19.2802,-0.4681
18:87,18,87,13,6,1,15.4487,0.4607
18:88,18,88,13,1,1,16.1662,1.5903
18:89,18,89,3,7,1,11.3886,3.3214
18:90,18,90,15,1,1,13.4364,1.0845
18:91,18,91,6,2,0,-3.9583,2.1985
18:92,18,92,3,7,1,11.4027,3.3147
18:93,18,93,13,0,1,13.9649,1.6753
18:94,18,94,19,4,1,18.2195,-0.3752
18:95,18,95,12,6,1,14.6267,2.5097
18:96,18,96,19,4,1,17.9794,-0.1941
18:97,18,97,8,2,0,-3.8972,1.6537
18:98,18,98,15,6,1,15.1557,3.0735
18:99,18,99,11,1,1,12.138,0.7375
18:100,18,100,5,1,1,12.6667,0.7347
18:101,18,101,11,0,1,14.4195,1.3463
18:102,18,102,14,1,1,14.9807,0.6699
18:103,18,103,5,1,1,13.2735,2.0938
18:104,18,104,11,0,1,15.9818,1.6788
18:105,18,105,14,6,1,16.2876,0.7094
18:106,18,106,9,0,1,14.5365,1.4728
18:107,18,107,10,0,1,16.8758,0.8735
18:108,18,108,6,2,0,-3.713,1.7972
18:109,18,109,18,6,1,15.5549,2.3699
18:110,18,110,24,4,1,19.1733,0.9298
19:1,19,1,1,5,1,8.8162,4.3463
19:2,19,2,5,3,1,14.1095,3.9679
19:3,19,3,5,1,1,12.3401,0.9542
19:4,19,4,14,6,1,15.0503,2.6447
19:5,19,5,13,6,1,14.6876,2.3263
19:6,19,6,8,0,1,15.4075,0.4764
19:7,19,7,12,6,1,14.596,3.7505
19:8,19,8,14,6,1,14.6136,2.6309
19:9,19,9,14,6,1,14.9341,2.8797
19:10,19,10,13,6,1,14.9711,2.5943
19:11,19,11,11,0,1,14.1575,1.1848
19:12,19,12,7,3,1,13.9458,3.452
19:13,19,13,6,1,1,12.3746,0.6742
19:14,19,14,6,7,1,12.7846,2.9507
19:15,19,15,9,2,0,-4.0604,1.7838
19:16,19,16,10,2,0,-4.1039,1.9086
19:17,19,17,11,1,1,13.9017,0.8755
19:18,19,18,8,3,1,13.6029,2.2102
19:19,19,19,9,3,1,14.0802,3.062
19:20,19,20,11,0,1,14.3439,2.3971
19:21,19,21,15,6,1,15.0572,2.8886
19:22,19,22,5,2,0,-3.7157,1.7594
19:23,19,23,13,0,1,14.7154,2.1133
19:24,19,24,10,3,1,14.7996,3.1067
19:25,19,25,8,3,1,16.9111,0.663
19:26,19,26,18,4,1,19.2281,-0.0044
19:27,19,27,10,2,0,-4.1871,1.8142
19:28,19,28,11,0,1,14.2437,0.8481
19:29,19,29,10,0,1,13.4021,1.2063
19:30,19,30,8,3,1,13.9179,3.1035
19:31,19,31,11,1,1,14.6088,2.601
19:32,19,32,6,7,1,12.9042,3.0526
19:33,19,33,9,6,1,15.2116,3.846
19:34,19,34,9,0,1,14.9377,0.8281
19:35,19,35,16,6,1,15.2586,3.0727
19:36,19,36,8,3,1,14.6708,3.5239
19:37,19,37,11,0,1,15.115,0.8393
19:38,19,38,11,1,1,13.3428,0.5624
19:39,19,39,12,2,0,-4.1215,1.7193
19:40,19,40,8,1,1,12.8242,0.1104
19:41,19,41,8,3,1,13.8157,2.835
19:42,19,42,15,2,0,-4.0501,1.6766
19:43,19,43,13,6,1,14.7218,2.4012
19:44,19,44,9,6,1,15.7851,1.6624
19:45,19,45,11,6,1,15.519,1.3843
19:46,19,46,12,6,1,16.1125,2.4065
19:47,19,47,10,3,1,16.8471,2.6347
19:48,19,48,14,6,1,14.8156,2.4391
19:49,19,49,14,1,1,14.1505,0.3355
19:50,19,50,9,1,1,12.7162,0.199
19:51,19,51,10,0,1,13.8612,2.5293
19:52,19,52,7,1,1,12.3402,0.7339
19:53,19,53,7,1,1,12.3498,0.3965
19:54,19,54,11,0,1,13.7626,2.6543
19:55,19,55,9,6,1,14.5074,2.4781
19:56,19,56,8,3,1,13.7438,2.8243
19:57,19,57,3,5,0,-2.9149,2.1491
19:58,19,58,29,4,1,18.6927,0.4235
19:59,19,59,11,0,1,14.7857,0.9536
19:60,19,60,12,0,1,16.8673,0.9408
19:61,19,61,11,6,1,16.8452,0.7138
19:62,19,62,11,0,1,14.2255,1.242
19:63,19,63,9,1,1,13.0125,0.9643
19:64,19,64,18,1,1,13.7434,0.538
19:65,19,65,12,6,1,15.4306,3.8845
19:66,19,66,8,0,1,13.4405,3.3739
19:67,19,67,10,1,1,13.5513,3.3401
19:68,19,68,8,1,1,13.1564,0.6301
19:69,19,69,10,1,1,12.8444,0.537
19:70,19,70,8,1,1,12.9977,0.8784
19:71,19,71,9,3,1,14.3162,3.7134
19:72,19,72,8,1,1,12.5102,0.8284
19:73,19,73,16,4,1,17.8407,-0.0026
19:74,19,74,9,1,1,12.3788,0.6071
19:75,19,75,25,4,1,19.0345,0.1779
19:76,19,76,13,6,1,15.4374,2.5363
19:77,19,77,8,1,1,12.6904,2.1935
19:78,19,78,7,0,1,14.5506,1.9667
19:79,19,79,9,1,1,14.5754,0.0509
19:80,19,80,5,2,0,-3.6728,1.8511
19:81,19,81,8,0,1,14.691,1.6753
19:82,19,82,6,0,1,13.471,1.5063
19:83,19,83,9,1,1,13.6746,1.3716
19:84,19,84,7,1,1,13.0456,0.5617
19:85,19,85,6,1,1,12.8002,0.4973
19:86,19,86,5,1,1,12.4488,1.1625
19:87,19,87,9,6,1,14.8224,1.7409
19:88,19,88,4,7,1,14.0099,2.4802
19:89,19,89,4,7,1,12.5579,2.9913
19:90,19,90,9,6,1,15.501,3.71
19:91,19,91,4,7,1,12.9715,3.0033
19:92,19,92,6,7,1,13.144,2.994
19:93,19,93,10,6,1,15.5163,3.977
19:94,19,94,4,0,1,13.7002,1.6994
19:95,19,95,5,7,1,12.1967,3.0661
19:96,19,96,9,0,1,16.5551,1.5833
19:97,19,97,10,6,1,13.713,2.4508
19:98,19,98,14,1,1,12.7118,0.593
20:1,20,1,1,7,1,8.5132,4.5421
20:2,20,2,5,2,0,-3.4942,2.1702
20:3,20,3,4,3,1,13.3524,3.0651
20:4,20,4,6,3,1,13.955,3.511
20:5,20,5,4,3,1,13.6681,3.7047
20:6,20,6,12,3,1,15.5982,3.9061
20:7,20,7,7,3,1,14.8188,3.4178
20:8,20,8,8,3,1,15.0679,3.6661
20:9,20,9,4,5,0,-3.0391,1.8958
20:10,20,10,18,6,1,15.6666,0.1998
20:11,20,11,4,7,1,12.6263,3.3248
20:12,20,12,9,3,1,14.2173,3.285
20:13,20,13,5,2,0,-3.3652,1.7091
20:14,20,14,11,3,1,14.4371,3.5631
20:15,20,15,10,0,1,13.8363,2.4862
20:16,20,16,10,6,1,14.9703,2.1236
20:17,20,17,4,5,0,-3.0402,1.5994
20:18,20,18,13,6,1,14.3984,2.3846
20:19,20,19,3,5,0,-2.9784,2.1317
20:20,20,20,5,7,1,12.2138,3.3203
20:21,20,21,7,2,0,-4.0095,1.697
20:22,20,22,11,2,0,-4.1179,1.9329
20:23,20,23,4,5,0,-3.2857,2.0105
20:24,20,24,5,3,1,13.6726,3.827
20:25,20,25,5,7,1,12.7007,2.8303
20:26,20,26,3,7,1,11.3589,2.6904
20:27,20,27,4,7,1,11.6145,2.7466
20:28,20,28,2,5,0,-2.8433,1.8995
20:29,20,29,5,7,1,11.8309,2.4726
20:30,20,30,2,5,0,-2.5438,1.995
20:31,20,31,3,5,0,-2.6927,2.136
20:32,20,32,3,5,0,-2.7626,2.0902
20:33,20,33,3,5,0,-2.4915,1.8191
20:34,20,34,2,5,0,-2.5652,1.7628
20:35,20,35,4,7,1,12.4183,1.1617
20:36,20,36,5,2,0,-3.2018,1.7571
20:37,20,37,5,1,1,12.7474,1.0037
20:38,20,38,6,7,1,12.7544,3.1575
20:39,20,39,22,4,1,19.8425,0.1181
20:40,20,40,34,4,1,19.8213,-0.2092
20:41,20,41,2,5,0,-2.805,1.912
20:42,20,42,8,2,0,-3.8357,1.9359
20:43,20,43,5,3,1,13.6694,3.8037
20:44,20,44,8,3,1,13.6539,2.8819
20:45,20,45,10,1,1,13.2199,0.6252
20:46,20,46,7,3,1,14.0997,2.0993
20:47,20,47,21,4,1,19.1235,-0.4097
20:48,20,48,10,1,1,15.1907,-0.4105
20:49,20,49,4,3,1,13.7921,3.9842
20:50,20,50,9,3,1,15.2619,3.7661
20:51,20,51,5,5,0,-3.1167,1.6117
20:52,20,52,11,3,1,13.985,3.2211
20:53,20,53,19,4,1,19.5877,1.3178
20:54,20,54,9,3,1,13.625,2.5963
20:55,20,55,8,2,0,-4.1237,2.1417
20:56,20,56,6,1,1,14.8316,-0.6522
20:57,20,57,7,2,0,-3.9898,2.2265
20:58,20,58,14,1,1,13.6168,0.5671
20:59,20,59,8,0,1,13.7457,2.1944
20:60,20,60,6,3,1,13.5818,3.5767
20:61,20,61,15,6,1,15.2811,0.0197
20:62,20,62,5,0,1,13.2388,1.4983
20:63,20,63,13,0,1,13.2711,2.1329
20:64,20,64,10,0,1,14.1938,1.7769
20:65,20,65,11,1,1,13.7128,0.7888
20:66,20,66,12,0,1,14.3215,1.7942
20:67,20,67,5,7,1,12.2612,3.3345
20:68,20,68,6,3,1,13.1996,1.1472
20:69,20,69,16,0,1,14.3418,1.3824
20:70,20,70,8,1,1,13.2718,0.8245
20:71,20,71,26,4,1,19.6958,0.4567
20:72,20,72,19,1,1,14.0999,0.237
20:73,20,73,14,1,1,16.6258,2.6898
20:74,20,74,13,6,1,15.4205,3.6634
20:75,20,75,10,6,1,16.4157,1.055
20:76,20,76,12,6,1,16.8581,0.6433
20:77,20,77,18,6,1,14.1071,0.9354
20:78,20,78,8,0,1,13.7142,1.0996
20:79,20,79,5,7,1,11.7132,2.8229
20:80,20,80,14,4,1,18.2369,-0.1837
20:81,20,81,17,6,1,15.4063,2.1733
20:82,20,82,9,6,1,16.804,2.327
20:83,20,83,5,5,0,-3.1321,1.5719
20:84,20,84,9,0,1,13.6782,1.4133
20:85,20,85,9,1,1,12.8965,0.8158
20:86,20,86,26,4,1,19.5095,-0.7844
20:87,20,87,15,4,1,18.4517,-0.289
20:88,20,88,12,0,1,14.3801,1.1682
20:89,20,89,12,0,1,13.9701,1.3509
20:90,20,90,16,6,1,15.001,1.8193
20:91,20,91,9,1,1,13.611,0.6094
20:92,20,92,7,0,1,13.4406,1.7818
20:93,20,93,4,7,1,13.023,2.682
20:94,20,94,18,4,1,19.3713,-0.0676
20:95,20,95,4,7,1,12.6094,2.8479
20:96,20,96,16,6,1,14.645,1.3367
20:97,20,97,28,4,1,19.6474,0.5277
20:98,20,98,12,3,1,15.1591,3.6776
20:99,20,99,13,1,1,13.234,0.8687
20:100,20,100,8,6,1,16.0017,1.9335
20:101,20,101,7,2,0,-3.7531,1.9295
20:102,20,102,8,1,1,12.2078,1.2989
20:103,20,103,6,0,1,13.7075,1.9472
20:104,20,104,12,1,1,13.848,0.3911
20:105,20,105,7,0,1,13.5839,2.2799
20:106,20,106,3,5,0,-2.553,2.2043
20:107,20,107,6,7,1,12.9161,3.3197
20:108,20,108,13,0,1,14.9339,1.6567
20:109,20,109,12,6,1,15.0249,1.8676
20:110,20,110,10,2,1,14.2848,2.7097
20:111,20,111,9,0,1,13.8353,1.5401
20:112,20,112,11,6,1,16.1916,1.9329
20:113,20,113,14,1,1,12.7148,0.5798
20:114,20,114,17,6,1,15.25,3.3748
20:115,20,115,11,2,0,-4.1629,2.1071
20:116,20,116,9,1,1,13.7165,0.0292
20:117,20,117,12,1,1,14.184,0.1193
20:118,20,118,7,3,1,13.1189,3.1994
20:119,20,119,6,3,1,13.2672,3.0895
20:120,20,120,13,6,1,15.6285,2.614
20:121,20,121,15,6,1,16.1943,1.0312
20:122,20,122,6,3,1,13.9092,3.7843
20:123,20,123,18,4,1,18.3948,0.6317
20:124,20,124,12,0,1,15.7287,1.7315
20:125,20,125,8,0,1,13.2181,2.2035
20:126,20,126,8,2,0,-4.0322,2.0555
20:127,20,127,12,6,1,15.4635,0.8793
20:128,20,128,17,6,1,15.2862,1.1191
20:129,20,129,9,3,1,14.671,3.3525
20:130,20,130,20,4,1,19.2549,1.2047
20:131,20,131,18,4,1,19.4014,0.8377
20:132,20,132,12,6,1,14.6468,2.5183
20:133,20,133,13,1,1,13.6699,0.3488
20:134,20,134,19,4,1,18.7078,-0.3651
20:135,20,135,11,6,1,14.3083,2.4024
21:1,21,1,7,0,1,14.4987,1.0725
21:2,21,2,11,0,1,14.5207,1.4815
21:3,21,3,15,0,1,14.6555,0.7174
21:4,21,4,10,6,1,15.4452,3.9392
21:5,21,5,14,6,1,14.2073,2.0786
21:6,21,6,8,0,1,13.4112,1.7546
21:7,21,7,14,1,1,13.2568,0.7376
21:8,21,8,9,1,1,13.307,0.8923
21:9,21,9,8,1,1,12.9985,0.1966
21:10,21,10,8,2,0,-4.1061,2.1243
21:11,21,11,10,2,0,-4.1312,2.1833
21:12,21,12,7,0,1,13.3493,1.6855
21:13,21,13,10,0,1,14.0142,1.4766
21:14,21,14,5,1,1,13.008,0.6709
21:15,21,15,8,0,1,13.3151,1.3484
21:16,21,16,7,1,1,12.5881,-0.192
21:17,21,17,11,1,1,13.0902,0.3468
21:18,21,18,13,1,1,13.1027,0.5106
21:19,21,19,13,6,1,15.6258,3.9152
21:20,21,20,5,0,1,13.586,1.9108
21:21,21,21,7,0,1,14.1895,2.3432
21:22,21,22,13,6,1,15.3181,3.3406
21:23,21,23,6,0,1,13.0791,2.4957
21:24,21,24,22,4,1,18.8612,0.0848
21:25,21,25,15,1,1,13.3022,0.5801
21:26,21,26,8,0,1,14.4372,1.9908
21:27,21,27,6,2,0,-3.966,1.6273
21:28,21,28,15,0,1,14.6506,2.0514
21:29,21,29,13,6,1,14.9539,0.1209
21:30,21,30,18,6,1,18.5403,1.6089
21:31,21,31,13,1,1,12.7861,0.1463
21:32,21,32,8,1,1,12.6581,-0.0643
21:33,21,33,11,6,1,15.9897,3.4985
21:34,21,34,10,1,1,13.0525,0.5744
21:35,21,35,10,1,1,12.9762,0.6789
21:36,21,36,17,6,1,15.2705,1.1154
21:37,21,37,8,2,0,-4.0025,1.9238
21:38,21,38,7,2,0,-3.7959,2.4227
21:39,21,39,16,0,1,15.7116,0.3269
21:40,21,40,10,0,1,14.7218,1.3561
21:41,21,41,13,0,1,14.3645,1.2159
21:42,21,42,13,6,1,15.728,3.0711
21:43,21,43,14,6,1,15.1817,1.6499
21:44,21,44,18,4,1,18.4373,-0.287
21:45,21,45,11,0,1,14.8455,1.4367
21:46,21,46,11,1,1,14.2289,0.1467
21:47,21,47,20,4,1,18.7409,-0.6437
21:48,21,48,8,1,1,12.3482,0.2466
21:49,21,49,8,6,1,15.8875,1.8646
21:50,21,50,7,1,1,12.4418,0.6786
21:51,21,51,9,1,1,12.9696,0.3163
21:52,21,52,11,1,1,13.8298,0.628
21:53,21,53,5,2,0,-3.707,2.0854
21:54,21,54,8,1,1,12.749,1.3545
21:55,21,55,7,1,1,12.7524,0.8547
21:56,21,56,13,6,1,15.2273,3.8602
21:57,21,57,7,3,1,13.7816,2.328
21:58,21,58,8,0,1,13.9343,1.1831
21:59,21,59,8,0,1,13.4049,1.7595
21:60,21,60,7,2,0,-3.9361,2.0993
21:61,21,61,8,0,1,14.2146,1.5847
21:62,21,62,6,2,0,-3.783,2.0247
21:63,21,63,9,2,0,-4.1417,1.7834
21:64,21,64,7,1,1,13.2501,1.0128
21:65,21,65,9,0,1,13.8008,1.2773
21:66,21,66,11,6,1,14.7627,2.3845
21:67,21,67,9,3,1,14.4429,2.4889
21:68,21,68,7,0,1,13.2794,1.4744
21:69,21,69,7,2,0,-4.02,2.1615
21:70,21,70,5,2,0,-4.1353,1.7987
21:71,21,71,8,1,1,12.7622,0.5384
21:72,21,72,8,2,0,-4.1502,2.1804
21:73,21,73,15,1,1,14.0744,0.2034
21:74,21,74,16,4,1,18.0609,-0.1229
21:75,21,75,6,1,1,12.1936,0.5544
21:76,21,76,12,1,1,12.561,0.4152
21:77,21,77,12,1,1,15.0943,-0.5712
21:78,21,78,14,1,1,13.5611,0.3501
21:79,21,79,14,1,1,13.2283,0.1082
21:80,21,80,10,6,1,14.1138,2.4401
21:81,21,81,14,1,1,12.7097,0.4394
21:82,21,82,12,1,1,13.8798,1.3233
21:83,21,83,10,6,1,14.8839,3.7076
21:84,21,84,16,4,1,18.6022,-0.6431
21:85,21,85,7,0,1,12.5734,2.523
21:86,21,86,6,1,1,12.3064,0.5167
21:87,21,87,23,6,1,17.9221,0.082
21:88,21,88,8,1,1,12.5923,0.6047
21:89,21,89,11,6,1,14.8602,2.8191
21:90,21,90,19,4,1,18.6144,-0.6088
21:91,21,91,11,1,1,12.7772,0.2573
21:92,21,92,8,3,1,14.3204,3.5451
21:93,21,93,6,1,1,12.8765,1.249
21:94,21,94,12,6,1,16.1662,1.9423
21:95,21,95,7,0,1,13.7416,1.5253
21:96,21,96,10,0,1,13.5746,3.0493
21:97,21,97,19,4,1,16.6497,0.257
21:98,21,98,11,6,1,14.8629,2.3843
21:99,21,99,9,0,1,13.6343,1.4177
21:100,21,100,7,2,0,-3.8726,1.563
21:101,21,101,9,1,1,16.1392,0.7726
21:102,21,102,9,2,0,-3.8965,1.5154
21:103,21,103,11,6,1,14.5631,1.6387
21:104,21,104,16,1,1,13.3484,0.3076
21:105,21,105,12,1,1,12.7457,-0.0189
21:106,21,106,6,3,1,12.5637,2.8135
21:107,21,107,5,3,1,13.0,1.1619
21:108,21,108,11,3,1,14.0646,2.5349
21:109,21,109,13,0,1,14.5371,1.8333
21:110,21,110,8,3,1,14.7092,3.3713
21:111,21,111,8,3,1,13.451,2.936
21:112,21,112,10,6,1,14.8619,3.1949
22:1,22,1,9,3,1,14.7306,3.156
22:2,22,2,22,4,1,19.0499,0.269
22:3,22,3,12,6,1,15.8304,1.5796
22:4,22,4,11,6,1,15.656,0.8683
22:5,22,5,69,4,1,20.1572,-0.0825
22:6,22,6,13,6,1,15.4068,3.4859
22:7,22,7,12,6,1,13.9065,2.6517
22:8,22,8,13,6,1,15.8623,1.5838
22:9,22,9,15,6,1,15.6822,0.8401
22:10,22,10,9,6,1,14.6694,3.213
22:11,22,11,25,4,1,18.7945,0.5091
22:12,22,12,14,6,1,15.4873,1.4495
22:13,22,13,10,0,1,15.166,1.2943
22:14,22,14,17,6,1,17.1197,0.6363
22:15,22,15,22,4,1,18.9055,1.3194
22:16,22,16,9,3,1,15.7998,1.9324
22:17,22,17,22,4,1,19.0088,0.7983
22:18,22,18,37,4,1,19.0296,1.5136
22:19,22,19,17,6,1,15.7819,0.3298
22:20,22,20,6,2,0,-3.667,1.6302
22:21,22,21,4,7,1,11.9652,2.2377
22:22,22,22,12,0,1,15.323,0.2071
22:23,22,23,22,4,1,17.4389,0.5178
22:24,22,24,9,0,1,14.9518,2.8122
22:25,22,25,25,4,1,18.8007,0.2098
22:26,22,26,16,6,1,14.7801,2.784
22:27,22,27,14,6,1,14.2932,1.701
22:28,22,28,20,4,1,19.0742,0.5326
22:29,22,29,8,0,1,14.6496,1.3903
22:30,22,30,24,4,1,19.4209,0.6593
22:31,22,31,21,4,1,19.0305,1.1947
22:32,22,32,9,6,1,15.9809,2.2435
22:33,22,33,11,6,1,14.4965,2.9908
22:34,22,34,20,4,1,18.8049,0.4809
22:35,22,35,15,6,1,16.0372,1.7132
22:36,22,36,27,4,1,19.2458,0.6118
22:37,22,37,20,4,1,19.1923,1.1209
22:38,22,38,13,6,1,15.7185,2.524
22:39,22,39,10,6,1,15.6969,1.1801
22:40,22,40,35,4,1,19.2358,0.4298
22:41,22,41,17,4,1,18.3971,0.5773
22:42,22,42,9,0,1,15.0073,-0.8288
22:43,22,43,4,5,0,-3.0916,2.1775
22:44,22,44,11,0,1,14.8627,0.066
22:45,22,45,14,6,1,14.2413,1.656
22:46,22,46,23,4,1,18.8974,-0.2006
22:47,22,47,14,6,1,15.6825,1.1005
22:48,22,48,11,0,1,14.325,1.2474
22:49,22,49,8,1,1,12.4092,1.5482
22:50,22,50,8,0,1,16.5953,1.6152
22:51,22,51,8,1,1,15.5843,0.2908
22:52,22,52,27,4,1,19.5447,0.306
22:53,22,53,16,6,1,15.6762,1.4682
22:54,22,54,21,4,1,19.038,0.4104
22:55,22,55,16,0,1,15.6526,0.5386
22:56,22,56,12,6,1,16.9243,0.8861
22:57,22,57,8,0,1,15.4977,-0.3337
22:58,22,58,18,6,1,15.9988,1.2213
22:59,22,59,7,3,1,15.2263,2.5703
22:60,22,60,16,6,1,16.6916,2.5904
22:61,22,61,15,6,1,15.9823,3.5908
22:62,22,62,17,6,1,15.4309,3.2697
22:63,22,63,15,6,1,16.1605,3.4648
22:64,22,64,12,6,1,15.4721,3.9324
22:65,22,65,27,4,1,19.1983,1.4802
22:66,22,66,10,6,1,15.5075,3.9462
22:67,22,67,17,6,1,15.5042,2.7185
22:68,22,68,7,3,1,14.1675,2.6639
22:69,22,69,9,3,1,16.3948,3.0942
22:70,22,70,18,6,1,15.7734,3.3977
22:71,22,71,18,6,1,14.4392,3.0289
22:72,22,72,29,4,1,19.3459,-0.2743
22:73,22,73,28,4,1,19.7196,0.4869
22:74,22,74,9,3,1,15.4292,2.7269
22:75,22,75,11,6,1,15.4523,3.1945
22:76,22,76,10,6,1,14.6292,2.9048
22:77,22,77,11,6,1,15.5742,2.0675
22:78,22,78,44,4,1,19.6903,0.0473
23:1,23,1,3,5,0,-2.7547,1.9413
23:2,23,2,5,7,1,12.1389,2.2424
23:3,23,3,5,7,1,12.1193,2.2608
23:4,23,4,4,3,1,12.4687,2.3237
23:5,23,5,4,7,1,12.1098,2.2608
23:6,23,6,10,0,1,13.5722,1.1529
23:7,23,7,7,2,0,-4.036,1.7577
23:8,23,8,5,0,1,12.5926,2.1583
23:9,23,9,5,7,1,12.1313,2.2248
23:10,23,10,3,5,0,-3.0328,1.688
23:11,23,11,6,0,1,12.3491,2.3772
23:12,23,12,7,1,1,12.2362,0.3549
23:13,23,13,6,1,1,11.9463,1.3383
23:14,23,14,21,4,1,19.6606,1.1893
23:15,23,15,5,3,1,12.8747,2.6837
23:16,23,16,5,3,1,13.14,2.7013
23:17,23,17,10,1,1,12.7393,0.0896
23:18,23,18,13,1,1,12.7738,-0.159
23:19,23,19,13,1,1,16.7869,0.6611
23:20,23,20,9,0,1,12.3299,2.6901
23:21,23,21,15,6,1,14.2304,2.086
23:22,23,22,4,5,0,-3.4336,1.8729
23:23,23,23,16,1,1,13.6546,0.0561
23:24,23,24,26,4,1,19.2958,-0.1061
23:25,23,25,10,0,1,16.7031,0.7075
23:26,23,26,5,3,1,14.7843,-0.5405
23:27,23,27,32,4,1,19.324,-0.2749
23:28,23,28,15,6,1,15.3791,2.9178
23:29,23,29,8,3,1,14.2868,3.0122
23:30,23,30,7,1,1,12.8027,0.6333
23:31,23,31,6,1,1,11.7774,0.9316
23:32,23,32,14,1,1,13.6503,0.1662
23:33,23,33,25,4,1,19.2884,-0.0696
23:34,23,34,7,0,1,14.6746,1.0925
23:35,23,35,9,6,1,13.1616,2.0799
23:36,23,36,4,5,0,-2.9618,1.5383
23:37,23,37,10,1,1,12.803,0.2434
23:38,23,38,12,1,1,15.0552,-0.5489
23:39,23,39,5,3,1,14.8072,-0.5303
23:40,23,40,5,3,1,13.0335,2.6898
23:41,23,41,8,0,1,14.5826,0.3058
23:42,23,42,6,1,1,11.8571,0.8497
23:43,23,43,7,0,1,13.2675,2.453
23:44,23,44,19,4,1,18.7022,-0.6313
23:45,23,45,8,1,1,12.2451,0.2699
23:46,23,46,7,2,0,-4.1627,1.8684
23:47,23,47,7,2,0,-4.1142,2.208
23:48,23,48,4,0,1,14.9042,-0.8163
23:49,23,49,6,1,1,12.3975,0.3336
23:50,23,50,11,1,1,12.9413,0.224
23:51,23,51,11,3,1,14.8672,2.3113
23:52,23,52,8,3,1,14.3371,3.5879
23:53,23,53,9,0,1,13.1251,1.454
23:54,23,54,5,0,1,12.9755,1.9414
23:55,23,55,7,1,1,12.9442,0.916
23:56,23,56,7,1,1,12.4901,0.4946
23:57,23,57,7,3,1,15.7247,1.8459
23:58,23,58,5,3,1,13.9196,2.238
23:59,23,59,5,0,1,12.5513,2.0372
23:60,23,60,10,0,1,15.8096,1.6481
23:61,23,61,7,2,0,-3.9469,1.8985
23:62,23,62,12,1,1,12.7074,1.0571
23:63,23,63,14,0,1,13.9923,1.7691
23:64,23,64,8,1,1,14.6794,0.1076
23:65,23,65,7,0,1,13.6944,1.4232
23:66,23,66,9,2,0,-4.1678,1.8872
23:67,23,67,4,2,0,-3.7238,1.9754
23:68,23,68,10,0,1,15.2898,1.0613
23:69,23,69,7,2,0,-3.7058,1.5257
23:70,23,70,10,0,1,16.8859,0.6688
23:71,23,71,16,6,1,18.8399,1.4674
23:72,23,72,9,6,1,15.5613,2.1718
23:73,23,73,5,3,1,12.8599,2.5096
23:74,23,74,8,0,1,14.8442,1.2677
23:75,23,75,11,1,1,13.3399,0.1248
23:76,23,76,8,0,1,14.9591,0.4463
23:77,23,77,12,1,1,14.5374,0.0297
23:78,23,78,10,6,1,15.9108,3.5254
23:79,23,79,7,0,1,15.8026,3.5603
23:80,23,80,10,6,1,15.5896,3.9819
23:81,23,81,6,0,1,13.1409,1.5874
23:82,23,82,8,1,1,12.7618,0.4147
23:83,23,83,12,1,1,13.3987,0.2935
23:84,23,84,8,3,1,13.7642,2.4018
23:85,23,85,5,3,1,13.611,2.4145
23:86,23,86,8,3,1,15.0824,3.8527
23:87,23,87,5,3,1,13.6433,2.139
23:88,23,88,14,6,1,14.3727,2.6895
23:89,23,89,5,3,1,13.7916,2.1559
23:90,23,90,5,0,1,14.9255,-0.7647
23:91,23,91,24,4,1,18.9912,1.1703
23:92,23,92,6,3,1,14.6577,3.5117
23:93,23,93,6,3,1,14.0427,2.4016
23:94,23,94,6,3,1,14.1307,3.2512
23:95,23,95,7,1,1,13.248,0.8173
23:96,23,96,9,0,1,14.1636,1.5793
23:97,23,97,7,3,1,14.175,3.0792
23:98,23,98,5,7,1,12.2487,2.4394
23:99,23,99,8,3,1,14.4721,3.3323
23:100,23,100,16,6,1,16.3147,3.0915
23:101,23,101,10,1,1,12.155,0.797
23:102,23,102,6,2,0,-4.1295,1.69
23:103,23,103,10,0,1,15.9686,0.2299
23:104,23,104,6,0,1,15.6952,0.0415
23:105,23,105,8,3,1,15.3014,-0.7291
23:106,23,106,8,1,1,13.3934,0.3725
23:107,23,107,7,1,1,13.1313,0.5333
23:108,23,108,5,0,1,13.375,1.9997
23:109,23,109,14,1,1,16.8151,2.5869
23:110,23,110,8,6,1,14.4183,2.2265
23:111,23,111,8,0,1,13.7243,1.5152
23:112,23,112,7,2,0,-3.6851,1.941
23:113,23,113,8,1,1,13.0019,0.9895
23:114,23,114,9,3,1,13.7425,2.1598
23:115,23,115,8,1,1,13.4556,0.9364
23:116,23,116,11,3,1,15.1277,3.7595
23:117,23,117,18,6,1,15.712,1.2374
23:118,23,118,7,3,1,16.805,2.6624
24:1,24,1,9,1,1,12.369,0.3479
24:2,24,2,26,4,1,19.732,0.2664
24:3,24,3,18,6,1,15.1361,2.4994
24:4,24,4,19,4,1,18.9421,0.2401
24:5,24,5,11,6,1,16.766,2.2282
24:6,24,6,17,4,1,18.8229,0.4211
24:7,24,7,9,3,1,15.2212,-0.6227
24:8,24,8,11,0,1,15.2826,-0.4267
24:9,24,9,9,6,1,16.1774,1.4668
24:10,24,10,9,3,1,15.1199,3.306
24:11,24,11,28,4,1,18.6487,0.5457
24:12,24,12,12,0,1,14.3625,1.2725
24:13,24,13,14,6,1,15.435,-0.3419
24:14,24,14,15,6,1,15.8062,1.0717
24:15,24,15,16,6,1,14.4689,3.0756
24:16,24,16,14,1,1,13.8649,0.769
24:17,24,17,9,3,1,14.7368,2.5548
24:18,24,18,7,3,1,15.1147,3.3356
24:19,24,19,20,6,1,16.2144,0.9063
24:20,24,20,9,3,1,15.0215,3.6902
24:21,24,21,34,4,1,19.733,0.5037
24:22,24,22,26,4,1,18.6245,0.4278
24:23,24,23,13,6,1,15.838,0.6655
24:24,24,24,9,2,0,-4.217,1.783
24:25,24,25,11,6,1,15.2467,2.9022
24:26,24,26,16,4,1,19.1456,0.6622
24:27,24,27,18,4,1,18.9113,0.6654
24:28,24,28,22,4,1,19.0942,0.3362
24:29,24,29,17,6,1,17.1866,1.0894
24:30,24,30,15,6,1,15.6447,2.3373
24:31,24,31,78,4,1,20.2106,-0.096
24:32,24,32,17,4,1,19.1116,0.7779
24:33,24,33,48,4,1,19.7801,0.1984
24:34,24,34,13,1,1,13.0902,0.6764
24:35,24,35,48,4,1,19.8102,0.7272
24:36,24,36,14,6,1,14.5371,3.5938
24:37,24,37,19,4,1,18.4899,0.7028
24:38,24,38,14,6,1,15.9628,3.1075
24:39,24,39,22,4,1,18.8372,-0.0854
24:40,24,40,33,4,1,19.3548,0.2724
24:41,24,41,21,6,1,18.7987,1.7051
24:42,24,42,7,3,1,15.2655,3.8883
24:43,24,43,38,4,1,19.3147,1.4436
24:44,24,44,10,6,1,15.6958,3.4006
24:45,24,45,31,4,1,19.6521,1.1435
24:46,24,46,11,1,1,13.1669,0.1778
24:47,24,47,15,1,1,14.0641,0.267
24:48,24,48,11,0,1,14.497,1.8412
24:49,24,49,7,0,1,12.7299,2.1645
24:50,24,50,16,6,1,16.18,1.2254
24:51,24,51,18,4,1,18.5299,0.0282
24:52,24,52,10,6,1,16.2539,1.2166
24:53,24,53,17,6,1,16.0292,2.017
24:54,24,54,23,4,1,18.463,1.0063
24:55,24,55,38,4,1,19.4042,0.1236
24:56,24,56,8,3,1,14.9459,2.0263
24:57,24,57,11,6,1,15.7436,0.3113
24:58,24,58,49,4,1,20.1033,-0.1303
24:59,24,59,19,4,1,18.8667,0.2476
24:60,24,60,23,4,1,20.3586,0.3291
24:61,24,61,76,4,1,20.1296,-0.2152
24:62,24,62,39,4,1,18.9209,0.4775
24:63,24,63,27,4,1,19.2005,0.108
24:64,24,64,22,4,1,18.985,1.5426
25:1,25,1,9,6,1,15.4599,2.3046
25:2,25,2,19,4,1,18.9523,1.5235
25:3,25,3,22,4,1,18.9496,0.2265
25:4,25,4,16,0,1,15.1896,0.7987
25:5,25,5,9,0,1,13.4024,0.8397
25:6,25,6,12,6,1,16.5098,3.0725
25:7,25,7,16,0,1,15.0044,1.8858
25:8,25,8,17,6,1,14.8634,1.9874
25:9,25,9,9,0,1,14.4466,-0.4836
25:10,25,10,17,6,1,16.9005,0.6378
25:11,25,11,8,1,1,14.9129,-0.6646
25:12,25,12,9,0,1,13.7846,1.5617
25:13,25,13,9,0,1,14.332,1.2928
25:14,25,14,8,0,1,14.2413,1.8884
25:15,25,15,13,6,1,16.8782,0.631
25:16,25,16,10,6,1,15.1819,2.5579
25:17,25,17,16,6,1,15.6728,1.0071
25:18,25,18,21,4,1,18.678,-0.1557
25:19,25,19,15,6,1,15.2041,-0.2341
25:20,25,20,20,4,1,18.5868,-0.5261
25:21,25,21,19,4,1,18.3147,-0.1924
25:22,25,22,10,0,1,14.1432,1.3558
25:23,25,23,9,1,1,12.7413,0.2763
25:24,25,24,7,6,1,16.8296,0.675
25:25,25,25,7,3,1,13.9598,3.4511
25:26,25,26,9,6,1,15.0128,0.8037
25:27,25,27,11,6,1,15.3903,2.7218
25:28,25,28,6,3,1,13.0019,3.3458
25:29,25,29,11,6,1,15.5711,1.5267
25:30,25,30,9,0,1,14.4413,1.5703
25:31,25,31,11,1,1,12.8627,0.6724
25:32,25,32,15,6,1,14.9636,0.357
25:33,25,33,8,0,1,13.4464,1.2525
25:34,25,34,11,6,1,16.4187,0.8982
25:35,25,35,9,2,0,-4.1183,2.1748
25:36,25,36,9,1,1,14.8596,-0.5937
25:37,25,37,13,1,1,14.6584,-0.5764
25:38,25,38,8,3,1,14.294,2.0445
25:39,25,39,7,1,1,12.716,0.3007
25:40,25,40,16,0,1,14.1875,0.6453
25:41,25,41,11,6,1,14.7021,1.6051
25:42,25,42,17,1,1,14.5016,0.063
25:43,25,43,9,6,1,15.0442,2.6601
25:44,25,44,15,0,1,14.5252,1.2043
25:45,25,45,16,6,1,15.9973,3.6282
25:46,25,46,5,1,1,11.9291,1.1181
25:47,25,47,11,6,1,15.8985,3.6084
25:48,25,48,13,1,1,12.8366,-0.0861
25:49,25,49,10,1,1,12.8269,-0.0455
25:50,25,50,9,0,1,13.2403,0.2211
25:51,25,51,7,1,1,12.3359,1.164
25:52,25,52,7,2,1,13.2495,1.686
25:53,25,53,15,6,1,15.5618,0.6996
25:54,25,54,12,6,1,15.9149,3.7151
25:55,25,55,14,6,1,15.6558,1.0534
25:56,25,56,5,1,1,12.4812,1.3491
25:57,25,57,14,6,1,16.0822,2.5015
25:58,25,58,13,6,1,15.6245,4.0179
25:59,25,59,17,6,1,15.7918,3.8858
25:60,25,60,13,1,1,13.8562,0.137
25:61,25,61,11,6,1,15.74,3.7659
25:62,25,62,13,6,1,15.9969,3.4587
25:63,25,63,12,0,1,15.6809,2.5657
25:64,25,64,5,0,1,15.606,1.9306
25:65,25,65,11,1,1,14.6567,0.0789
25:66,25,66,4,7,1,11.5672,3.2817
25:67,25,67,11,0,1,15.0736,0.9356
25:68,25,68,22,4,1,18.6386,0.4961
25:69,25,69,8,2,1,15.2767,0.3159
25:70,25,70,16,6,1,16.7909,2.088
25:71,25,71,9,6,1,16.5814,2.0327
25:72,25,72,9,0,1,15.0297,0.8339
25:73,25,73,10,0,1,15.6281,1.8049
25:74,25,74,13,1,1,14.1993,0.1589
25:75,25,75,9,0,1,16.4822,0.8997
25:76,25,76,5,2,0,-3.6084,2.0409
25:77,25,77,12,6,1,14.8722,-0.5208
26:1,26,1,1,7,1,8.8555,4.3501
26:2,26,2,4,5,0,-2.9809,1.9834
26:3,26,3,6,0,1,13.9462,1.8833
26:4,26,4,11,1,1,12.9946,0.0344
26:5,26,5,11,0,1,14.3009,1.5139
26:6,26,6,8,0,1,15.0244,-0.5771
26:7,26,7,11,1,1,12.6127,1.1189
26:8,26,8,8,0,1,13.9854,1.8808
26:9,26,9,5,3,1,14.1521,4.2403
26:10,26,10,8,3,1,14.1249,3.736
26:11,26,11,4,7,1,13.401,2.0352
26:12,26,12,6,0,1,14.8208,-0.4338
26:13,26,13,8,2,0,-3.9115,2.0145
26:14,26,14,6,0,1,14.6843,1.0497
26:15,26,15,7,1,1,12.8928,0.8252
26:16,26,16,7,1,1,13.1332,0.9093
26:17,26,17,5,2,0,-3.6444,2.2238
26:18,26,18,10,1,1,13.0884,1.6216
26:19,26,19,7,3,1,14.6409,0.6643
26:20,26,20,6,7,1,12.7954,2.0894
26:21,26,21,11,6,1,14.7753,2.5639
26:22,26,22,8,1,1,13.3677,0.8774
26:23,26,23,5,3,1,13.4863,2.4642
26:24,26,24,9,3,1,14.9752,3.6035
26:25,26,25,5,2,0,-3.5833,1.5338
26:26,26,26,5,3,1,13.5972,2.9415
26:27,26,27,7,3,1,14.056,2.4623
26:28,26,28,9,3,1,14.2357,2.906
26:29,26,29,8,6,1,14.4995,2.5172
26:30,26,30,5,7,1,12.7113,2.1044
26:31,26,31,7,7,1,12.7286,1.762
26:32,26,32,6,7,1,12.1827,2.8222
26:33,26,33,6,1,1,12.1331,0.7703
26:34,26,34,7,7,1,12.801,2.388
26:35,26,35,8,0,1,13.16,2.4032
26:36,26,36,7,2,0,-4.0108,1.9994
26:37,26,37,4,7,1,12.0592,3.0309
26:38,26,38,5,3,1,13.1324,2.8611
26:39,26,39,5,7,1,12.6198,1.6424
26:40,26,40,7,1,1,13.3938,0.3289
26:41,26,41,12,1,1,13.5372,0.3114
26:42,26,42,6,1,1,12.912,0.8464
26:43,26,43,7,0,1,13.3525,1.439
26:44,26,44,9,1,1,13.2856,0.594
26:45,26,45,8,2,0,-4.0185,1.7078
26:46,26,46,3,7,1,12.0697,2.9265
26:47,26,47,4,1,1,12.8208,1.0814
26:48,26,48,3,7,1,11.732,3.4495
26:49,26,49,21,4,1,19.5747,0.5166
26:50,26,50,7,1,1,13.4877,0.3723
26:51,26,51,11,1,1,16.7056,2.5276
26:52,26,52,8,1,1,13.7179,1.0533
26:53,26,53,5,2,0,-3.5273,2.0523
26:54,26,54,4,7,1,12.901,2.0419
26:55,26,55,3,7,1,11.971,1.0039
26:56,26,56,3,7,1,12.2785,1.3764
26:57,26,57,4,7,1,11.2166,2.5097
26:58,26,58,3,5,0,-2.7621,2.1306
26:59,26,59,4,2,0,-3.7717,2.0526
26:60,26,60,2,7,1,11.8548,2.3524
26:61,26,61,8,1,1,13.6681,0.8756
26:62,26,62,6,3,1,13.0398,3.2273
26:63,26,63,13,6,1,14.0952,0.9316
26:64,26,64,3,1,1,11.7348,1.0653
26:65,26,65,5,1,1,12.0844,0.4145
26:66,26,66,3,7,1,11.6354,1.0934
26:67,26,67,8,0,1,13.9225,1.8496
26:68,26,68,5,3,1,14.1534,4.2418
26:69,26,69,4,5,0,-3.1222,2.1477
26:70,26,70,6,2,0,-3.8921,1.782
26:71,26,71,6,1,1,13.0195,0.7754
26:72,26,72,5,5,0,-3.2318,1.5697
26:73,26,73,4,7,1,13.0955,2.9439
26:74,26,74,6,2,0,-3.8796,2.0489
26:75,26,75,5,7,1,12.8602,2.2021
26:76,26,76,3,5,0,-3.2754,1.6138
26:77,26,77,6,3,1,13.1795,1.4487
26:78,26,78,4,7,1,12.2813,3.13
26:79,26,79,4,7,1,12.2966,3.0157
26:80,26,80,4,5,0,-3.0621,1.8317
26:81,26,81,4,3,1,13.0858,3.4096
26:82,26,82,8,3,1,16.8674,2.4568
26:83,26,83,6,3,1,14.382,3.764
26:84,26,84,6,7,1,11.7466,2.1673
26:85,26,85,5,7,1,11.1441,2.5551
26:86,26,86,6,3,1,16.8916,2.5396
26:87,26,87,4,5,0,-2.9833,1.3804
26:88,26,88,6,2,0,-3.7676,1.5571
26:89,26,89,6,3,1,13.202,3.785
26:90,26,90,3,7,1,12.8025,2.7059
26:91,26,91,3,7,1,11.7437,2.7939
26:92,26,92,6,2,0,-3.4357,1.6496
26:93,26,93,7,3,1,15.0531,2.1242
26:94,26,94,4,5,0,-3.4721,2.1692
26:95,26,95,3,5,0,-3.077,2.1248
26:96,26,96,4,5,0,-3.3927,2.1958
26:97,26,97,6,1,1,12.4658,0.6531
26:98,26,98,4,7,1,12.6552,1.401
26:99,26,99,4,7,1,12.1874,1.1443
26:100,26,100,4,5,0,-3.0611,1.759
26:101,26,101,3,5,0,-2.7543,1.4026
26:102,26,102,7,1,1,12.1894,0.7985
26:103,26,103,8,0,1,13.9772,1.9212
26:104,26,104,5,3,1,14.1477,4.2345
26:105,26,105,4,0,1,14.9838,-1.2306
26:106,26,106,7,0,1,13.5122,1.9136
26:107,26,107,4,7,1,11.0706,2.248
26:108,26,108,3,3,1,13.0434,4.8876
26:109,26,109,11,6,1,16.2734,2.3729
26:110,26,110,3,3,1,13.0563,4.8997
26:111,26,111,5,0,1,13.8503,1.9294
26:112,26,112,6,2,0,-3.565,1.6033
26:113,26,113,7,3,1,14.1653,2.1872
26:114,26,114,4,5,0,-2.914,1.6924
26:115,26,115,5,7,1,12.2969,1.4191
26:116,26,116,8,0,1,13.7325,1.6587
26:117,26,117,5,3,1,14.9491,-0.8054
26:118,26,118,9,1,1,13.2398,1.4816
26:119,26,119,6,3,1,12.8485,1.3767
26:120,26,120,4,7,1,11.6368,1.0851
26:121,26,121,8,0,1,13.9392,1.9029
26:122,26,122,5,3,1,14.1231,4.2452
26:123,26,123,3,7,1,14.9779,-1.2348
26:124,26,124,7,0,1,13.4453,1.9478
26:125,26,125,4,7,1,11.0852,2.254
26:126,26,126,3,3,1,13.0434,4.9025
26:127,26,127,11,6,1,16.2771,2.3995
26:128,26,128,5,7,1,12.4734,3.061
26:129,26,129,4,3,1,13.5685,2.6241
26:130,26,130,4,7,1,12.0655,2.8184
26:131,26,131,3,3,1,13.0411,4.8925
26:132,26,132,5,3,1,13.5687,2.3231
26:133,26,133,3,3,1,13.03,2.9598
26:134,26,134,2,7,1,11.5266,3.1334
26:135,26,135,6,3,1,15.3945,0.9827
26:136,26,136,9,0,1,13.6909,0.967
26:137,26,137,5,3,1,12.566,2.7243
26:138,26,138,3,7,1,11.9782,1.0226
26:139,26,139,10,0,1,14.8766,-0.2916
26:140,26,140,5,3,1,14.1327,4.2264
26:141,26,141,3,7,1,14.9947,-1.2553
26:142,26,142,7,0,1,13.496,1.9026
26:143,26,143,4,7,1,11.0725,2.232
26:144,26,144,3,3,1,13.0415,4.8897
26:145,26,145,11,6,1,16.2831,2.3822
26:146,26,146,5,2,0,-3.2232,1.5584
26:147,26,147,3,7,1,11.021,2.6123
26:148,26,148,4,5,0,-3.2574,2.1538
26:149,26,149,5,2,0,-3.4076,1.9646
26:150,26,150,3,3,1,13.0419,4.8943
26:151,26,151,4,5,0,-2.9709,1.376
26:152,26,152,6,0,1,15.7193,1.8374
26:153,26,153,5,3,1,12.7236,1.8217
26:154,26,154,11,1,1,13.0599,1.0983
26:155,26,155,9,6,1,14.2272,3.3677
26:156,26,156,7,0,1,15.2683,0.6117
26:157,26,157,3,5,0,-3.2812,2.1191
26:158,26,158,10,0,1,14.1714,1.3752
26:159,26,159,5,3,1,14.1387,4.2547
26:160,26,160,4,7,1,14.9901,-1.2507
26:161,26,161,7,0,1,13.4338,1.9562
26:162,26,162,4,7,1,11.0493,2.2384
26:163,26,163,3,3,1,13.0414,4.8932
26:164,26,164,11,6,1,16.2791,2.3784
26:165,26,165,4,3,1,13.1682,2.7952
26:166,26,166,11,3,1,14.423,3.1973
26:167,26,167,8,0,1,13.7142,1.7614
26:168,26,168,5,7,1,12.7461,2.155
26:169,26,169,5,1,1,12.7886,1.0425
26:170,26,170,3,7,1,12.0707,0.8586
26:171,26,171,4,7,1,12.6816,3.8852
26:172,26,172,3,7,1,11.6657,1.1122
26:173,26,173,6,1,1,12.3564,1.1727
26:174,26,174,8,0,1,14.005,1.8922
26:175,26,175,5,3,1,14.1524,4.2523
26:176,26,176,4,3,1,15.0081,-1.2436
26:177,26,177,6,0,1,13.4255,2.075
26:178,26,178,4,7,1,11.0755,2.243
26:179,26,179,3,3,1,13.0567,4.9056
26:180,26,180,11,6,1,16.2693,2.4153
26:181,26,181,6,2,0,-3.8322,1.5726
26:182,26,182,3,5,0,-3.118,2.1698
26:183,26,183,9,0,1,14.9628,1.8437
26:184,26,184,5,3,1,13.6573,2.8359
26:185,26,185,5,3,1,12.7426,1.8172
26:186,26,186,9,1,1,14.8269,-0.4521
26:187,26,187,9,1,1,12.963,1.0714
26:188,26,188,5,3,1,13.5794,2.4437
26:189,26,189,10,0,1,15.1085,-0.2636
26:190,26,190,8,0,1,13.9866,1.8721
26:191,26,191,5,3,1,14.1158,4.2717
26:192,26,192,4,3,1,13.909,3.4979
26:193,26,193,4,7,1,11.6458,1.553
26:194,26,194,5,5,0,-3.2893,1.8855
26:195,26,195,3,7,1,11.576,2.9941
26:196,26,196,4,7,1,12.4069,2.6144
26:197,26,197,9,3,1,14.5397,2.9131
26:198,26,198,5,1,1,12.5196,0.6175
26:199,26,199,6,0,1,13.5697,1.4203
26:200,26,200,5,2,0,-3.3166,1.9642
26:201,26,201,7,0,1,15.1123,0.3464
26:202,26,202,5,2,0,-3.746,1.6451
26:203,26,203,4,5,0,-3.6056,2.1399
26:204,26,204,2,5,0,-3.1834,2.2344
26:205,26,205,4,3,1,12.6996,2.2763
26:206,26,206,5,0,1,13.5649,1.3848
26:207,26,207,6,0,1,13.5971,1.487
26:208,26,208,7,1,1,12.366,1.285
26:209,26,209,4,1,1,12.7438,0.7547
26:210,26,210,4,7,1,12.3502,3.0594
26:211,26,211,5,2,0,-3.5059,1.5184
26:212,26,212,4,7,1,12.2243,2.0757
26:213,26,213,9,6,1,15.4811,1.4754
26:214,26,214,3,5,0,-3.2626,1.923
26:215,26,215,6,0,1,13.7578,2.2177
26:216,26,216,7,3,1,13.6704,2.312
26:217,26,217,4,3,1,13.2192,3.4799
26:218,26,218,4,3,1,12.5142,2.8281
26:219,26,219,3,7,1,12.2601,2.8279
26:220,26,220,4,7,1,14.1557,4.1702
26:221,26,221,6,3,1,13.0074,3.0087
26:222,26,222,5,3,1,12.4712,3.1281
26:223,26,223,4,0,1,14.95,-0.7691
26:224,26,224,3,7,1,11.8052,2.625
26:225,26,225,7,0,1,13.6765,2.5206
26:226,26,226,5,0,1,13.3363,1.9935
26:227,26,227,19,6,1,17.6171,1.1121
27:1,27,1,6,7,1,13.6592,3.0835
27:2,27,2,3,5,0,-3.272,2.2337
27:3,27,3,9,0,1,16.0437,1.6561
27:4,27,4,10,1,1,14.8415,1.1674
27:5,27,5,10,0,1,16.0596,0.552
27:6,27,6,7,3,1,13.3255,2.7815
27:7,27,7,16,6,1,15.267,0.3459
27:8,27,8,14,6,1,15.6988,3.1273
27:9,27,9,6,3,1,15.1747,3.7868
27:10,27,10,19,4,1,19.1092,0.1742
27:11,27,11,11,6,1,16.7951,2.2759
27:12,27,12,19,4,1,18.98,0.2875
27:13,27,13,8,1,1,13.6679,0.5251
27:14,27,14,11,2,0,-4.2477,1.849
27:15,27,15,15,1,1,13.0658,0.1776
27:16,27,16,18,1,1,13.2528,0.0258
27:17,27,17,9,0,1,11.1943,2.412
27:18,27,18,19,4,1,19.2226,-0.2907
27:19,27,19,24,4,1,19.6815,0.7896
27:20,27,20,12,0,1,14.6041,0.7434
27:21,27,21,9,0,1,15.299,-0.1936
27:22,27,22,14,2,0,-4.1173,1.8044
27:23,27,23,11,0,1,13.7298,2.1626
27:24,27,24,17,4,1,18.7254,0.5861
27:25,27,25,14,6,1,15.7308,3.567
27:26,27,26,8,3,1,15.0858,3.8324
27:27,27,27,7,2,0,-3.8238,1.9596
27:28,27,28,11,0,1,14.0044,1.2979
27:29,27,29,8,3,1,13.7683,3.0331
27:30,27,30,8,3,1,14.8558,3.9009
27:31,27,31,5,3,1,13.5477,2.6032
27:32,27,32,12,0,1,14.5003,1.4041
27:33,27,33,12,1,1,13.6863,0.5999
27:34,27,34,13,0,1,14.9031,0.5886
27:35,27,35,8,0,1,13.6723,1.532
27:36,27,36,16,6,1,15.7621,2.9583
27:37,27,37,13,1,1,13.7182,0.9525
27:38,27,38,10,0,1,14.0925,2.0233
27:39,27,39,16,6,1,16.7961,0.6507
27:40,27,40,38,4,1,19.205,0.0671
27:41,27,41,12,1,1,13.6897,1.1001
27:42,27,42,14,1,1,13.6924,0.3698
27:43,27,43,12,0,1,14.7131,0.7919
27:44,27,44,28,4,1,19.7401,0.1168
27:45,27,45,13,1,1,14.443,1.3934
27:46,27,46,12,6,1,16.8234,2.4117
27:47,27,47,13,1,1,13.9422,0.3477
27:48,27,48,10,2,0,-4.1812,1.8105
27:49,27,49,14,1,1,13.8628,0.2319
27:50,27,50,7,2,0,-3.9699,2.0837
27:51,27,51,9,1,1,14.2188,-0.5181
27:52,27,52,11,0,1,13.9395,2.2612
27:53,27,53,5,1,1,12.3274,0.6703
27:54,27,54,8,2,0,-4.0799,1.7851
27:55,27,55,11,6,1,13.7881,1.5573
27:56,27,56,15,0,1,14.0191,1.2029
27:57,27,57,7,1,1,12.4498,0.6939
27:58,27,58,6,1,1,12.2889,1.1445
27:59,27,59,12,6,1,15.3697,3.2541
27:60,27,60,27,4,1,19.4822,1.3645
27:61,27,61,21,4,1,19.1036,1.4233
27:62,27,62,16,6,1,15.5441,1.7478
27:63,27,63,20,4,1,19.1558,1.3679
27:64,27,64,19,6,1,16.2679,3.3325
27:65,27,65,14,6,1,15.7381,3.5244
27:66,27,66,14,6,1,14.6637,2.0487
27:67,27,67,9,1,1,13.1529,0.2497
27:68,27,68,12,1,1,13.4291,0.3337
27:69,27,69,9,2,0,-4.1676,1.966
27:70,27,70,9,0,1,13.5721,2.0086
27:71,27,71,7,2,0,-3.8045,2.3963
27:72,27,72,9,0,1,14.2487,2.3235
27:73,27,73,10,6,1,15.0476,3.0549
27:74,27,74,8,3,1,14.7173,3.4782
27:75,27,75,10,6,1,15.776,3.5044
27:76,27,76,12,0,1,14.8303,1.8535
27:77,27,77,4,3,1,13.2314,2.8896
27:78,27,78,8,3,1,14.7582,3.6562
27:79,27,79,7,3,1,14.9372,3.1815
27:80,27,80,11,6,1,14.9609,1.6071
27:81,27,81,14,0,1,14.4726,1.7638
27:82,27,82,16,1,1,13.7884,0.1434
27:83,27,83,11,1,1,14.9373,-0.5871
27:84,27,84,13,0,1,15.0194,-0.278
27:85,27,85,8,2,0,-3.9514,1.6255
27:86,27,86,15,1,1,13.9051,1.6518
27:87,27,87,18,6,1,15.7687,3.9488
27:88,27,88,18,6,1,15.2856,3.1226
27:89,27,89,11,0,1,16.0639,1.7508
27:90,27,90,13,0,1,15.797,0.1929
27:91,27,91,17,6,1,14.6644,2.8375
27:92,27,92,15,6,1,12.7073,1.3719
27:93,27,93,11,6,1,15.2979,3.3737
28:1,28,1,1,7,1,8.8243,4.3675
28:2,28,2,4,5,0,-2.9835,1.9725
28:3,28,3,9,1,1,13.6198,1.0937
28:4,28,4,19,4,1,19.2349,-0.6455
28:5,28,5,12,1,1,12.9328,0.1335
28:6,28,6,12,1,1,12.7347,0.4582
28:7,28,7,22,4,1,19.6437,-0.4761
28:8,28,8,13,0,1,13.6866,0.9913
28:9,28,9,18,0,1,14.7664,0.9888
28:10,28,10,17,1,1,13.6848,1.1321
28:11,28,11,10,0,1,13.7722,1.5184
28:12,28,12,16,1,1,13.3324,0.1413
28:13,28,13,17,4,1,19.4684,0.4625
28:14,28,14,10,6,1,14.8385,2.9855
28:15,28,15,38,4,1,19.6411,-0.6076
28:16,28,16,13,6,1,16.8367,2.6566
28:17,28,17,9,6,1,14.5309,2.5828
28:18,28,18,16,4,1,18.3862,0.3872
28:19,28,19,32,4,1,19.5294,-0.3113
28:20,28,20,18,4,1,18.1395,0.478
28:21,28,21,10,6,1,13.3293,0.8166
28:22,28,22,11,6,1,15.2157,2.0673
28:23,28,23,27,4,1,19.4164,-0.4238
28:24,28,24,15,6,1,15.0133,2.7851
28:25,28,25,26,4,1,19.6888,-0.1999
28:26,28,26,10,6,1,14.4512,1.58
28:27,28,27,29,4,1,19.7887,0.4184
28:28,28,28,15,6,1,14.829,2.4446
28:29,28,29,27,4,1,19.596,-0.7305
28:30,28,30,19,4,1,18.9624,1.4867
28:31,28,31,19,4,1,18.6255,0.7844
28:32,28,32,25,4,1,19.6861,0.2884
28:33,28,33,9,0,1,14.7493,0.8435
28:34,28,34,14,0,1,14.7998,-0.1902
28:35,28,35,15,6,1,14.8878,1.6518
28:36,28,36,17,1,1,13.7235,0.3891
28:37,28,37,18,6,1,14.9117,2.5043
28:38,28,38,27,4,1,19.5633,-0.6815
28:39,28,39,12,1,1,13.5032,0.8528
28:40,28,40,10,1,1,14.2619,-0.4449
28:41,28,41,9,0,1,15.5815,0.0793
28:42,28,42,10,1,1,13.9466,1.248
28:43,28,43,16,1,1,18.533,-0.8153
28:44,28,44,13,1,1,13.5131,1.0548
28:45,28,45,18,4,1,18.452,-0.429
28:46,28,46,20,4,1,17.8105,0.0316
28:47,28,47,18,4,1,18.5571,-0.2812
28:48,28,48,26,4,1,19.1528,-0.5867
28:49,28,49,13,6,1,14.9549,1.2858
28:50,28,50,23,4,1,19.0204,0.4636
28:51,28,51,6,1,1,12.3192,0.2876
28:52,28,52,8,0,1,14.0664,2.597
28:53,28,53,15,1,1,13.7047,0.3812
28:54,28,54,12,0,1,16.4165,0.9959
28:55,28,55,15,1,1,13.7853,0.4823
28:56,28,56,13,6,1,15.7261,1.7733
28:57,28,57,25,4,1,19.145,-0.4065
28:58,28,58,17,4,1,18.3471,-0.3509
28:59,28,59,20,4,1,18.6938,0.3239
28:60,28,60,15,6,1,15.8811,2.7783
28:61,28,61,17,6,1,17.1049,1.147
28:62,28,62,8,0,1,13.8303,0.8923
28:63,28,63,18,4,1,18.1979,0.4458
28:64,28,64,13,0,1,14.9305,0.6293
28:65,28,65,6,2,0,-3.7052,1.8627
28:66,28,66,7,2,0,-3.8653,1.6672
28:67,28,67,11,0,1,16.5302,1.7897
28:68,28,68,14,6,1,15.6319,3.1064
28:69,28,69,7,3,1,14.5916,3.4203
28:70,28,70,15,6,1,15.2793,3.5623
28:71,28,71,19,6,1,18.3206,1.424
28:72,28,72,21,4,1,18.7569,1.1626
28:73,28,73,13,6,1,16.0192,3.2633
28:74,28,74,8,0,1,13.8177,0.8728
28:75,28,75,17,1,1,13.6858,0.0698
28:76,28,76,29,4,1,19.4525,-0.8145
28:77,28,77,26,4,1,19.9889,0.2465
28:78,28,78,28,4,1,19.5761,0.3561
28:79,28,79,20,4,1,19.2452,0.818
28:80,28,80,16,6,1,15.2093,2.1373
28:81,28,81,17,1,1,12.8837,0.0985
28:82,28,82,26,4,1,19.5039,0.6208
28:83,28,83,14,6,1,13.1667,0.3254
28:84,28,84,18,6,1,16.2501,1.6313
28:85,28,85,19,6,1,15.6396,2.7257
28:86,28,86,15,6,1,14.396,2.7933
28:87,28,87,16,6,1,15.0506,2.4448
28:88,28,88,19,6,1,15.1353,3.3706
29:1,29,1,1,7,1,8.5218,4.536
29:2,29,2,10,0,1,14.1138,1.1245
29:3,29,3,11,1,1,14.7927,-0.4617
29:4,29,4,10,0,1,14.9798,1.2606
29:5,29,5,12,6,1,15.817,2.2322
29:6,29,6,10,6,1,15.8441,2.3015
29:7,29,7,12,0,1,16.4242,1.3914
29:8,29,8,21,4,1,19.6832,-0.6494
29:9,29,9,7,0,1,16.4194,1.4904
29:10,29,10,31,4,1,18.9851,0.0654
29:11,29,11,6,3,1,15.0915,2.5456
29:12,29,12,18,4,1,16.5541,0.2502
29:13,29,13,11,0,1,14.0267,1.833
29:14,29,14,16,1,1,13.1148,0.0343
29:15,29,15,6,1,1,12.8152,0.6821
29:16,29,16,13,6,1,14.8634,2.4869
29:17,29,17,27,4,1,19.1713,0.6898
29:18,29,18,13,6,1,15.1572,-0.546
29:19,29,19,13,6,1,15.9839,3.5187
29:20,29,20,19,6,1,16.0288,3.5091
29:21,29,21,8,0,1,15.4974,0.4588
29:22,29,22,17,6,1,15.4421,3.3907
29:23,29,23,13,6,1,15.9505,0.4516
29:24,29,24,20,6,1,15.7102,0.8081
29:25,29,25,27,4,1,19.1614,0.2118
29:26,29,26,12,6,1,15.3423,3.9598
29:27,29,27,18,4,1,19.1055,-0.6608
29:28,29,28,14,0,1,13.9074,2.0205
29:29,29,29,23,4,1,19.4797,0.0025
29:30,29,30,6,3,1,13.1717,2.2483
29:31,29,31,15,1,1,13.3362,0.3162
29:32,29,32,16,1,1,12.7634,0.5036
29:33,29,33,23,4,1,18.464,-0.4225
29:34,29,34,12,1,1,12.9668,-0.0817
29:35,29,35,7,1,1,12.6888,0.7695
29:36,29,36,16,6,1,14.7726,1.5766
29:37,29,37,7,0,1,14.8412,-0.1117
29:38,29,38,16,4,1,17.9767,0.695
29:39,29,39,13,0,1,13.1302,0.1752
29:40,29,40,28,4,1,18.7144,-0.5066
29:41,29,41,19,4,1,19.0722,0.4595
29:42,29,42,12,6,1,15.3309,3.2781
29:43,29,43,8,1,1,13.2755,1.1906
29:44,29,44,10,6,1,15.5357,3.6244
29:45,29,45,21,4,1,19.1004,1.0946
29:46,29,46,25,4,1,18.7726,-0.1648
29:47,29,47,19,4,1,18.6057,-0.0709
29:48,29,48,13,0,1,14.2697,2.7349
29:49,29,49,14,6,1,14.6471,2.2618
29:50,29,50,16,6,1,14.4092,0.5185
29:51,29,51,15,6,1,14.1953,2.5872
29:52,29,52,19,4,1,18.4554,0.8082
29:53,29,53,12,0,1,15.3682,0.6952
29:54,29,54,6,0,1,15.1904,0.4421
29:55,29,55,13,2,0,-4.196,1.7071
29:56,29,56,8,6,1,14.8321,2.922
29:57,29,57,7,1,1,12.9159,0.9446
29:58,29,58,17,6,1,16.9894,0.9416
29:59,29,59,5,3,1,15.7272,2.0163
29:60,29,60,12,6,1,16.0262,2.9596
29:61,29,61,13,6,1,15.7369,3.6681
29:62,29,62,14,6,1,16.2373,3.359
29:63,29,63,22,4,1,19.1426,1.4581
29:64,29,64,15,0,1,15.1464,1.4936
29:65,29,65,16,6,1,15.0103,1.6359
29:66,29,66,6,0,1,14.0907,1.5942
29:67,29,67,15,4,1,18.3226,1.5245
29:68,29,68,17,6,1,15.5286,-0.383
29:69,29,69,9,1,1,14.1857,0.3511
30:1,30,1,1,7,1,8.5224,4.5354
30:2,30,2,2,7,1,11.5965,3.3288
30:3,30,3,8,0,1,12.8803,1.886
30:4,30,4,12,0,1,15.0352,2.0484
30:5,30,5,8,6,1,14.6396,4.1026
30:6,30,6,11,6,1,15.4047,2.6822
30:7,30,7,10,0,1,14.7106,1.3564
30:8,30,8,22,4,1,18.8337,1.4544
30:9,30,9,32,4,1,18.7556,-1.0455
30:10,30,10,13,0,1,15.1755,-0.5526
30:11,30,11,8,3,1,15.2938,3.6028
30:12,30,12,5,7,1,12.6859,2.2013
30:13,30,13,9,0,1,14.1307,1.0007
30:14,30,14,5,0,1,13.1844,2.4696
30:15,30,15,9,0,1,16.5586,1.5107
30:16,30,16,11,0,1,15.4584,-0.3283
30:17,30,17,6,3,1,14.6178,3.6137
30:18,30,18,8,3,1,15.3308,3.9183
30:19,30,19,14,6,1,15.7372,3.6649
30:20,30,20,11,0,1,13.9955,1.9997
30:21,30,21,20,4,1,19.6271,0.9732
30:22,30,22,13,6,1,15.6663,3.7687
30:23,30,23,14,6,1,15.9033,2.9767
30:24,30,24,21,4,1,19.5562,1.3181
30:25,30,25,16,6,1,15.6889,3.8273
30:26,30,26,8,3,1,15.5536,4.0083
30:27,30,27,18,6,1,15.8341,4.0066
30:28,30,28,27,4,1,19.8234,0.4612
30:29,30,29,16,6,1,15.8171,1.4634
30:30,30,30,22,4,1,18.5573,0.8574
30:31,30,31,9,0,1,14.8997,2.107
30:32,30,32,11,0,1,15.4752,1.4447
30:33,30,33,18,6,1,15.7633,1.6399
30:34,30,34,6,0,1,14.0479,1.6222
30:35,30,35,10,1,1,13.7446,0.3379
30:36,30,36,15,1,1,13.603,0.1025
30:37,30,37,15,6,1,16.1707,3.2282
30:38,30,38,16,6,1,16.4786,1.1082
30:39,30,39,22,4,1,18.6604,0.4894
30:40,30,40,22,4,1,19.0698,1.4355
30:41,30,41,15,0,1,15.2096,0.6337
30:42,30,42,14,0,1,14.4373,-0.6005
30:43,30,43,16,6,1,15.0535,2.4772
30:44,30,44,9,2,0,-4.107,1.6805
30:45,30,45,11,6,1,15.242,0.94
30:46,30,46,17,4,1,19.5432,1.1907
30:47,30,47,18,1,1,18.3038,-0.452
30:48,30,48,28,4,1,19.4962,1.0809
30:49,30,49,10,0,1,13.366,1.5815
30:50,30,50,19,6,1,16.0173,3.4305
30:51,30,51,9,1,1,12.996,0.0988
30:52,30,52,11,6,1,14.853,1.5966
30:53,30,53,14,0,1,14.5026,1.8008
30:54,30,54,24,4,1,19.2856,1.406
30:55,30,55,12,0,1,13.6599,2.206
30:56,30,56,20,4,1,18.3062,0.1824
30:57,30,57,9,0,1,15.2559,0.5252
30:58,30,58,19,1,1,13.4298,0.0587
30:59,30,59,8,6,1,15.1715,2.8672
30:60,30,60,10,6,1,15.4312,2.2785
31:1,31,1,1,7,1,8.5099,4.5477
31:2,31,2,4,5,0,-2.9235,1.8773
31:3,31,3,3,7,1,12.8795,2.8713
31:4,31,4,9,0,1,16.092,1.6986
31:5,31,5,8,6,1,16.4419,0.9299
31:6,31,6,18,6,1,15.9769,1.0193
31:7,31,7,16,6,1,15.5727,0.6722
31:8,31,8,8,0,1,16.8674,0.9045
31:9,31,9,8,3,1,15.2499,3.3797
31:10,31,10,27,4,1,19.5936,1.2761
31:11,31,11,14,6,1,15.5053,3.1463
31:12,31,12,18,6,1,16.7038,2.6074
31:13,31,13,14,6,1,14.8909,2.993
31:14,31,14,17,1,1,19.5124,-0.8272
31:15,31,15,29,4,1,20.0996,-0.3195
31:16,31,16,24,4,1,19.278,0.8608
31:17,31,17,17,6,1,14.8624,2.3542
31:18,31,18,16,6,1,15.5747,2.5235
31:19,31,19,11,6,1,14.9407,3.0551
31:20,31,20,30,4,1,19.1102,1.4535
31:21,31,21,21,4,1,18.3807,-0.3584
31:22,31,22,15,6,1,16.0688,1.8704
31:23,31,23,15,6,1,15.2943,1.188
31:24,31,24,7,1,1,14.6659,0.0597
31:25,31,25,15,6,1,15.7636,3.7592
31:26,31,26,10,3,1,15.349,3.908
31:27,31,27,21,4,1,19.0045,1.5669
31:28,31,28,11,6,1,15.4843,3.6448
31:29,31,29,25,4,1,19.3233,1.683
31:30,31,30,16,6,1,15.3244,3.0968
31:31,31,31,19,6,1,16.4367,2.7279
31:32,31,32,22,4,1,19.0899,-0.0913
31:33,31,33,30,4,1,18.9501,1.0509
31:34,31,34,27,4,1,19.3987,1.318
32:1,32,1,1,7,1,8.5245,4.5332
32:2,32,2,8,3,1,13.91,3.4808
32:3,32,3,18,6,1,15.2515,1.2135
32:4,32,4,24,4,1,19.2832,1.4211
32:5,32,5,17,6,1,15.6806,3.7558
32:6,32,6,6,3,1,14.6548,3.7263
32:7,32,7,10,6,1,15.3469,3.746
32:8,32,8,8,1,1,12.2393,1.7923
32:9,32,9,14,6,1,15.8753,3.1398
32:10,32,10,14,1,1,13.0072,0.0549
32:11,32,11,11,6,1,15.4172,3.4221
32:12,32,12,16,1,1,17.8876,-0.3971
32:13,32,13,16,1,1,13.5107,0.1507
32:14,32,14,14,0,1,15.0514,0.2899
32:15,32,15,15,6,1,15.6589,1.7227
32:16,32,16,11,6,1,16.7454,0.824
32:17,32,17,13,0,1,14.4928,1.672
32:18,32,18,8,0,1,13.9398,1.9468
32:19,32,19,12,0,1,16.8499,0.9306
32:20,32,20,21,4,1,15.8227,-0.1759
32:21,32,21,9,1,1,14.5813,0.1461
32:22,32,22,13,6,1,15.7187,1.7023
32:23,32,23,14,1,1,13.0906,0.0746
32:24,32,24,10,1,1,13.8079,0.1785
32:25,32,25,11,3,1,16.3684,3.0994
32:26,32,26,18,6,1,15.0527,1.2046
32:27,32,27,17,4,1,17.9547,1.6039
32:28,32,28,7,2,0,-3.8164,2.3886
32:29,32,29,11,0,1,15.1685,0.7136
32:30,32,30,5,0,1,13.1626,1.8634
33:1,33,1,13,6,1,15.2584,1.1965
33:2,33,2,12,3,1,15.0518,2.8259
33:3,33,3,6,3,1,14.877,3.362
33:4,33,4,28,4,1,19.8493,0.2565
33:5,33,5,28,4,1,20.0335,0.0697
33:6,33,6,29,4,1,18.7487,0.1364
33:7,33,7,17,1,1,13.2683,-0.057
33:8,33,8,8,0,1,15.2048,0.4104
33:9,33,9,21,4,1,18.826,0.881
33:10,33,10,16,6,1,15.0348,2.0786
33:11,33,11,6,2,0,-3.9057,1.8834
33:12,33,12,13,1,1,14.0979,0.2113
33:13,33,13,25,4,1,19.1462,-0.3999
33:14,33,14,14,0,1,14.1434,0.8839
33:15,33,15,13,0,1,14.5626,1.4738
33:16,33,16,15,6,1,15.1556,1.1509
33:17,33,17,24,6,1,16.7788,1.393
33:18,33,18,14,6,1,14.9342,1.7305
33:19,33,19,35,4,1,19.7702,-0.1172
33:20,33,20,23,4,1,19.3387,-0.1554
33:21,33,21,17,6,1,15.9515,2.1667
33:22,33,22,18,6,1,18.042,-0.2779
33:23,33,23,18,6,1,16.889,0.9459
33:24,33,24,16,6,1,16.5772,2.0994
33:25,33,25,16,6,1,15.9062,0.7362
33:26,33,26,16,0,1,15.8835,0.721
33:27,33,27,13,6,1,15.5786,3.3664
33:28,33,28,15,6,1,18.7058,1.2142
33:29,33,29,14,6,1,16.259,2.3415
33:30,33,30,16,6,1,16.1382,2.2759
33:31,33,31,14,6,1,16.3456,1.7935
33:32,33,32,19,4,1,20.353,0.3852
33:33,33,33,25,4,1,19.8157,0.3496
33:34,33,34,14,6,1,15.0791,3.2245
33:35,33,35,30,4,1,18.9968,0.8647
33:36,33,36,24,4,1,18.779,0.4752
33:37,33,37,48,4,1,19.3744,0.4573
33:38,33,38,22,6,1,16.3537,3.0666
33:39,33,39,13,6,1,15.9104,1.7197
33:40,33,40,17,6,1,15.1918,3.4838
33:41,33,41,7,3,1,15.3469,2.238
33:42,33,42,3,7,1,11.5065,2.8301
33:43,33,43,13,6,1,15.8756,3.6218
33:44,33,44,8,0,1,16.3586,1.956
33:45,33,45,7,3,1,12.5818,1.4956
33:46,33,46,6,3,1,14.3635,3.6374
33:47,33,47,8,0,1,15.1242,1.6274
33:48,33,48,12,6,1,15.2915,0.9837
33:49,33,49,22,4,1,18.8591,0.1909
33:50,33,50,61,4,1,20.1162,-0.1511
33:51,33,51,35,4,1,19.8878,0.5496
33:52,33,52,25,4,1,20.2489,0.4438
33:53,33,53,69,4,1,19.9664,-0.1758
33:54,33,54,11,3,1,15.7299,2.9279
33:55,33,55,30,4,1,20.08,-0.1714
33:56,33,56,13,6,1,15.4716,2.3515
33:57,33,57,14,6,1,15.9174,0.848
33:58,33,58,12,0,1,15.8603,0.6171
33:59,33,59,21,4,1,18.9835,1.0317
33:60,33,60,19,4,1,18.5225,0.2528
33:61,33,61,6,0,1,14.7485,0.2541
33:62,33,62,12,6,1,15.132,2.6407
33:63,33,63,15,6,1,14.0303,2.8127
33:64,33,64,7,3,1,15.0856,0.9176
33:65,33,65,8,0,1,13.2943,2.9727
33:66,33,66,11,1,1,14.4528,0.0404
33:67,33,67,8,1,1,13.2722,0.3124
33:68,33,68,8,1,1,14.5091,0.044
33:69,33,69,16,6,1,15.2219,1.6615
33:70,33,70,8,3,1,15.5366,2.0308
33:71,33,71,14,6,1,16.6501,2.1021
33:72,33,72,18,4,1,18.5012,-0.3768
33:73,33,73,15,4,1,18.8646,1.0295
34:1,34,1,17,6,1,15.3603,4.0504
34:2,34,2,18,6,1,15.8126,3.8127
34:3,34,3,32,4,1,19.1141,-0.0785
34:4,34,4,10,6,1,16.592,1.1892
34:5,34,5,11,1,1,15.2145,0.1541
34:6,34,6,16,6,1,15.1104,2.8668
34:7,34,7,16,6,1,14.7079,0.609
34:8,34,8,16,6,1,16.2288,-0.0564
34:9,34,9,29,4,1,19.3585,0.4683
34:10,34,10,12,1,1,13.086,0.2215
34:11,34,11,12,0,1,14.6328,1.9528
34:12,34,12,27,4,1,19.4796,0.1888
34:13,34,13,19,4,1,18.8921,0.1648
34:14,34,14,27,4,1,18.6404,-0.4325
34:15,34,15,20,4,1,17.1707,0.7498
34:16,34,16,16,4,1,17.7912,0.1243
34:17,34,17,8,0,1,14.5916,0.9756
34:18,34,18,17,1,1,13.4012,0.5324
34:19,34,19,19,4,1,18.9146,0.5757
34:20,34,20,10,0,1,13.959,1.7226
34:21,34,21,21,4,1,18.7282,0.6738
34:22,34,22,26,4,1,18.5758,1.0268
34:23,34,23,22,4,1,18.0032,0.5531
34:24,34,24,17,6,1,15.8338,3.0028
34:25,34,25,9,1,1,13.5206,1.081
34:26,34,26,11,1,1,13.3785,0.64
34:27,34,27,12,6,1,15.919,3.434
34:28,34,28,12,1,1,12.7831,1.2882
34:29,34,29,7,2,0,-3.8257,2.4203
34:30,34,30,10,6,1,13.6965,2.362
34:31,34,31,32,4,1,18.9021,-0.2452
34:32,34,32,15,6,1,14.9307,0.5995
34:33,34,33,34,4,1,18.818,-0.217
34:34,34,34,14,1,1,12.7088,1.1199
34:35,34,35,8,1,1,14.2173,0.0821
34:36,34,36,13,6,1,16.2084,3.3898
34:37,34,37,23,4,1,18.8181,0.2264
34:38,34,38,9,0,1,15.3612,0.1374
34:39,34,39,20,6,1,16.2465,3.3652
34:40,34,40,10,0,1,14.0572,1.245
34:41,34,41,13,1,1,13.9118,0.5183
34:42,34,42,18,6,1,15.3807,-0.1704
34:43,34,43,34,4,1,19.3782,-0.4017
34:44,34,44,11,1,1,12.5559,1.4053
34:45,34,45,14,0,1,15.0336,-0.5982
34:46,34,46,24,4,1,18.5242,0.7239
34:47,34,47,17,6,1,16.123,2.5323
34:48,34,48,7,3,1,15.021,3.4794
34:49,34,49,8,3,1,13.3137,2.604
34:50,34,50,16,6,1,16.6298,2.5827
34:51,34,51,10,0,1,14.4824,1.2874
34:52,34,52,9,1,1,12.3686,0.704
34:53,34,53,10,0,1,15.1562,0.7465
34:54,34,54,15,0,1,13.6375,1.4446
35:1,35,1,24,4,1,19.3842,1.3635
35:2,35,2,19,6,1,15.4874,3.3647
35:3,35,3,21,4,1,18.8946,1.1803
35:4,35,4,11,6,1,15.2591,-0.5227
35:5,35,5,14,6,1,15.6473,2.3957
35:6,35,6,13,0,1,15.6192,1.5586
35:7,35,7,13,0,1,15.9497,0.7915
35:8,35,8,25,4,1,19.5682,0.8667
35:9,35,9,17,6,1,15.8199,3.5809
35:10,35,10,24,4,1,18.6208,0.4714
35:11,35,11,34,4,1,20.0889,0.5391
35:12,35,12,28,4,1,19.1739,1.3076
35:13,35,13,28,4,1,19.3735,1.7017
35:14,35,14,18,6,1,15.0436,1.3134
35:15,35,15,10,6,1,15.4081,3.6519
35:16,35,16,6,2,0,-3.5249,1.8601
35:17,35,17,5,3,1,13.5932,4.0118
35:18,35,18,34,4,1,19.6681,0.38
35:19,35,19,4,5,0,-3.0754,1.7518
35:20,35,20,4,7,1,12.6074,3.5755
35:21,35,21,4,7,1,12.5606,3.5464
35:22,35,22,16,6,1,15.7136,2.5043
35:23,35,23,4,7,1,12.3277,1.4763
35:24,35,24,12,1,1,12.6567,1.2643
35:25,35,25,13,6,1,15.2003,-0.5526
35:26,35,26,7,0,1,14.5702,0.6977
35:27,35,27,22,4,1,19.5403,1.3909
35:28,35,28,17,4,1,17.092,2.4112
35:29,35,29,16,6,1,15.9276,1.6197
35:30,35,30,8,0,1,16.5172,1.8085
35:31,35,31,16,6,1,14.1801,2.9169
35:32,35,32,21,4,1,18.7553,-0.2491
35:33,35,33,13,0,1,17.0037,0.6509
35:34,35,34,11,1,1,14.11,0.2213
35:35,35,35,14,1,1,13.3382,0.321
35:36,35,36,18,0,1,15.8264,0.3536
35:37,35,37,25,4,1,19.3951,0.2298
35:38,35,38,10,6,1,15.5648,3.707
35:39,35,39,24,4,1,19.2123,0.8669
35:40,35,40,33,4,1,19.0148,0.6006
35:41,35,41,19,6,1,16.7298,2.6426
35:42,35,42,19,4,1,18.675,-0.0241
35:43,35,43,26,4,1,19.3699,0.3087
35:44,35,44,30,4,1,18.7285,-1.0976
35:45,35,45,25,4,1,18.843,0.6456
36:1,36,1,1,7,1,8.5361,4.5273
36:2,36,2,2,5,0,-2.5299,2.053
36:3,36,3,3,7,1,12.5578,2.2351
36:4,36,4,3,7,1,11.9287,3.1294
36:5,36,5,3,7,1,13.5722,3.6035
36:6,36,6,7,0,1,14.7643,1.0651
36:7,36,7,8,0,1,13.8156,1.7455
36:8,36,8,10,1,1,13.0088,0.2727
36:9,36,9,12,2,0,-4.1486,2.1787
36:10,36,10,8,2,0,-3.8505,1.6216
36:11,36,11,12,6,1,16.3962,1.8363
36:12,36,12,14,1,1,12.8034,0.1085
36:13,36,13,8,0,1,14.3689,1.0027
36:14,36,14,11,1,1,14.5722,-0.3808
36:15,36,15,15,1,1,14.5455,-0.1753
36:16,36,16,6,3,1,13.0687,1.0226
36:17,36,17,5,1,1,12.1111,1.0396
36:18,36,18,12,1,1,13.9873,0.2507
36:19,36,19,9,1,1,13.4871,1.1366
36:20,36,20,10,0,1,12.9363,1.3837
36:21,36,21,7,0,1,14.2428,2.3692
36:22,36,22,8,0,1,13.6599,1.7539
36:23,36,23,15,6,1,14.9916,1.7142
36:24,36,24,5,7,1,12.2086,2.9894
36:25,36,25,4,7,1,13.0448,2.4033
36:26,36,26,7,3,1,16.8782,0.6556
36:27,36,27,7,3,1,16.8748,2.5549
36:28,36,28,13,1,1,12.819,-0.0848
36:29,36,29,8,0,1,13.0892,1.3885
36:30,36,30,11,0,1,14.3251,1.2941
36:31,36,31,11,1,1,13.5523,1.4194
36:32,36,32,6,1,1,12.5411,0.694
36:33,36,33,10,1,1,12.9536,0.0395
36:34,36,34,10,1,1,12.7939,0.192
36:35,36,35,8,2,0,-4.0647,1.6729
36:36,36,36,13,6,1,15.7126,3.8445
36:37,36,37,9,0,1,13.7616,1.3612
36:38,36,38,8,3,1,14.3172,3.3858
36:39,36,39,7,1,1,12.936,0.7948
36:40,36,40,15,6,1,15.8996,3.3909
36:41,36,41,8,1,1,12.8388,0.257
36:42,36,42,6,1,1,12.1089,0.671
36:43,36,43,9,1,1,13.009,0.8356
36:44,36,44,6,3,1,12.7368,1.1011
36:45,36,45,11,0,1,13.716,1.8327
36:46,36,46,11,0,1,14.3179,1.6251
36:47,36,47,24,4,1,19.2504,0.6199
36:48,36,48,7,2,0,-3.8071,2.4347
36:49,36,49,8,0,1,13.9436,1.7913
36:50,36,50,7,2,0,-3.832,1.4843
36:51,36,51,10,1,1,12.1896,0.5893
36:52,36,52,12,1,1,13.6567,0.2426
36:53,36,53,10,1,1,12.7013,0.5787
36:54,36,54,11,0,1,14.4199,1.8525
36:55,36,55,7,0,1,16.7778,0.7266
36:56,36,56,7,0,1,13.5253,1.853
36:57,36,57,6,0,1,12.6085,2.2675
36:58,36,58,5,3,1,13.6491,3.6168
36:59,36,59,4,7,1,12.2118,1.9776
36:60,36,60,13,6,1,15.6628,1.6416
36:61,36,61,5,7,1,12.027,2.6386
36:62,36,62,8,0,1,13.8778,1.8779
36:63,36,63,5,3,1,13.0131,2.7285
36:64,36,64,5,5,0,-3.222,1.5554
36:65,36,65,11,1,1,13.4145,0.5949
36:66,36,66,9,1,1,13.2213,0.3804
36:67,36,67,10,2,0,-4.2362,1.8134
36:68,36,68,7,1,1,12.6183,1.1708
36:69,36,69,12,6,1,13.6557,3.0783
36:70,36,70,8,0,1,14.8355,0.8084
36:71,36,71,12,1,1,13.2215,0.6923
36:72,36,72,6,1,1,12.6502,1.2716
36:73,36,73,6,2,0,-3.9479,1.7807
36:74,36,74,7,0,1,14.6612,1.7555
36:75,36,75,7,0,1,13.1344,1.8738
36:76,36,76,9,1,1,13.5984,1.0183
36:77,36,77,11,1,1,12.8203,1.3261
36:78,36,78,11,2,0,-4.1721,2.1807
36:79,36,79,10,6,1,15.8269,3.6123
36:80,36,80,11,6,1,15.6935,0.1183
36:81,36,81,14,6,1,15.901,3.8677
36:82,36,82,10,0,1,13.6107,1.7887
36:83,36,83,8,6,1,15.2674,3.964
37:1,37,1,2,7,1,11.7843,3.4111
37:2,37,2,2,7,1,11.651,3.3504
37:3,37,3,2,3,1,13.1507,3.3192
37:4,37,4,3,3,1,12.7085,3.3233
37:5,37,5,7,3,1,15.0952,3.9023
37:6,37,6,6,1,1,12.6045,-0.0558
37:7,37,7,5,7,1,12.2632,3.0478
37:8,37,8,9,0,1,14.4927,0.9133
37:9,37,9,4,5,0,-2.9338,2.4097
37:10,37,10,7,0,1,13.0702,3.0586
37:11,37,11,12,1,1,12.8753,0.035
37:12,37,12,3,5,0,-3.2557,2.1612
37:13,37,13,4,7,1,13.2232,3.0931
37:14,37,14,4,5,0,-3.343,2.0084
37:15,37,15,6,7,1,12.3335,2.6367
37:16,37,16,7,1,1,12.7311,0.3029
37:17,37,17,2,7,1,12.1927,1.599
37:18,37,18,4,5,0,-3.6034,2.0851
37:19,37,19,7,0,1,13.4421,1.9075
37:20,37,20,5,7,1,12.6292,0.9539
37:21,37,21,7,0,1,15.0873,-0.8326
37:22,37,22,7,0,1,14.8605,0.7091
37:23,37,23,7,3,1,14.7865,3.3594
37:24,37,24,3,7,1,11.986,2.1491
37:25,37,25,4,5,0,-2.8891,1.3921
37:26,37,26,4,5,0,-3.1502,2.2256
37:27,37,27,5,2,0,-3.562,1.8405
37:28,37,28,6,1,1,12.8291,1.3351
37:29,37,29,5,0,1,13.5652,2.0331
37:30,37,30,10,1,1,12.4206,0.7604
37:31,37,31,6,1,1,12.934,0.5422
37:32,37,32,4,1,1,12.4363,0.7129
37:33,37,33,5,0,1,15.102,0.2389
37:34,37,34,4,1,1,12.4615,1.0526
37:35,37,35,10,0,1,14.3708,1.5961
37:36,37,36,6,1,1,12.9568,0.5714
37:37,37,37,5,3,1,12.8343,2.7107
37:38,37,38,4,3,1,15.0835,0.2953
37:39,37,39,6,0,1,13.429,2.4637
37:40,37,40,4,3,1,12.6925,3.9107
37:41,37,41,4,3,1,12.8245,2.6374
37:42,37,42,3,7,1,11.9855,2.3703
37:43,37,43,3,7,1,11.0695,2.6865
37:44,37,44,3,7,1,11.9193,2.9322
37:45,37,45,5,7,1,12.1829,2.1373
37:46,37,46,3,7,1,12.2351,2.9192
37:47,37,47,7,2,0,-3.804,1.5411
37:48,37,48,4,7,1,12.4669,2.3453
37:49,37,49,3,7,1,11.4212,2.8425
37:50,37,50,5,2,0,-3.5523,1.8509
37:51,37,51,7,7,1,12.5556,2.041
37:52,37,52,4,3,1,12.6312,1.8741
37:53,37,53,7,1,1,12.6552,0.3738
37:54,37,54,4,7,1,12.6265,1.4906
37:55,37,55,5,7,1,11.9042,2.8738
37:56,37,56,5,3,1,13.492,2.8531
37:57,37,57,6,1,1,12.4278,0.9637
37:58,37,58,3,7,1,11.7594,1.2941
37:59,37,59,6,1,1,13.9977,0.0396
37:60,37,60,5,7,1,12.4101,2.8286
37:61,37,61,4,5,0,-3.125,1.6969
37:62,37,62,6,0,1,14.3536,1.8212
37:63,37,63,4,1,1,12.697,0.8022
37:64,37,64,6,7,1,12.0311,2.7595
37:65,37,65,4,7,1,11.4483,2.8615
37:66,37,66,6,0,1,12.8487,1.8913
37:67,37,67,7,7,1,12.3968,2.3294
37:68,37,68,5,7,1,11.9382,2.3027
37:69,37,69,4,0,1,13.2091,1.9861
37:70,37,70,4,5,0,-3.3372,2.08
37:71,37,71,5,0,1,13.338,1.2306
37:72,37,72,4,7,1,12.2538,1.2838
37:73,37,73,5,2,0,-3.0857,2.4475
37:74,37,74,4,3,1,12.7113,3.931
37:75,37,75,5,2,0,-3.69,2.2687
37:76,37,76,5,1,1,12.3497,0.5788
37:77,37,77,4,1,1,11.794,0.934
37:78,37,78,4,5,0,-3.3213,2.3454
37:79,37,79,5,5,0,-3.2311,2.1518
37:80,37,80,4,1,1,12.3617,0.889
37:81,37,81,4,7,1,12.0589,0.7544
37:82,37,82,3,7,1,11.6587,1.0905
37:83,37,83,4,7,1,12.4013,3.1867
37:84,37,84,5,3,1,13.6528,3.9306
37:85,37,85,6,2,0,-3.96,1.7513
37:86,37,86,5,3,1,13.9652,3.223
37:87,37,87,4,3,1,13.1729,2.8749
37:88,37,88,4,7,1,11.9927,2.4773
37:89,37,89,3,7,1,11.6575,2.9409
37:90,37,90,3,7,1,11.8402,2.8308
37:91,37,91,6,2,0,-3.8225,1.6766
37:92,37,92,4,5,0,-2.8854,1.438
37:93,37,93,4,5,0,-3.1245,2.1305
37:94,37,94,3,7,1,11.5414,2.7119
37:95,37,95,4,5,0,-3.0929,1.447
37:96,37,96,4,3,1,13.7612,3.4201
37:97,37,97,7,2,0,-3.8321,1.9504
37:98,37,98,5,2,0,-4.0759,1.8551
37:99,37,99,6,7,1,12.6954,2.4566
37:100,37,100,5,3,1,14.0829,3.8071
37:101,37,101,3,7,1,11.6787,2.2888
37:102,37,102,26,4,1,19.5774,0.5613
37:103,37,103,4,3,1,12.7908,2.7891
37:104,37,104,3,5,0,-3.1414,2.1956
37:105,37,105,7,1,1,12.6355,0.8683
37:106,37,106,5,7,1,12.4156,2.7057
37:107,37,107,3,5,0,-2.6515,2.0343
37:108,37,108,4,5,0,-3.3323,2.3583
37:109,37,109,3,5,0,-3.0347,2.1725
37:110,37,110,3,5,0,-2.963,1.9587
37:111,37,111,4,7,1,12.0335,0.7786
37:112,37,112,5,3,1,12.5116,1.5935
37:113,37,113,10,1,1,12.764,0.2524
37:114,37,114,5,1,1,12.2129,0.3655
37:115,37,115,5,1,1,12.5655,0.567
37:116,37,116,4,2,0,-3.554,2.1213
37:117,37,117,3,5,0,-3.0689,2.1281
37:118,37,118,3,7,1,11.8839,2.3113
37:119,37,119,4,5,0,-3.3503,2.323
37:120,37,120,4,5,0,-3.1588,2.1837
37:121,37,121,4,1,1,12.37,0.9069
37:122,37,122,4,1,1,12.0031,0.8831
37:123,37,123,4,7,1,12.3359,2.3385
37:124,37,124,5,7,1,13.4151,2.0278
37:125,37,125,5,2,0,-3.5989,1.7469
37:126,37,126,5,3,1,14.916,3.8341
37:127,37,127,3,0,1,14.9632,-0.9082
37:128,37,128,4,3,1,12.7086,3.868
37:129,37,129,4,5,0,-3.2972,2.357
37:130,37,130,3,5,0,-3.04,2.1877
37:131,37,131,4,1,1,12.4024,0.9111
37:132,37,132,4,7,1,12.0344,0.7563
37:133,37,133,4,7,1,12.4005,2.6095
37:134,37,134,4,1,1,11.9784,0.8835
37:135,37,135,4,7,1,12.6633,3.8813
37:136,37,136,3,7,1,11.6843,1.1023
37:137,37,137,4,7,1,12.6243,2.4023
37:138,37,138,3,7,1,12.7921,3.3299
37:139,37,139,4,7,1,12.3045,2.4448
37:140,37,140,5,5,0,-2.9948,1.6894
37:141,37,141,4,5,0,-3.2453,2.0801
37:142,37,142,4,5,0,-3.1198,2.1289
37:143,37,143,5,7,1,12.3289,2.261
37:144,37,144,6,2,0,-3.7239,1.7268
37:145,37,145,4,2,0,-3.3395,2.1324
37:146,37,146,5,7,1,11.8335,1.0015
37:147,37,147,6,2,0,-3.9485,1.8419
37:148,37,148,4,0,1,13.1207,2.018
37:149,37,149,5,3,1,13.1847,2.7535
37:150,37,150,6,2,0,-3.8921,2.1473
37:151,37,151,5,0,1,13.3259,2.0882
37:152,37,152,4,3,1,15.0029,-0.9521
37:153,37,153,4,5,0,-3.2748,1.9103
37:154,37,154,4,5,0,-2.9163,1.4512
37:155,37,155,2,7,1,13.1727,3.1368
37:156,37,156,4,7,1,11.7067,2.8206
37:157,37,157,5,2,0,-3.5358,2.0173
37:158,37,158,10,0,1,13.9341,0.8444
37:159,37,159,4,3,1,14.4979,2.8938
37:160,37,160,4,3,1,12.6957,3.8985
37:161,37,161,3,7,1,12.7672,2.8549
37:162,37,162,4,5,0,-2.9757,1.7478
37:163,37,163,5,7,1,12.2237,3.3123
37:164,37,164,6,7,1,13.0463,2.9502
37:165,37,165,3,7,1,12.0312,0.9038
37:166,37,166,3,7,1,12.003,0.9628
37:167,37,167,3,5,0,-2.966,1.7605
37:168,37,168,6,1,1,12.3882,0.4814
37:169,37,169,4,1,1,12.1364,1.1068
37:170,37,170,4,2,0,-3.5351,1.9953
37:171,37,171,5,2,0,-3.9336,2.2792
37:172,37,172,3,7,1,12.079,2.2064
37:173,37,173,4,1,1,12.0174,0.9239
37:174,37,174,4,7,1,12.7969,2.0
37:175,37,175,3,5,0,-3.182,2.2199
37:176,37,176,2,5,0,-3.1756,2.2267
37:177,37,177,6,2,0,-3.7234,2.1725
37:178,37,178,4,7,1,12.821,2.0173
37:179,37,179,3,5,0,-3.1347,2.2609
37:180,37,180,6,3,1,14.6851,3.5018
37:181,37,181,3,5,0,-3.0229,2.1759
37:182,37,182,4,3,1,14.8643,3.9604
38:1,38,1,4,7,1,11.7616,3.2774
38:2,38,2,6,0,1,15.0724,0.7549
38:3,38,3,10,1,1,12.5406,0.6335
38:4,38,4,10,0,1,14.8385,-0.6032
38:5,38,5,8,3,1,14.5501,3.0032
38:6,38,6,12,0,1,14.0933,1.3441
38:7,38,7,10,1,1,12.8526,0.6228
38:8,38,8,15,0,1,14.8053,-0.0323
38:9,38,9,7,6,1,15.1613,2.7482
38:10,38,10,10,6,1,15.4784,3.8096
38:11,38,11,6,3,1,13.358,2.3831
38:12,38,12,8,0,1,14.872,-0.8354
38:13,38,13,7,2,0,-3.9825,1.8155
38:14,38,14,7,3,1,15.0325,-0.8847
38:15,38,15,10,0,1,13.6286,2.0667
38:16,38,16,8,1,1,13.3756,0.2992
38:17,38,17,11,1,1,14.1839,0.7081
38:18,38,18,7,1,1,12.9173,0.2703
38:19,38,19,5,3,1,12.3922,3.1351
38:20,38,20,6,2,0,-4.0157,2.1864
38:21,38,21,7,0,1,14.1848,1.5972
38:22,38,22,23,4,1,18.9753,-0.3186
38:23,38,23,15,1,1,12.6577,0.7595
38:24,38,24,32,4,1,19.7286,0.0394
38:25,38,25,9,1,1,12.3901,0.647
38:26,38,26,30,4,1,19.5265,0.1983
38:27,38,27,16,6,1,12.7486,-0.2998
38:28,38,28,13,6,1,16.7409,1.0308
38:29,38,29,9,6,1,14.4928,2.7922
38:30,38,30,7,1,1,12.8935,0.2671
38:31,38,31,6,3,1,12.3959,2.6556
38:32,38,32,11,6,1,14.8151,2.5524
38:33,38,33,6,0,1,12.1242,3.0139
38:34,38,34,9,1,1,12.8297,0.0949
38:35,38,35,15,6,1,16.8472,2.6508
38:36,38,36,8,1,1,12.8404,0.4165
38:37,38,37,4,7,1,12.2238,3.1879
38:38,38,38,4,7,1,11.7873,2.1835
38:39,38,39,7,2,0,-4.0821,2.1543
38:40,38,40,6,1,1,12.2464,0.7191
38:41,38,41,11,1,1,14.5513,0.5881
38:42,38,42,6,2,0,-3.5008,1.8814
38:43,38,43,10,1,1,12.5189,0.3555
38:44,38,44,14,6,1,14.8263,2.5508
38:45,38,45,8,2,0,-4.0482,1.9847
38:46,38,46,5,1,1,12.3149,0.3902
38:47,38,47,5,1,1,12.3142,0.6666
38:48,38,48,8,0,1,12.784,2.3416
38:49,38,49,6,3,1,13.2397,2.9324
38:50,38,50,5,3,1,13.0558,2.2885
38:51,38,51,7,0,1,12.6494,2.4484
38:52,38,52,4,0,1,12.5496,2.369
38:53,38,53,5,5,0,-2.9795,1.5112
38:54,38,54,7,1,1,12.1002,0.8194
38:55,38,55,5,3,1,12.5269,2.9793
38:56,38,56,4,3,1,12.5749,2.8937
38:57,38,57,4,7,1,12.418,3.0473
38:58,38,58,4,5,0,-3.0976,1.8676
38:59,38,59,10,0,1,15.6643,0.087
38:60,38,60,11,1,1,13.6703,0.6182
38:61,38,61,11,1,1,14.9324,0.064
38:62,38,62,10,1,1,13.366,0.3568
38:63,38,63,6,0,1,14.4666,1.4772
38:64,38,64,6,3,1,15.7353,0.0726
38:65,38,65,11,3,1,12.6152,1.5162
38:66,38,66,7,3,1,15.3091,3.8188
38:67,38,67,4,5,0,-2.4816,2.0702
38:68,38,68,3,5,0,-2.5836,1.8272
38:69,38,69,9,2,0,-3.6688,1.6272
38:70,38,70,8,1,1,12.379,1.5091
38:71,38,71,9,3,1,14.4251,3.232
38:72,38,72,9,0,1,14.6291,0.2507
38:73,38,73,4,3,1,12.7289,2.7741
38:74,38,74,6,0,1,13.2506,1.9774
38:75,38,75,14,6,1,14.2627,2.4446
38:76,38,76,10,1,1,12.8785,2.733
38:77,38,77,5,7,1,12.6779,1.8057
38:78,38,78,6,3,1,13.002,3.0985
38:79,38,79,6,3,1,12.8821,2.2705
38:80,38,80,4,7,1,12.5282,1.9097
38:81,38,81,4,5,0,-2.6811,1.9361
38:82,38,82,4,3,1,13.3249,2.4991
38:83,38,83,4,7,1,12.7245,3.8944
38:84,38,84,4,7,1,12.1683,2.9142
38:85,38,85,7,3,1,14.1451,2.2268
38:86,38,86,10,7,1,13.045,2.0083
38:87,38,87,5,3,1,13.2946,2.9726
38:88,38,88,4,7,1,12.7134,2.9273
39:1,39,1,6,3,1,13.9127,3.4845
39:2,39,2,10,1,1,14.1628,2.8946
39:3,39,3,33,4,1,19.0461,-0.0578
39:4,39,4,16,6,1,15.5918,3.3082
39:5,39,5,23,4,1,19.3968,1.5981
39:6,39,6,36,4,1,19.7303,1.0919
39:7,39,7,31,4,1,19.2421,0.7205
39:8,39,8,34,4,1,19.4991,-0.4615
39:9,39,9,24,4,1,18.9026,0.4146
39:10,39,10,21,4,1,18.4405,0.8718
39:11,39,11,9,3,1,14.3517,2.7215
39:12,39,12,5,7,1,12.6509,2.0362
39:13,39,13,9,3,1,15.4131,0.9833
39:14,39,14,6,3,1,13.9004,3.0215
39:15,39,15,19,4,1,18.5435,0.7841
39:16,39,16,16,6,1,16.0011,0.8429
39:17,39,17,12,0,1,15.7796,1.4811
39:18,39,18,13,6,1,16.432,1.147
39:19,39,19,10,6,1,15.559,0.2607
39:20,39,20,20,6,1,17.745,0.9076
39:21,39,21,31,4,1,19.5273,1.4129
39:22,39,22,20,4,1,18.745,1.0721
39:23,39,23,34,4,1,19.4198,0.5262
39:24,39,24,13,6,1,15.3967,0.5648
39:25,39,25,10,0,1,15.2945,-0.3047
39:26,39,26,12,6,1,15.6552,1.0018
39:27,39,27,11,1,1,12.4213,0.2253
39:28,39,28,7,0,1,13.1405,2.2616
39:29,39,29,19,4,1,19.7097,0.529
39:30,39,30,4,7,1,12.4518,2.4067
39:31,39,31,7,3,1,14.2545,3.7468
39:32,39,32,15,6,1,15.5323,-0.3976
39:33,39,33,8,6,1,16.407,0.9802
39:34,39,34,8,6,1,15.2281,2.3518
39:35,39,35,12,6,1,16.2131,1.587
39:36,39,36,15,6,1,16.0058,1.7932
39:37,39,37,12,6,1,16.0376,1.2743
39:38,39,38,36,4,1,19.4015,0.6496
39:39,39,39,9,3,1,13.9517,1.8264
39:40,39,40,8,0,1,15.4277,0.4322
39:41,39,41,18,4,1,18.264,0.3867
39:42,39,42,26,4,1,19.3576,1.1457
39:43,39,43,14,0,1,14.8184,1.5758
39:44,39,44,11,6,1,15.2801,3.7676
39:45,39,45,18,6,1,17.4707,1.1221
39:46,39,46,17,6,1,15.8782,3.034
39:47,39,47,25,4,1,18.6268,-0.0793
39:48,39,48,11,0,1,14.3887,0.9418
39:49,39,49,22,4,1,19.3585,-0.5867
39:50,39,50,11,0,1,14.037,1.319
39:51,39,51,15,0,1,14.9121,0.8154
39:52,39,52,15,6,1,16.1569,3.253
39:53,39,53,20,6,1,17.1824,2.2846
39:54,39,54,13,6,1,15.4936,0.8884
39:55,39,55,16,6,1,15.5468,0.9464
39:56,39,56,14,6,1,16.7899,0.7369
39:57,39,57,9,3,1,14.1357,1.9301
39:58,39,58,12,0,1,14.8906,0.7955
39:59,39,59,10,6,1,14.8601,0.0869
39:60,39,60,14,6,1,15.4903,-0.3272
39:61,39,61,11,6,1,15.9267,1.6146
39:62,39,62,9,3,1,15.2919,3.7535
39:63,39,63,11,6,1,16.2233,0.5934
39:64,39,64,7,3,1,14.4479,2.6044
39:65,39,65,14,6,1,14.6585,2.1148
39:66,39,66,6,3,1,14.7341,3.5046
39:67,39,67,17,4,1,18.5744,0.3524
39:68,39,68,22,6,1,15.803,3.9584
39:69,39,69,15,6,1,14.0473,2.8049
39:70,39,70,9,0,1,13.6125,1.7444
39:71,39,71,34,4,1,19.3274,-0.3223
39:72,39,72,9,6,1,16.6694,0.6997
39:73,39,73,20,4,1,17.8619,0.3785
39:74,39,74,16,4,1,18.0104,-0.3688
39:75,39,75,17,6,1,15.2659,3.2588
40:1,40,1,1,7,1,8.5167,4.5393
40:2,40,2,6,3,1,13.8606,3.5099
40:3,40,3,14,6,1,16.5715,2.6386
40:4,40,4,13,6,1,15.3557,0.9773
40:5,40,5,21,4,1,18.9829,-0.5946
40:6,40,6,10,6,1,15.7622,0.1329
40:7,40,7,27,4,1,19.382,0.853
40:8,40,8,16,4,1,17.3483,0.5289
40:9,40,9,12,6,1,16.2488,1.9885
40:10,40,10,15,6,1,15.4405,0.8274
40:11,40,11,13,1,1,13.5758,0.4129
40:12,40,12,15,6,1,15.2973,3.0831
40:13,40,13,14,6,1,15.923,3.8092
40:14,40,14,8,3,1,15.1206,1.1656
40:15,40,15,16,6,1,15.7526,2.7531
40:16,40,16,15,6,1,15.515,3.1615
40:17,40,17,13,6,1,15.8876,2.7326
40:18,40,18,15,0,1,15.0604,1.3181
40:19,40,19,6,7,1,14.6288,3.3107
40:20,40,20,15,6,1,15.4682,3.2229
40:21,40,21,30,4,1,18.7209,-1.0769
40:22,40,22,13,6,1,14.9985,1.4071
40:23,40,23,6,1,1,12.1961,0.2925
40:24,40,24,7,0,1,14.8674,-0.7953
40:25,40,25,19,4,1,18.8067,-0.325
40:26,40,26,18,6,1,14.5924,0.8886
40:27,40,27,13,6,1,14.0553,1.357
40:28,40,28,39,4,1,19.2335,-0.1714
40:29,40,29,26,4,1,19.6208,1.1733
40:30,40,30,10,6,1,15.4148,1.4778
40:31,40,31,14,0,1,15.3771,0.3093
40:32,40,32,6,3,1,15.2507,1.4109
40:33,40,33,16,6,1,15.6942,1.5203
40:34,40,34,30,4,1,19.2369,0.0372
40:35,40,35,23,4,1,19.4607,0.6011
40:36,40,36,9,6,1,14.0246,2.4617
40:37,40,37,23,4,1,19.5828,-0.7182
40:38,40,38,8,6,1,15.3415,2.7292
40:39,40,39,11,6,1,15.6534,2.8857
40:40,40,40,23,4,1,17.7597,0.6543
40:41,40,41,9,6,1,15.6223,0.1333
40:42,40,42,15,6,1,16.8215,2.6655
40:43,40,43,22,4,1,20.1747,-0.2134
40:44,40,44,12,6,1,14.9477,2.7655
40:45,40,45,10,0,1,15.3318,0.5725
40:46,40,46,13,6,1,15.8194,0.1809
40:47,40,47,19,6,1,15.7625,-0.0989
40:48,40,48,12,6,1,14.3782,0.6912
40:49,40,49,13,6,1,15.2828,0.0714
40:50,40,50,16,6,1,14.782,0.6258
40:51,40,51,11,1,1,12.9141,0.2931
40:52,40,52,10,0,1,15.3606,0.4621
40:53,40,53,8,2,0,-4.0586,2.2693
40:54,40,54,4,2,0,-3.3532,1.9974
40:55,40,55,12,6,1,16.6866,2.6031
40:56,40,56,23,4,1,19.4276,0.6691
40:57,40,57,12,6,1,15.7818,3.7338
40:58,40,58,13,0,1,15.327,1.698
40:59,40,59,11,0,1,13.8487,2.477
40:60,40,60,13,6,1,16.5453,0.7377
40:61,40,61,20,6,1,16.0215,3.2966
40:62,40,62,12,3,1,15.254,3.6702
40:63,40,63,7,6,1,15.1143,2.7347
40:64,40,64,21,4,1,19.4139,1.2174
40:65,40,65,14,6,1,15.3617,3.7697
40:66,40,66,20,6,1,17.4183,1.6862
40:67,40,67,30,4,1,19.5661,1.2441
40:68,40,68,12,6,1,15.5359,3.9584
40:69,40,69,10,6,1,15.3341,2.0948
40:70,40,70,9,1,1,14.9748,-0.5743
40:71,40,71,6,0,1,13.0647,2.0462
40:72,40,72,6,0,1,15.6975,0.0266
40:73,40,73,7,7,1,13.1331,1.9403
40:74,40,74,17,6,1,15.2538,0.8458
40:75,40,75,11,0,1,14.4698,2.2062
40:76,40,76,8,6,1,16.7128,0.6928
40:77,40,77,14,6,1,13.7302,0.6754
40:78,40,78,32,4,1,18.5909,-0.4674
40:79,40,79,9,6,1,15.1529,3.1895
40:80,40,80,12,2,0,-4.3126,1.8265
40:81,40,81,6,3,1,14.2717,3.2265
40:82,40,82,25,4,1,18.7273,-1.1099
40:83,40,83,15,0,1,14.2788,1.2801
40:84,40,84,12,1,1,13.464,0.5082
40:85,40,85,17,6,1,15.3198,1.0229
41:1,41,1,1,7,1,8.5168,4.5391
41:2,41,2,4,3,1,13.8286,3.5818
41:3,41,3,7,3,1,13.7355,3.0523
41:4,41,4,7,2,0,-3.9102,1.6651
41:5,41,5,17,1,1,18.0418,-0.3947
41:6,41,6,16,4,1,18.9394,1.1375
41:7,41,7,8,0,1,15.4361,0.9548
41:8,41,8,9,0,1,16.5314,1.5907
41:9,41,9,14,6,1,15.8457,3.5445
41:10,41,10,15,6,1,13.521,0.8005
41:11,41,11,16,1,1,12.9624,0.0395
41:12,41,12,19,4,1,19.4938,1.2136
41:13,41,13,9,0,1,14.2434,1.4548
41:14,41,14,23,4,1,19.2161,-0.1209
41:15,41,15,25,4,1,19.4344,-0.0841
41:16,41,16,19,4,1,18.2325,-0.3711
41:17,41,17,14,0,1,15.0298,0.4359
41:18,41,18,5,1,1,12.3009,0.5214
41:19,41,19,8,6,1,15.6813,0.0162
41:20,41,20,12,0,1,14.303,1.4602
41:21,41,21,18,4,1,17.9502,-0.203
41:22,41,22,20,4,1,18.8879,0.9575
41:23,41,23,9,6,1,15.1118,1.5151
41:24,41,24,11,0,1,15.6838,0.1745
41:25,41,25,25,4,1,18.5004,-0.4049
41:26,41,26,11,0,1,15.0283,0.8713
41:27,41,27,10,0,1,14.9395,0.2106
41:28,41,28,14,6,1,15.8254,0.2712
41:29,41,29,16,1,1,14.4017,0.303
41:30,41,30,19,4,1,18.3269,0.6808
41:31,41,31,16,1,1,12.9063,0.2536
41:32,41,32,4,7,1,11.7496,1.6165
41:33,41,33,13,6,1,15.9213,1.7935
41:34,41,34,17,4,1,18.4191,0.8826
41:35,41,35,11,6,1,16.0189,2.0287
41:36,41,36,11,6,1,15.8746,2.1458
41:37,41,37,19,4,1,19.3425,1.6685
41:38,41,38,12,6,1,15.5921,2.4974
41:39,41,39,22,4,1,19.5905,1.1051
41:40,41,40,26,4,1,18.7114,0.5246
41:41,41,41,9,0,1,15.3936,1.2377
41:42,41,42,13,6,1,14.198,3.319
41:43,41,43,17,6,1,16.6768,2.5298
41:44,41,44,30,4,1,19.3463,-0.2988
41:45,41,45,18,4,1,18.6326,-0.8068
41:46,41,46,11,6,1,16.1423,2.0572
41:47,41,47,28,4,1,19.9793,0.6278
41:48,41,48,12,0,1,13.7599,1.413
41:49,41,49,11,6,1,13.5053,3.4102
41:50,41,50,32,4,1,19.1603,-0.3417
41:51,41,51,13,1,1,12.4572,0.3142
41:52,41,52,17,6,1,16.0967,2.5536
41:53,41,53,19,6,1,18.0147,-0.3425
41:54,41,54,12,0,1,15.6746,3.1278
42:1,42,1,1,7,1,8.5168,4.5391
42:2,42,2,1,7,1,8.9093,4.312
42:3,42,3,10,6,1,15.0966,2.8834
42:4,42,4,10,3,1,15.6135,3.9906
42:5,42,5,19,4,1,19.4155,1.0143
42:6,42,6,12,0,1,15.117,2.0748
42:7,42,7,22,4,1,19.3839,-0.1824
42:8,42,8,19,6,1,16.3698,1.3954
42:9,42,9,16,6,1,15.4173,2.7368
42:10,42,10,15,6,1,15.2236,3.235
42:11,42,11,19,4,1,20.1554,0.0351
42:12,42,12,13,6,1,16.1463,3.4917
42:13,42,13,38,4,1,19.5125,-0.2771
42:14,42,14,30,4,1,19.0701,0.0462
42:15,42,15,34,4,1,19.1217,0.1306
42:16,42,16,18,6,1,15.9333,0.9951
42:17,42,17,11,6,1,14.0593,3.0679
42:18,42,18,22,4,1,18.8644,0.4432
42:19,42,19,9,6,1,15.8341,3.3133
42:20,42,20,22,4,1,18.4327,1.2081
42:21,42,21,22,4,1,18.5822,0.149
42:22,42,22,24,4,1,18.3934,0.321
42:23,42,23,29,4,1,19.4661,0.8515
42:24,42,24,22,4,1,18.7484,0.8532
42:25,42,25,12,0,1,15.9295,2.5926
42:26,42,26,12,0,1,15.6416,0.6327
42:27,42,27,17,6,1,16.0938,3.4384
42:28,42,28,13,0,1,15.9015,3.5703
42:29,42,29,16,6,1,15.8139,3.9332
42:30,42,30,10,0,1,14.2162,1.3322
42:31,42,31,14,6,1,15.0553,2.9827
42:32,42,32,6,2,0,-3.1485,2.1509
42:33,42,33,15,6,1,15.5613,2.9831
42:34,42,34,7,0,1,13.1914,2.9222
42:35,42,35,9,0,1,13.7768,1.3853
42:36,42,36,17,6,1,15.9929,2.7089
42:37,42,37,10,0,1,16.7513,2.1109
42:38,42,38,11,0,1,15.91,1.6192
42:39,42,39,6,0,1,12.7227,1.783
42:40,42,40,14,6,1,16.3771,1.8464
42:41,42,41,9,0,1,16.3713,0.9958
42:42,42,42,15,6,1,16.4346,0.7601
42:43,42,43,8,3,1,16.7221,2.2858
42:44,42,44,20,6,1,15.7854,1.0065
42:45,42,45,27,4,1,19.1324,0.0887
42:46,42,46,16,0,1,15.6806,1.3585
42:47,42,47,21,6,1,15.1061,2.5481
42:48,42,48,27,4,1,19.5376,-0.4809
42:49,42,49,15,6,1,15.712,3.8164
42:50,42,50,11,0,1,13.3491,3.0352
42:51,42,51,22,4,1,15.591,3.1902
42:52,42,52,27,4,1,19.2309,-0.1075
42:53,42,53,15,6,1,15.5483,4.0202
43:1,43,1,1,7,1,8.516,4.5395
43:2,43,2,2,5,0,-2.6383,2.2097
43:3,43,3,6,1,1,12.779,0.7612
43:4,43,4,7,1,1,12.5134,0.9141
43:5,43,5,8,1,1,13.1293,1.2069
43:6,43,6,6,1,1,12.53,0.6925
43:7,43,7,8,0,1,14.2831,1.4805
43:8,43,8,7,1,1,13.1205,0.7158
43:9,43,9,10,6,1,15.8037,3.793
43:10,43,10,11,6,1,15.6433,3.0764
43:11,43,11,12,1,1,12.8389,-0.2388
43:12,43,12,11,6,1,15.642,3.7843
43:13,43,13,20,4,1,19.3717,0.7838
43:14,43,14,4,1,1,12.1971,0.8317
43:15,43,15,9,0,1,14.495,1.1257
43:16,43,16,7,0,1,14.073,2.4066
43:17,43,17,12,0,1,14.2274,1.0112
43:18,43,18,9,0,1,13.4599,1.9191
43:19,43,19,12,0,1,14.3088,1.6741
43:20,43,20,15,0,1,14.2833,1.3722
43:21,43,21,8,0,1,13.9375,2.612
43:22,43,22,11,1,1,13.0961,0.6694
43:23,43,23,21,4,1,18.4141,-0.1422
43:24,43,24,14,6,1,14.5804,0.7199
43:25,43,25,7,1,1,14.434,-0.6027
43:26,43,26,9,1,1,13.9622,0.894
43:27,43,27,5,0,1,12.5478,2.987
43:28,43,28,7,0,1,13.7541,1.3745
43:29,43,29,9,6,1,13.1766,2.6217
43:30,43,30,9,1,1,13.6766,0.41
43:31,43,31,10,1,1,12.9402,0.6474
43:32,43,32,25,4,1,18.7007,0.2812
43:33,43,33,17,1,1,13.2194,-0.0678
43:34,43,34,5,0,1,13.3151,1.9081
43:35,43,35,12,6,1,15.8262,2.8976
43:36,43,36,11,6,1,15.7356,1.5876
43:37,43,37,7,0,1,13.4997,1.5775
43:38,43,38,11,1,1,13.532,0.5696
43:39,43,39,9,0,1,15.1752,0.4295
43:40,43,40,11,6,1,14.6774,1.5782
43:41,43,41,6,1,1,12.2764,0.6886
43:42,43,42,7,1,1,13.5511,0.7622
43:43,43,43,8,3,1,14.3991,3.0308
43:44,43,44,6,3,1,13.7128,3.0298
43:45,43,45,13,1,1,13.4505,0.4783
43:46,43,46,12,1,1,12.3924,0.2011
43:47,43,47,7,0,1,13.6692,1.5707
43:48,43,48,13,1,1,14.6366,0.1031
43:49,43,49,11,1,1,13.8089,0.2674
43:50,43,50,7,1,1,14.565,-0.0215
43:51,43,51,17,2,0,-4.2299,1.9106
43:52,43,52,11,0,1,12.7676,1.353
43:53,43,53,11,0,1,13.5841,0.8393
43:54,43,54,7,0,1,14.7495,-0.3356
43:55,43,55,6,1,1,12.8522,0.2088
43:56,43,56,4,1,1,11.7777,1.0508
43:57,43,57,9,0,1,14.7518,0.7865
43:58,43,58,14,1,1,13.6553,0.1951
43:59,43,59,10,1,1,12.9464,0.3199
43:60,43,60,8,1,1,12.9265,0.2542
43:61,43,61,10,6,1,13.6755,2.3766
43:62,43,62,7,3,1,15.6285,1.7213
43:63,43,63,17,4,1,18.6638,0.8237
43:64,43,64,9,3,1,14.801,3.5587
43:65,43,65,11,0,1,15.1795,0.5009
43:66,43,66,10,0,1,13.8133,2.1368
43:67,43,67,7,0,1,13.6209,1.6654
43:68,43,68,8,2,0,-3.9175,1.6924
43:69,43,69,5,3,1,12.6728,1.8018
43:70,43,70,5,3,1,16.8248,0.6412
43:71,43,71,15,0,1,13.6334,1.6158
43:72,43,72,7,3,1,13.451,2.2444
43:73,43,73,6,7,1,12.3859,2.5295
43:74,43,74,6,0,1,15.0059,0.2336
43:75,43,75,6,0,1,12.9561,1.9411
43:76,43,76,6,0,1,13.3848,1.5154
43:77,43,77,8,1,1,13.7843,0.633
43:78,43,78,7,1,1,13.2063,1.1656
43:79,43,79,5,1,1,12.3037,0.874
43:80,43,80,11,1,1,14.2501,1.0403
43:81,43,81,8,3,1,13.6044,2.8248
43:82,43,82,8,3,1,15.1755,3.9048
43:83,43,83,8,0,1,14.6602,1.3497
43:84,43,84,11,3,1,15.5341,4.0945
43:85,43,85,13,6,1,15.2155,3.8964
43:86,43,86,13,0,1,14.6526,2.019
43:87,43,87,8,0,1,14.3145,2.0171
43:88,43,88,7,0,1,14.1087,1.7855
43:89,43,89,6,2,0,-3.5949,2.0326
44:1,44,1,1,7,1,8.5161,4.5395
44:2,44,2,2,5,0,-2.6192,2.1669
44:3,44,3,8,1,1,12.4367,1.1766
44:4,44,4,5,7,1,12.2656,2.9619
44:5,44,5,6,1,1,12.4884,0.7993
44:6,44,6,7,3,1,14.7403,3.8631
44:7,44,7,8,3,1,15.0789,3.849
44:8,44,8,10,6,1,15.4004,3.9484
44:9,44,9,5,5,0,-3.2586,1.8871
44:10,44,10,6,3,1,12.1521,3.6407
44:11,44,11,5,7,1,15.2002,0.2343
44:12,44,12,6,1,1,14.3084,0.0363
44:13,44,13,7,0,1,13.7363,1.9167
44:14,44,14,6,0,1,13.3471,1.5046
44:15,44,15,6,1,1,14.7828,0.1403
44:16,44,16,6,1,1,12.4997,0.6562
44:17,44,17,8,1,1,12.8645,0.1652
44:18,44,18,9,3,1,14.5119,2.513
44:19,44,19,9,3,1,14.3663,2.6449
44:20,44,20,6,3,1,13.1954,2.1524
44:21,44,21,5,0,1,13.6023,2.0774
44:22,44,22,6,3,1,12.844,1.5283
44:23,44,23,5,3,1,13.0085,2.1327
44:24,44,24,6,0,1,13.2056,1.693
44:25,44,25,5,7,1,11.2127,2.5146
44:26,44,26,3,5,0,-2.7865,2.1471
44:27,44,27,4,5,0,-3.493,2.2281
44:28,44,28,4,2,0,-3.6304,1.957
44:29,44,29,8,0,1,15.5879,3.9468
44:30,44,30,7,1,1,14.0503,-0.0014
44:31,44,31,7,7,1,12.4121,2.2187
44:32,44,32,6,2,0,-3.5651,1.9957
44:33,44,33,7,7,1,12.3427,1.8212
44:34,44,34,3,7,1,12.8966,2.1908
44:35,44,35,8,1,1,12.73,0.4415
44:36,44,36,5,2,0,-3.551,2.0048
44:37,44,37,12,0,1,14.6209,0.7272
44:38,44,38,7,1,1,12.5862,-0.1292
44:39,44,39,8,0,1,13.5151,1.3526
44:40,44,40,5,3,1,12.7123,2.528
44:41,44,41,10,0,1,13.6826,1.8909
44:42,44,42,8,3,1,14.2188,4.305
44:43,44,43,3,7,1,11.7463,3.3461
44:44,44,44,2,5,0,-2.3966,2.156
44:45,44,45,4,5,0,-2.7119,2.1446
44:46,44,46,2,5,0,-2.4299,2.1648
44:47,44,47,5,2,0,-3.3844,2.116
44:48,44,48,7,0,1,15.1235,0.357
44:49,44,49,5,3,1,13.0509,2.9937
44:50,44,50,6,3,1,13.4196,2.3134
44:51,44,51,5,7,1,11.3625,2.3583
44:52,44,52,3,7,1,11.0148,2.6163
44:53,44,53,5,0,1,12.3351,2.7562
44:54,44,54,4,3,1,12.6603,2.4135
44:55,44,55,5,7,1,12.0597,2.4952
44:56,44,56,10,0,1,15.9503,0.491
44:57,44,57,7,3,1,14.5841,3.3853
44:58,44,58,5,3,1,13.5136,2.8027
44:59,44,59,3,7,1,12.0313,2.333
45:1,45,1,1,7,1,8.5158,4.5396
45:2,45,2,6,3,1,13.9314,3.4905
45:3,45,3,6,3,1,15.5363,3.7395
45:4,45,4,9,0,1,14.2057,2.0864
45:5,45,5,20,4,1,19.5799,1.3745
45:6,45,6,12,6,1,14.7259,2.7197
45:7,45,7,4,7,1,12.2393,3.1726
45:8,45,8,14,6,1,15.6491,0.8217
45:9,45,9,11,1,1,15.0316,0.1103
45:10,45,10,19,6,1,15.6341,0.6424
45:11,45,11,11,0,1,15.7499,0.5395
45:12,45,12,14,6,1,16.6034,2.7663
45:13,45,13,16,6,1,15.8474,3.214
45:14,45,14,14,6,1,16.7616,2.3702
45:15,45,15,11,6,1,16.2307,2.0269
45:16,45,16,13,1,1,13.1583,0.1012
45:17,45,17,24,4,1,20.1233,-0.1605
45:18,45,18,13,6,1,13.7805,1.6705
45:19,45,19,15,6,1,15.2566,1.8921
45:20,45,20,7,0,1,13.5304,2.6333
45:21,45,21,17,6,1,16.4969,1.0637
45:22,45,22,13,6,1,15.6216,3.7051
45:23,45,23,24,4,1,19.0154,0.0862
45:24,45,24,21,6,1,14.2362,0.3731
45:25,45,25,16,1,1,13.7934,0.3328
45:26,45,26,18,6,1,15.6045,3.2577
45:27,45,27,10,6,1,15.3057,3.9401
45:28,45,28,14,6,1,15.1966,2.5472
45:29,45,29,11,1,1,13.3506,1.0843
45:30,45,30,13,6,1,16.6118,1.425
45:31,45,31,12,6,1,15.1085,0.9321
45:32,45,32,22,6,1,13.8957,2.6621
45:33,45,33,11,0,1,14.3752,0.9679
45:34,45,34,14,1,1,15.4597,0.2
45:35,45,35,16,4,1,19.0742,0.4647
45:36,45,36,8,3,1,15.1164,4.0054
45:37,45,37,8,6,1,15.5079,4.1609
46:1,46,1,1,7,1,8.5159,4.5395
46:2,46,2,6,3,1,13.9116,3.5059
46:3,46,3,15,1,1,12.7185,-0.2
46:4,46,4,29,4,1,19.0562,0.457
46:5,46,5,18,6,1,15.8507,1.4756
46:6,46,6,9,0,1,14.2783,0.966
46:7,46,7,14,0,1,14.0924,0.3874
46:8,46,8,25,4,1,18.8064,0.9221
46:9,46,9,24,4,1,17.481,1.5387
46:10,46,10,24,4,1,19.0388,0.5136
46:11,46,11,19,0,1,15.3981,0.7062
46:12,46,12,16,4,1,18.9806,-0.5574
46:13,46,13,13,6,1,15.6096,1.9103
46:14,46,14,9,0,1,16.6596,0.7126
46:15,46,15,45,4,1,19.6858,-0.6682
46:16,46,16,18,6,1,16.7638,0.8297
46:17,46,17,28,4,1,19.7027,0.3099
46:18,46,18,17,6,1,16.3562,0.6415
46:19,46,19,9,0,1,14.1489,1.7633
46:20,46,20,27,4,1,18.6237,0.1457
46:21,46,21,25,4,1,19.3961,0.2051
46:22,46,22,12,1,1,13.1521,0.664
46:23,46,23,13,6,1,14.869,2.7409
46:24,46,24,18,4,1,18.4982,-0.2783
46:25,46,25,14,6,1,14.9559,0.5237
46:26,46,26,32,4,1,19.9971,-0.0839
46:27,46,27,10,1,1,13.1299,0.6349
46:28,46,28,17,0,1,14.8086,1.408
46:29,46,29,18,6,1,17.5071,-0.0248
46:30,46,30,19,4,1,18.8382,-0.8217
46:31,46,31,14,6,1,16.8094,2.4415
46:32,46,32,18,6,1,15.6263,2.086
46:33,46,33,22,4,1,18.9554,1.5509
46:34,46,34,18,0,1,15.8563,0.1561
46:35,46,35,27,4,1,19.5023,0.2809
47:1,47,1,8,0,1,15.7847,0.763
47:2,47,2,18,6,1,17.7952,0.8411
47:3,47,3,18,6,1,16.1861,0.5034
47:4,47,4,38,4,1,19.5694,-0.2004
47:5,47,5,3,5,0,-3.1713,2.2431
47:6,47,6,4,7,1,11.1421,2.5089
47:7,47,7,9,6,1,15.4067,2.0874
47:8,47,8,6,0,1,15.3843,0.7123
47:9,47,9,8,3,1,14.6457,2.0077
47:10,47,10,16,6,1,18.6365,-1.1327
47:11,47,11,11,6,1,15.1519,0.9699
47:12,47,12,22,4,1,17.4674,0.5124
47:13,47,13,14,6,1,14.2353,1.7351
47:14,47,14,13,6,1,16.0268,2.0205
47:15,47,15,44,4,1,19.7355,0.5882
47:16,47,16,24,4,1,19.1437,0.033
47:17,47,17,6,0,1,15.4951,2.1435
47:18,47,18,15,0,1,13.8239,2.1955
47:19,47,19,14,6,1,16.9877,2.4978
47:20,47,20,27,4,1,19.1023,-0.3198
47:21,47,21,12,6,1,15.9728,2.1678
47:22,47,22,10,0,1,15.2581,2.1969
47:23,47,23,7,6,1,16.3986,0.9649
47:24,47,24,7,0,1,14.9032,1.1351
47:25,47,25,16,0,1,15.6857,1.4564
47:26,47,26,15,6,1,15.1722,1.7688
47:27,47,27,7,0,1,14.5702,1.3265
47:28,47,28,10,6,1,14.837,1.9663
47:29,47,29,11,6,1,15.6583,1.4025
47:30,47,30,12,6,1,14.6836,2.129
47:31,47,31,8,1,1,13.0547,0.7734
47:32,47,32,21,6,1,16.1277,0.672
47:33,47,33,10,6,1,15.4497,1.9807
47:34,47,34,15,6,1,15.931,0.6812
47:35,47,35,12,6,1,15.0657,2.3654
47:36,47,36,13,6,1,16.1439,2.1872
47:37,47,37,6,2,0,-3.9945,1.7723
47:38,47,38,29,4,1,19.3652,0.4452
48:1,48,1,5,1,1,12.2957,0.9819
48:2,48,2,15,6,1,16.743,2.5767
48:3,48,3,4,3,1,13.8893,4.2435
48:4,48,4,19,4,1,18.9866,0.9423
48:5,48,5,19,4,1,17.5719,0.4835
48:6,48,6,21,4,1,19.2725,0.1774
48:7,48,7,8,3,1,15.3308,4.039
48:8,48,8,5,1,1,12.4868,1.391
48:9,48,9,8,6,1,15.3194,2.0504
48:10,48,10,25,4,1,18.7687,0.7468
48:11,48,11,37,4,1,19.4261,-0.1568
48:12,48,12,20,4,1,18.75,0.1508
48:13,48,13,9,1,1,15.0536,0.9157
48:14,48,14,14,6,1,16.6596,2.7637
48:15,48,15,31,4,1,19.2322,-0.0574
48:16,48,16,28,4,1,18.868,0.2133
48:17,48,17,27,4,1,20.1938,-0.1669
48:18,48,18,19,4,1,18.89,0.6149
48:19,48,19,7,0,1,14.7118,1.925
48:20,48,20,18,4,1,18.8422,0.6434
48:21,48,21,14,6,1,15.4849,2.9466
48:22,48,22,12,0,1,15.226,0.9898
48:23,48,23,12,6,1,15.0746,2.7121
48:24,48,24,19,6,1,18.5131,1.4613
48:25,48,25,40,4,1,18.8261,0.1468
48:26,48,26,28,4,1,18.9324,0.7616
48:27,48,27,28,4,1,19.2222,0.4433
48:28,48,28,14,6,1,15.8137,3.7302
48:29,48,29,54,4,1,19.9337,-0.0131
49:1,49,1,15,6,1,15.5817,2.3347
49:2,49,2,22,4,1,18.7875,0.6776
49:3,49,3,17,6,1,16.5349,1.169
49:4,49,4,9,0,1,14.282,1.5449
49:5,49,5,12,0,1,16.7233,2.2873
49:6,49,6,17,6,1,18.1797,0.7144
49:7,49,7,28,4,1,19.4347,0.3093
49:8,49,8,7,3,1,15.0981,3.392
49:9,49,9,30,4,1,19.5513,-0.0176
49:10,49,10,10,6,1,14.7341,1.5921
49:11,49,11,39,4,1,19.6084,0.2803
49:12,49,12,31,4,1,19.3326,0.2923
49:13,49,13,20,4,1,19.4807,0.9734
49:14,49,14,27,4,1,18.9119,0.2602
49:15,49,15,18,4,1,18.346,0.5486
49:16,49,16,16,6,1,15.6869,3.5042
49:17,49,17,19,6,1,18.2875,1.1314
49:18,49,18,10,6,1,15.5942,3.5073
50:1,50,1,3,5,0,-2.4597,2.2261
50:2,50,2,11,0,1,14.8487,0.6411
50:3,50,3,7,1,1,12.8348,0.638
50:4,50,4,9,2,0,-4.1243,2.187
50:5,50,5,9,0,1,14.9118,-0.6146
50:6,50,6,12,6,1,16.0936,3.7853
50:7,50,7,11,1,1,12.3323,0.349
50:8,50,8,5,3,1,13.095,3.3799
50:9,50,9,10,1,1,12.7264,-0.1352
50:10,50,10,5,3,1,12.7612,3.0106
50:11,50,11,8,1,1,12.8674,-0.1423
50:12,50,12,7,0,1,14.8636,-0.8316
50:13,50,13,4,2,0,-3.6292,2.0246
50:14,50,14,9,6,1,14.9974,-0.7714
50:15,50,15,10,1,1,13.083,0.0549
50:16,50,16,14,2,0,-4.1783,2.1978
50:17,50,17,8,0,1,11.6669,2.3679
50:18,50,18,8,0,1,12.7573,3.1321
50:19,50,19,9,0,1,13.3467,1.8992
50:20,50,20,6,7,1,12.0058,1.2534
50:21,50,21,6,7,1,13.0116,1.1243
50:22,50,22,12,1,1,13.3451,0.9861
50:23,50,23,6,7,1,12.4434,1.9841
50:24,50,24,6,3,1,12.4494,2.9915
50:25,50,25,4,7,1,12.3592,3.0959
50:26,50,26,10,6,1,15.7107,0.8008
50:27,50,27,10,1,1,12.4879,0.591
50:28,50,28,8,0,1,14.1794,2.1928
50:29,50,29,8,1,1,13.2782,2.3529
50:30,50,30,9,1,1,12.897,0.709
50:31,50,31,5,0,1,12.6763,2.6252
50:32,50,32,6,3,1,12.7817,2.8008
50:33,50,33,7,6,1,16.1609,1.8853
50:34,50,34,5,5,0,-3.1697,1.932
50:35,50,35,6,1,1,12.1189,0.9839
50:36,50,36,15,1,1,13.0056,0.2284
50:37,50,37,13,6,1,14.1414,2.2237
50:38,50,38,13,1,1,12.6407,-0.1903
50:39,50,39,12,6,1,14.9129,3.3452
50:40,50,40,5,3,1,12.7924,3.4677
50:41,50,41,7,0,1,13.0288,3.098
50:42,50,42,7,0,1,14.5313,1.9278
50:43,50,43,6,1,1,12.658,0.4446
50:44,50,44,9,1,1,13.7929,1.1967
50:45,50,45,13,1,1,13.9937,0.5411
51:1,51,1,2,7,1,11.6381,3.2293
51:2,51,2,2,5,0,-2.4179,2.278
51:3,51,3,2,5,0,-2.6441,2.2635
51:4,51,4,2,7,1,11.7614,3.0284
51:5,51,5,3,7,1,12.6221,2.7932
51:6,51,6,3,7,1,11.7551,2.9673
51:7,51,7,3,3,1,12.121,3.5038
51:8,51,8,4,7,1,12.1585,2.7725
51:9,51,9,4,5,0,-2.5706,1.6813
51:10,51,10,2,7,1,11.9285,3.1363
51:11,51,11,5,7,1,12.0513,2.2013
51:12,51,12,4,7,1,12.6017,2.8551
51:13,51,13,5,0,1,15.7057,-0.0209
51:14,51,14,7,0,1,13.7062,2.073
51:15,51,15,5,7,1,11.2037,2.4235
51:16,51,16,9,0,1,14.6777,1.4369
51:17,51,17,6,0,1,13.5395,1.5003
51:18,51,18,3,5,0,-3.1235,2.2087
51:19,51,19,5,0,1,12.7421,2.6079
51:20,51,20,4,7,1,12.9443,2.7917
51:21,51,21,4,5,0,-3.1735,1.4546
51:22,51,22,5,3,1,12.8279,3.0268
51:23,51,23,9,3,1,15.2247,3.811
51:24,51,24,6,2,0,-3.1339,2.0119
51:25,51,25,9,0,1,13.6882,1.2092
51:26,51,26,6,2,0,-3.8816,1.8988
51:27,51,27,5,0,1,13.3744,1.9513
51:28,51,28,9,0,1,14.141,1.4106
51:29,51,29,9,0,1,13.6516,2.0333
51:30,51,30,8,3,1,14.8544,3.2532
51:31,51,31,5,7,1,12.5228,2.7584
51:32,51,32,6,1,1,12.6735,1.197
51:33,51,33,5,7,1,11.7693,1.6465
51:34,51,34,4,3,1,14.0515,3.9441
51:35,51,35,6,2,0,-3.5013,2.2989
51:36,51,36,7,1,1,12.0652,1.0971
51:37,51,37,7,1,1,14.589,0.0584
51:38,51,38,8,1,1,12.1991,0.3037
51:39,51,39,6,0,1,12.8889,2.3187
51:40,51,40,7,1,1,12.042,0.8034
51:41,51,41,7,1,1,12.1318,0.7255
51:42,51,42,9,0,1,14.35,2.5371
51:43,51,43,8,0,1,12.8178,2.0279
51:44,51,44,8,0,1,14.3998,1.4465
51:45,51,45,7,2,0,-3.7967,1.6293
51:46,51,46,8,0,1,14.3009,-0.2054
51:47,51,47,5,1,1,12.4802,-0.0118
51:48,51,48,4,2,0,-3.5794,2.1901
51:49,51,49,7,1,1,12.3075,0.2326
51:50,51,50,8,3,1,12.5133,1.5919
51:51,51,51,11,3,1,14.9753,2.2212
51:52,51,52,13,0,1,14.5794,1.1145
51:53,51,53,6,2,0,-3.9292,1.9101
51:54,51,54,5,7,1,12.9904,2.1586
51:55,51,55,5,3,1,13.3361,2.9199
51:56,51,56,6,0,1,13.2048,2.3738
51:57,51,57,9,0,1,12.9506,2.3196
51:58,51,58,7,3,1,15.181,3.7103
51:59,51,59,9,0,1,15.3207,0.5874
51:60,51,60,7,0,1,15.2909,0.7585
52:1,52,1,1,7,1,11.2302,3.4292
52:2,52,2,2,7,1,11.1934,3.2612
52:3,52,3,3,7,1,11.2062,3.2411
52:4,52,4,2,5,0,-2.5039,2.2319
52:5,52,5,2,7,1,11.447,3.3834
52:6,52,6,2,5,0,-2.6814,2.2502
52:7,52,7,4,3,1,13.973,4.0654
52:8,52,8,4,7,1,11.7175,3.1048
52:9,52,9,4,7,1,11.8574,3.5467
52:10,52,10,3,5,0,-2.6722,2.1359
52:11,52,11,3,7,1,15.0871,-1.7091
52:12,52,12,5,7,1,12.2344,2.2504
52:13,52,13,6,0,1,15.6601,0.0496
52:14,52,14,6,0,1,15.1706,-0.9123
52:15,52,15,6,2,0,-3.7493,1.8876
52:16,52,16,12,0,1,14.6104,1.6107
52:17,52,17,5,1,1,11.1818,2.3809
52:18,52,18,8,0,1,15.3934,0.5352
52:19,52,19,6,2,0,-3.6803,1.9298
52:20,52,20,7,0,1,12.8376,2.3758
52:21,52,21,19,4,1,18.4581,0.0631
52:22,52,22,5,0,1,12.9646,1.9935
52:23,52,23,8,0,1,14.1009,1.2736
52:24,52,24,7,0,1,13.3384,1.7945
52:25,52,25,5,2,0,-3.5374,1.9003
52:26,52,26,7,1,1,12.6033,0.5402
52:27,52,27,6,3,1,14.2838,0.1441
52:28,52,28,9,1,1,12.0471,0.7071
52:29,52,29,8,3,1,14.3306,3.3951
52:30,52,30,7,0,1,14.0485,1.1337
52:31,52,31,6,0,1,13.2033,1.949
52:32,52,32,8,2,0,-3.9147,1.9262
52:33,52,33,6,0,1,13.8136,1.8525
52:34,52,34,6,0,1,12.7837,1.7146
52:35,52,35,8,2,0,-3.7142,1.6922
52:36,52,36,7,0,1,15.5916,3.7927
52:37,52,37,7,0,1,15.363,2.394
52:38,52,38,9,0,1,14.526,1.5174
52:39,52,39,5,5,0,-3.365,1.7992
52:40,52,40,7,0,1,16.2095,1.6325
52:41,52,41,5,2,0,-3.6157,1.5664
52:42,52,42,7,0,1,15.2596,0.8345
52:43,52,43,9,6,1,15.1245,2.8204
52:44,52,44,9,0,1,13.5846,1.5169
52:45,52,45,7,0,1,14.6766,1.3782
52:46,52,46,9,2,0,-3.9344,1.5441
52:47,52,47,10,0,1,15.0578,0.5079
52:48,52,48,10,3,1,14.5839,3.5847
52:49,52,49,5,3,1,12.8101,3.4661
53:1,53,1,3,7,1,11.5335,3.4441
53:2,53,2,5,7,1,12.6698,3.4892
53:3,53,3,4,5,0,-2.7535,1.5066
53:4,53,4,5,7,1,12.5811,3.3694
53:5,53,5,3,7,1,12.2471,3.2849
53:6,53,6,3,7,1,11.6499,3.2607
53:7,53,7,3,5,0,-2.7974,1.9218
53:8,53,8,3,7,1,11.6738,1.4548
53:9,53,9,5,5,0,-3.019,1.5032
53:10,53,10,5,2,0,-3.3557,1.7847
53:11,53,11,5,5,0,-2.9156,1.5756
53:12,53,12,4,2,0,-3.2954,1.6512
53:13,53,13,4,5,0,-3.2971,2.0619
53:14,53,14,3,5,0,-2.5066,2.0618
53:15,53,15,3,7,1,11.0009,2.6454
53:16,53,16,5,7,1,11.6183,3.2437
53:17,53,17,5,5,0,-3.17,1.5979
53:18,53,18,6,3,1,12.5769,3.0417
53:19,53,19,3,3,1,12.6984,2.4711
53:20,53,20,3,7,1,11.7404,2.2975
53:21,53,21,4,3,1,12.9463,3.3628
53:22,53,22,4,5,0,-2.6055,2.0238
53:23,53,23,25,4,1,19.1736,0.5727
53:24,53,24,4,3,1,13.37,3.4034
53:25,53,25,3,3,1,12.8049,3.0797
53:26,53,26,18,6,1,15.8136,2.7199
53:27,53,27,9,6,1,15.1008,1.2984
53:28,53,28,16,0,1,15.1052,1.8851
53:29,53,29,11,1,1,15.5791,1.5836
53:30,53,30,16,6,1,15.069,3.3933
53:31,53,31,16,6,1,16.0364,3.7281
53:32,53,32,31,4,1,19.6385,0.8264
53:33,53,33,3,3,1,12.6557,2.3851
53:34,53,34,3,5,0,-2.8495,2.0853
53:35,53,35,5,2,0,-3.4625,1.5145
53:36,53,36,7,0,1,12.775,3.3746
53:37,53,37,3,3,1,12.3229,3.326
53:38,53,38,5,7,1,12.7941,3.2571
53:39,53,39,6,3,1,13.4017,3.4729
53:40,53,40,4,7,1,11.5392,2.8996
53:41,53,41,4,3,1,12.49,3.4096
53:42,53,42,4,3,1,13.9452,3.9609
53:43,53,43,4,3,1,12.66,3.3819
53:44,53,44,4,7,1,12.1083,3.3863
53:45,53,45,5,3,1,12.9297,3.4422
53:46,53,46,4,7,1,11.4885,3.1041
53:47,53,47,4,7,1,12.4812,2.7134
53:48,53,48,4,7,1,12.0911,3.3493
53:49,53,49,4,3,1,14.0778,4.2466
53:50,53,50,4,7,1,12.6239,2.7632
53:51,53,51,3,5,0,-2.9271,1.838
53:52,53,52,9,0,1,14.3045,-0.1962
53:53,53,53,2,5,0,-2.6726,1.9546
53:54,53,54,3,7,1,11.804,3.3073
53:55,53,55,4,3,1,13.9253,3.9645
53:56,53,56,5,7,1,12.2846,1.656
53:57,53,57,2,5,0,-2.5164,2.0987
53:58,53,58,6,7,1,13.5129,3.2962
53:59,53,59,4,5,0,-3.0927,1.4661
53:60,53,60,3,5,0,-2.9161,1.412
53:61,53,61,2,5,0,-2.6469,1.8717
53:62,53,62,3,3,1,13.0306,4.9268
54:1,54,1,4,7,1,11.7122,3.4879
54:2,54,2,7,0,1,13.3565,1.7161
54:3,54,3,6,0,1,14.957,-0.6933
54:4,54,4,7,7,1,12.5428,1.8539
54:5,54,5,5,7,1,12.339,1.6883
54:6,54,6,8,0,1,13.526,2.444
54:7,54,7,8,0,1,14.1244,1.5039
54:8,54,8,8,0,1,14.913,0.6432
54:9,54,9,9,0,1,14.6657,-0.6289
54:10,54,10,5,3,1,13.844,3.6474
54:11,54,11,5,3,1,12.506,0.886
54:12,54,12,9,1,1,12.7405,0.1213
54:13,54,13,5,2,0,-3.4232,2.1851
54:14,54,14,6,1,1,12.7381,0.8561
54:15,54,15,6,3,1,12.8962,2.7382
54:16,54,16,4,2,0,-3.0404,2.5127
54:17,54,17,7,1,1,12.3037,0.3289
54:18,54,18,6,0,1,14.9971,-1.1669
54:19,54,19,9,1,1,12.8227,0.166
54:20,54,20,6,0,1,13.5926,1.8863
54:21,54,21,4,2,0,-3.0313,2.5364
54:22,54,22,7,1,1,12.2997,0.2952
54:23,54,23,3,7,1,15.0046,-1.2934
54:24,54,24,10,1,1,13.0924,0.3414
54:25,54,25,9,0,1,15.0313,-0.7162
54:26,54,26,5,0,1,15.0824,-1.2973
54:27,54,27,7,1,1,13.0335,0.1923
54:28,54,28,8,1,1,12.9036,1.5231
54:29,54,29,4,2,0,-3.5057,2.0858
54:30,54,30,4,2,0,-3.0455,2.5213
54:31,54,31,8,1,1,12.9526,0.1803
54:32,54,32,7,1,1,12.3058,0.3151
54:33,54,33,4,7,1,15.0206,-1.4028
54:34,54,34,9,1,1,12.8756,0.2264
54:35,54,35,7,1,1,12.554,0.8299
54:36,54,36,5,1,1,12.23,1.2643
54:37,54,37,9,2,0,-4.1986,1.7219
54:38,54,38,5,0,1,14.9701,0.2024
54:39,54,39,3,5,0,-2.8576,2.5195
54:40,54,40,7,1,1,12.2986,0.2926
54:41,54,41,5,7,1,12.2527,1.4757
54:42,54,42,7,0,1,14.8474,-0.6177
54:43,54,43,9,6,1,16.291,1.0403
54:44,54,44,5,7,1,12.6545,1.0367
54:45,54,45,4,7,1,11.6152,2.7397
54:46,54,46,6,0,1,13.1731,2.416
54:47,54,47,5,7,1,12.3381,1.6224
54:48,54,48,9,0,1,15.7216,0.0842
54:49,54,49,5,1,1,12.3372,0.1898
54:50,54,50,6,7,1,12.0418,1.1166
54:51,54,51,6,1,1,12.9059,1.2091
54:52,54,52,5,7,1,12.0815,3.2148
54:53,54,53,4,7,1,12.2066,3.2671
54:54,54,54,5,7,1,11.1482,2.4337
54:55,54,55,6,7,1,11.2004,3.1505
55:1,55,1,1,3,1,14.0915,3.8987
55:2,55,2,2,7,1,12.287,3.3415
55:3,55,3,2,5,0,-2.5154,2.1297
55:4,55,4,2,7,1,12.2364,3.2829
55:5,55,5,3,7,1,11.7421,3.4603
55:6,55,6,3,7,1,11.6828,3.4373
55:7,55,7,4,7,1,11.824,3.6292
55:8,55,8,4,7,1,12.7924,3.2427
55:9,55,9,6,2,0,-4.0116,1.6458
55:10,55,10,3,5,0,-3.0293,1.9148
55:11,55,11,5,3,1,12.6572,2.8319
55:12,55,12,4,3,1,12.1398,3.5984
55:13,55,13,4,3,1,23.0188,4.0341
55:14,55,14,5,3,1,13.351,3.4867
55:15,55,15,6,7,1,12.3357,3.3461
55:16,55,16,4,3,1,23.0118,4.0271
55:17,55,17,4,3,1,15.0032,3.8927
55:18,55,18,4,3,1,23.0206,4.0264
55:19,55,19,3,5,0,-2.8294,2.2147
55:20,55,20,4,7,1,12.4843,2.0067
55:21,55,21,4,3,1,23.016,4.0309
55:22,55,22,4,7,1,11.6268,2.6949
55:23,55,23,4,3,1,23.0248,4.027
55:24,55,24,6,2,0,-3.2286,2.0389
55:25,55,25,4,3,1,23.0106,4.0233
55:26,55,26,4,7,1,12.1714,3.1241
55:27,55,27,6,3,1,14.1214,3.9667
55:28,55,28,4,3,1,23.032,4.0452
55:29,55,29,10,3,1,15.62,4.0127
55:30,55,30,4,3,1,23.0163,4.0292
55:31,55,31,4,7,1,12.232,1.0385
55:32,55,32,4,3,1,23.0232,4.0408
55:33,55,33,16,6,1,15.904,2.601
55:34,55,34,4,3,1,23.0247,4.038
55:35,55,35,8,6,1,13.6138,2.1049
55:36,55,36,4,3,1,23.0198,4.0334
55:37,55,37,6,3,1,12.0531,3.7832
55:38,55,38,4,3,1,23.0164,4.0265
55:39,55,39,8,0,1,13.0405,2.5486
55:40,55,40,4,3,1,23.0133,4.0399
55:41,55,41,6,0,1,12.3973,1.6428
55:42,55,42,4,3,1,23.0196,4.0335
55:43,55,43,6,0,1,15.1037,-0.7524
55:44,55,44,5,2,0,-3.4893,2.1477
55:45,55,45,4,3,1,23.0491,4.0053
55:46,55,46,5,3,1,15.8056,1.9139
55:47,55,47,4,3,1,23.0216,4.0316
55:48,55,48,2,5,0,-2.4879,2.2119
55:49,55,49,4,3,1,23.0173,4.0296
55:50,55,50,3,5,0,-2.6377,1.8295
55:51,55,51,4,3,1,23.0183,4.035
55:52,55,52,5,7,1,12.1556,2.8254
55:53,55,53,4,3,1,23.0206,4.0332
55:54,55,54,9,0,1,11.2278,2.3816
55:55,55,55,4,3,1,23.0231,4.0328
55:56,55,56,9,6,1,13.4843,1.9341
55:57,55,57,4,3,1,23.0206,4.0336
55:58,55,58,3,7,1,11.5147,2.9091
55:59,55,59,4,3,1,23.0313,4.0442
55:60,55,60,5,3,1,12.6909,3.4426
55:61,55,61,4,3,1,23.0188,4.0387
55:62,55,62,3,7,1,11.0323,2.5798
55:63,55,63,4,3,1,23.03,4.0263
55:64,55,64,1,7,1,11.5007,2.8967
55:65,55,65,4,3,1,23.0217,4.0342
55:66,55,66,3,7,1,11.9391,2.5596
55:67,55,67,4,3,1,23.0002,4.0566
55:68,55,68,4,7,1,12.5605,2.7577
55:69,55,69,4,3,1,23.0219,4.0348
55:70,55,70,3,7,1,11.8172,2.9944
55:71,55,71,4,3,1,23.0207,4.0338
55:72,55,72,4,7,1,11.868,3.0648
55:73,55,73,4,3,1,23.0201,4.0197
55:74,55,74,6,0,1,13.1452,2.2431
55:75,55,75,4,3,1,23.0219,4.0342
55:76,55,76,6,0,1,12.5482,2.6459
55:77,55,77,4,3,1,23.0221,4.0344
55:78,55,78,6,3,1,14.2408,4.0162
56:1,56,1,3,5,0,-2.5728,2.0732
56:2,56,2,3,5,0,-2.6775,1.8225
56:3,56,3,2,7,1,11.291,3.2771
56:4,56,4,4,7,1,11.66,3.5156
56:5,56,5,3,7,1,11.7422,3.4147
56:6,56,6,3,7,1,11.5417,3.2103
56:7,56,7,3,5,0,-2.8713,1.9259
56:8,56,8,5,2,0,-3.3121,1.6924
56:9,56,9,5,2,0,-3.3491,1.751
56:10,56,10,2,7,1,11.8141,3.2214
56:11,56,11,2,7,1,12.3424,2.3534
56:12,56,12,3,7,1,11.0689,2.6866
56:13,56,13,3,7,1,11.6547,2.2391
56:14,56,14,3,7,1,11.6503,2.1931
56:15,56,15,3,7,1,11.8563,3.1741
56:16,56,16,3,7,1,12.2676,2.7616
56:17,56,17,4,7,1,12.2821,2.129
56:18,56,18,5,7,1,12.166,2.4797
56:19,56,19,5,0,1,13.2036,2.1631
56:20,56,20,3,7,1,12.2506,2.3777
56:21,56,21,4,7,1,12.1556,2.4481
56:22,56,22,2,5,0,-2.4994,1.9759
56:23,56,23,3,7,1,11.5133,2.8206
56:24,56,24,4,5,0,-3.4878,1.7078
56:25,56,25,6,2,0,-3.8704,1.4952
56:26,56,26,4,7,1,12.4411,3.5848
56:27,56,27,5,5,0,-3.2818,1.7759
56:28,56,28,3,7,1,11.1811,3.3109
56:29,56,29,2,7,1,11.1832,3.2691
56:30,56,30,2,7,1,11.2121,3.2542
56:31,56,31,2,7,1,11.2536,3.2058
56:32,56,32,2,5,0,-2.4823,2.0574
56:33,56,33,4,7,1,12.6501,3.5588
56:34,56,34,2,7,1,11.2108,3.2847
56:35,56,35,3,7,1,12.6884,3.3854
56:36,56,36,2,7,1,12.131,2.0075
56:37,56,37,2,5,0,-2.4117,2.2697
56:38,56,38,2,7,1,12.1495,3.1445
56:39,56,39,3,7,1,11.6624,2.2479
56:40,56,40,3,7,1,11.6226,2.1945
56:41,56,41,5,7,1,12.2172,2.9633
56:42,56,42,3,5,0,-2.4598,2.0042
56:43,56,43,3,7,1,11.4951,2.9929
56:44,56,44,4,7,1,12.7168,3.5485
56:45,56,45,5,0,1,13.0885,1.8242
56:46,56,46,5,7,1,12.8172,1.4556
56:47,56,47,9,1,1,12.852,0.3524
56:48,56,48,2,7,1,12.1897,1.5836
56:49,56,49,4,3,1,13.0751,2.7397
56:50,56,50,5,3,1,13.1143,2.8692
56:51,56,51,5,3,1,15.0587,-0.9071
56:52,56,52,5,7,1,12.0442,2.7071
56:53,56,53,3,5,0,-2.7493,1.8128
56:54,56,54,4,5,0,-3.0193,2.2115
56:55,56,55,3,5,0,-2.8466,2.2579
56:56,56,56,4,7,1,11.8009,1.6752
56:57,56,57,4,1,1,12.2391,0.9158
56:58,56,58,3,7,1,12.7581,2.4152
56:59,56,59,5,2,0,-3.8558,2.0632
56:60,56,60,7,1,1,12.6323,0.499
56:61,56,61,9,1,1,12.9325,0.8434
56:62,56,62,6,0,1,13.4541,2.9289
56:63,56,63,3,7,1,12.7697,2.3557
56:64,56,64,5,1,1,12.4088,0.9609
56:65,56,65,6,1,1,12.9472,0.4067
56:66,56,66,2,7,1,12.0334,0.9557
56:67,56,67,3,5,0,-3.0999,2.2528
56:68,56,68,4,3,1,12.7201,2.3679
56:69,56,69,7,2,0,-3.7865,2.1292
56:70,56,70,6,2,0,-3.8336,1.7934
56:71,56,71,4,7,1,12.6716,2.3799
56:72,56,72,6,2,0,-3.8739,2.1317
56:73,56,73,5,1,1,12.359,0.3891
56:74,56,74,4,3,1,14.1956,4.0245
56:75,56,75,4,7,1,12.1269,3.5362
56:76,56,76,5,3,1,13.3551,2.7434
56:77,56,77,3,7,1,11.5609,3.0803
56:78,56,78,3,7,1,11.168,3.2225
56:79,56,79,4,7,1,12.5833,3.7637
56:80,56,80,4,3,1,13.8418,3.5487
56:81,56,81,4,7,1,12.2891,1.0202
56:82,56,82,4,3,1,15.0317,-0.8666
56:83,56,83,4,5,0,-3.0079,1.7033
56:84,56,84,3,5,0,-2.5554,1.617
56:85,56,85,7,1,1,12.5747,0.6867
56:86,56,86,5,5,0,-3.1214,1.4751
56:87,56,87,4,5,0,-3.0214,1.9263
56:88,56,88,5,7,1,12.4302,2.1306
56:89,56,89,4,7,1,12.9898,2.4501
56:90,56,90,6,7,1,12.4361,2.246
56:91,56,91,5,3,1,13.4566,3.1351
56:92,56,92,6,0,1,15.0421,-0.9521
56:93,56,93,3,7,1,11.2655,3.1578
56:94,56,94,2,5,0,-2.4699,2.1709
56:95,56,95,5,7,1,12.1709,2.8344
56:96,56,96,4,3,1,14.1702,4.0439
57:1,57,1,9,6,1,15.516,4.0873
57:2,57,2,11,6,1,15.4662,3.9913
57:3,57,3,9,3,1,15.5211,4.1015
57:4,57,4,36,4,1,19.4611,1.3981
57:5,57,5,8,3,1,15.3183,3.9699
57:6,57,6,12,6,1,15.9667,3.6358
57:7,57,7,15,6,1,16.3323,1.8193
57:8,57,8,15,6,1,14.877,2.1559
57:9,57,9,17,6,1,15.9441,3.6029
57:10,57,10,37,4,1,19.6469,0.2603
57:11,57,11,12,6,1,16.4058,1.9246
57:12,57,12,22,4,1,17.634,0.4481
57:13,57,13,27,4,1,19.4619,-0.2854
57:14,57,14,20,4,1,19.0969,0.3532
57:15,57,15,15,6,1,15.6304,0.0365
57:16,57,16,28,4,1,18.4593,0.5676
57:17,57,17,13,6,1,15.7027,3.6644
57:18,57,18,12,6,1,16.4768,1.7315
57:19,57,19,20,4,1,18.5333,0.4927
57:20,57,20,39,4,1,19.7197,0.5766
57:21,57,21,25,4,1,19.4503,1.0951
57:22,57,22,21,6,1,15.8104,3.0549
57:23,57,23,15,6,1,15.5425,2.5133
57:24,57,24,12,6,1,15.531,3.5415
57:25,57,25,28,4,1,18.5918,-0.4205
57:26,57,26,14,1,1,13.3868,-0.1205
57:27,57,27,39,4,1,19.7265,-0.6723
57:28,57,28,21,4,1,19.1179,0.9658
57:29,57,29,22,4,1,19.2854,0.5905
58:1,58,1,18,6,1,15.7192,2.5666
58:2,58,2,23,4,1,20.0566,0.5107
58:3,58,3,21,4,1,19.9979,0.4266
58:4,58,4,26,4,1,19.3064,0.3939
58:5,58,5,18,4,1,16.1386,0.6255
58:6,58,6,15,6,1,15.4726,2.8111
58:7,58,7,47,4,1,19.2523,1.2981
58:8,58,8,38,4,1,19.0169,0.3572
58:9,58,9,19,4,1,19.0005,0.7601
58:10,58,10,17,6,1,18.0722,0.827
58:11,58,11,30,4,1,19.1628,0.7209
58:12,58,12,22,4,1,18.9663,0.6758
58:13,58,13,24,4,1,19.0579,0.6609
58:14,58,14,19,6,1,15.7641,0.002
58:15,58,15,10,0,1,15.3714,0.5832
58:16,58,16,10,0,1,15.1507,0.9156
58:17,58,17,15,6,1,16.125,0.3296
58:18,58,18,17,6,1,15.5658,-0.2263
58:19,58,19,15,6,1,15.9204,1.5313
58:20,58,20,8,6,1,16.3189,1.1148
58:21,58,21,9,3,1,14.7518,3.3317
58:22,58,22,51,4,1,19.7219,-0.0649
59:1,59,1,11,6,1,15.5232,4.1148
59:2,59,2,40,4,1,19.0777,-0.2023
59:3,59,3,14,6,1,15.8176,0.8448
59:4,59,4,12,6,1,15.9031,2.0006
59:5,59,5,13,6,1,15.1403,2.2918
59:6,59,6,25,4,1,19.5509,0.9804
59:7,59,7,37,4,1,19.5621,-0.182
59:8,59,8,18,4,1,18.1735,0.4531
59:9,59,9,31,4,1,18.4576,0.5052
59:10,59,10,23,4,1,18.9094,0.3378
59:11,59,11,28,4,1,18.9063,-0.0393
59:12,59,12,16,0,1,14.9378,1.0218
59:13,59,13,12,6,1,14.7088,1.9086
59:14,59,14,23,4,1,19.4946,-0.2902
59:15,59,15,11,0,1,15.2767,0.2996
59:16,59,16,17,6,1,16.0017,1.4646
59:17,59,17,10,0,1,15.7063,0.1554
59:18,59,18,17,6,1,15.6223,2.1506
59:19,59,19,10,6,1,16.2503,1.0285
59:20,59,20,10,6,1,16.7252,0.6309
59:21,59,21,18,4,1,18.6416,-0.5182
59:22,59,22,13,6,1,15.2576,3.9181
59:23,59,23,19,6,1,18.8321,1.6593
59:24,59,24,17,6,1,15.6033,4.1206
60:1,60,1,48,4,1,19.5982,0.1311
60:2,60,2,13,0,1,14.0729,1.7851
60:3,60,3,13,6,1,15.1458,2.3196
60:4,60,4,52,4,1,19.9403,-0.2968
60:5,60,5,13,6,1,16.7379,2.6083
60:6,60,6,19,6,1,15.8534,2.5936
60:7,60,7,15,6,1,16.699,2.5416
60:8,60,8,21,4,1,19.3028,0.2011
60:9,60,9,21,4,1,18.8116,0.2616
60:10,60,10,55,4,1,20.068,-0.179
60:11,60,11,21,4,1,18.765,0.3689
60:12,60,12,38,4,1,19.2256,0.6666
60:13,60,13,19,6,1,17.7626,0.6698
61:1,61,1,11,6,1,15.5379,4.128
61:2,61,2,8,0,1,13.9503,2.0317
61:3,61,3,9,3,1,14.172,2.3811
61:4,61,4,11,6,1,15.8203,1.3367
61:5,61,5,23,4,1,19.392,-0.8791
61:6,61,6,31,4,1,19.8131,-0.6992
61:7,61,7,16,6,1,15.6031,-0.2324
61:8,61,8,11,6,1,15.068,1.102
61:9,61,9,14,6,1,15.8856,3.7712
61:10,61,10,11,6,1,15.3861,0.6554
61:11,61,11,15,6,1,15.2035,2.2908
61:12,61,12,17,4,1,17.3626,0.5059
61:13,61,13,9,6,1,15.0795,2.2085
61:14,61,14,35,4,1,19.5576,-0.5758
62:1,62,1,12,6,1,15.546,4.1346
62:2,62,2,21,4,1,18.6877,0.2954
62:3,62,3,8,0,1,13.569,1.6545
62:4,62,4,10,6,1,16.0199,2.6875
62:5,62,5,23,4,1,19.3812,0.1144
62:6,62,6,17,6,1,15.1904,1.4689
62:7,62,7,9,6,1,15.3395,2.7798
62:8,62,8,18,6,1,15.8649,3.0211
62:9,62,9,21,4,1,18.7453,0.7439
62:10,62,10,15,6,1,15.4708,2.0784
62:11,62,11,21,4,1,19.0433,0.5889
63:1,63,1,17,6,1,17.5039,0.9221
63:2,63,2,12,0,1,14.814,1.3556
63:3,63,3,11,0,1,14.6667,1.0519
63:4,63,4,22,4,1,19.247,-0.0758
63:5,63,5,14,0,1,16.6606,2.2657
63:6,63,6,18,6,1,16.8862,2.4659
63:7,63,7,20,4,1,18.3903,0.8343
63:8,63,8,17,4,1,19.0619,-0.1886
63:9,63,9,17,6,1,16.4244,1.2914
63:10,63,10,21,4,1,19.5094,0.2551
63:11,63,11,11,6,1,15.7284,2.734
64:1,64,1,17,6,1,15.5311,4.0867
64:2,64,2,11,6,1,15.9309,3.7549
64:3,64,3,9,6,1,15.5103,3.8676
64:4,64,4,14,6,1,15.421,3.6847
64:5,64,5,13,0,1,15.5855,0.5316
64:6,64,6,16,4,1,19.0369,0.2394
64:7,64,7,18,6,1,15.194,1.1605
64:8,64,8,10,1,1,15.4431,1.7529
64:9,64,9,27,4,1,17.6999,0.4583
64:10,64,10,11,0,1,15.6568,-0.2144
64:11,64,11,16,6,1,15.9717,1.6126
64:12,64,12,11,6,1,15.0474,2.0074
64:13,64,13,9,3,1,15.2101,3.4903
64:14,64,14,18,4,1,18.9723,1.0185
64:15,64,15,8,6,1,16.1523,2.4279
64:16,64,16,16,6,1,16.4723,1.1404
64:17,64,17,12,6,1,16.6427,2.4617
64:18,64,18,5,3,1,14.7109,3.7225
65:1,65,1,41,4,1,20.339,0.3771
65:2,65,2,30,4,1,20.0314,0.3974
65:3,65,3,21,4,1,18.7545,1.6574
65:4,65,4,28,4,1,20.3674,0.3405
65:5,65,5,14,6,1,16.2999,2.2463
65:6,65,6,32,4,1,19.7827,-0.3802
65:7,65,7,25,4,1,19.591,0.5797
65:8,65,8,14,6,1,15.4111,0.4206
65:9,65,9,7,2,0,-4.1528,1.706
65:10,65,10,16,6,1,15.8505,0.9206
65:11,65,11,34,4,1,17.6602,0.4843
65:12,65,12,25,4,1,19.4091,1.2882
66:1,66,1,14,6,1,16.6397,2.61
66:2,66,2,11,6,1,15.3255,3.3
66:3,66,3,29,4,1,19.9379,0.1528
66:4,66,4,21,4,1,19.1515,0.9186
66:5,66,5,17,4,1,19.8554,0.6256
66:6,66,6,22,4,1,18.4038,0.6734
66:7,66,7,11,0,1,15.0949,0.8802
66:8,66,8,45,4,1,19.2415,0.6426
66:9,66,9,11,6,1,15.3551,1.7071
66:10,66,10,27,4,1,19.6697,-0.184
66:11,66,11,24,4,1,19.5104,0.0469
66:12,66,12,17,4,1,19.4835,-0.7373
67:1,67,1,9,3,1,15.1026,3.7761
67:2,67,2,11,6,1,16.565,2.9968
67:3,67,3,18,6,1,15.8317,3.8358
67:4,67,4,10,0,1,14.5308,1.1067
67:5,67,5,12,1,1,12.734,-0.1268
67:6,67,6,7,0,1,15.5666,0.518
67:7,67,7,8,2,0,-3.9455,1.7497
67:8,67,8,13,0,1,14.7289,1.6996
67:9,67,9,18,1,1,14.3454,0.0087
67:10,67,10,11,1,1,13.5346,0.3375
67:11,67,11,5,0,1,14.0642,1.7987
67:12,67,12,9,6,1,16.3085,1.8181
67:13,67,13,9,0,1,14.0799,1.446
67:14,67,14,7,0,1,14.3653,3.1559
67:15,67,15,14,6,1,15.8086,3.6193
67:16,67,16,11,6,1,15.6714,3.8206
67:17,67,17,12,6,1,14.7648,0.8145
67:18,67,18,8,0,1,15.0046,-0.7425
67:19,67,19,15,6,1,15.8942,3.2275
67:20,67,20,15,6,1,15.3038,1.099
67:21,67,21,12,6,1,15.6559,1.7315
67:22,67,22,12,6,1,15.0933,2.619
67:23,67,23,12,6,1,15.9472,3.5187
67:24,67,24,8,6,1,15.8131,3.4673
67:25,67,25,7,2,0,-3.8424,2.4208
67:26,67,26,9,3,1,12.4244,1.5218
67:27,67,27,13,0,1,14.7472,0.7544
67:28,67,28,15,6,1,15.3077,0.8821
67:29,67,29,13,1,1,14.7544,3.1976
67:30,67,30,10,0,1,14.1075,2.2985
68:1,68,1,4,5,0,-3.3627,1.5716
68:2,68,2,5,3,1,13.8928,3.9788
68:3,68,3,5,7,1,12.8364,3.7131
68:4,68,4,4,3,1,13.0673,3.0115
68:5,68,5,2,5,0,-3.0207,2.2616
68:6,68,6,2,7,1,11.6023,2.9221
68:7,68,7,11,6,1,14.9869,3.5651
68:8,68,8,3,7,1,15.1104,-1.4782
68:9,68,9,4,7,1,12.1105,2.0844
68:10,68,10,5,7,1,12.7823,3.3122
68:11,68,11,3,7,1,11.4986,3.1561
68:12,68,12,4,7,1,12.3184,3.0878
68:13,68,13,4,5,0,-2.8722,1.6564
68:14,68,14,5,5,0,-2.9367,2.0626
68:15,68,15,7,1,1,13.2018,0.6272
68:16,68,16,3,5,0,-3.2061,2.2046
68:17,68,17,10,1,1,13.6246,0.1575
68:18,68,18,2,5,0,-2.8483,1.3439
68:19,68,19,7,3,1,14.5399,3.3407
68:20,68,20,2,7,1,11.6082,3.2896
68:21,68,21,2,5,0,-2.5703,2.2748
68:22,68,22,7,2,0,-3.5866,2.0338
68:23,68,23,3,5,0,-3.3484,2.2186
68:24,68,24,6,3,1,13.0203,3.3828
68:25,68,25,4,5,0,-3.2484,2.0558
68:26,68,26,5,1,1,12.7462,1.0328
68:27,68,27,3,5,0,-3.1141,2.2864
68:28,68,28,7,0,1,14.2026,2.1091
68:29,68,29,6,1,1,13.3756,0.4193
68:30,68,30,5,2,0,-3.5256,1.8625
68:31,68,31,5,1,1,12.8269,0.7402
68:32,68,32,10,1,1,13.0852,0.2523
68:33,68,33,8,2,0,-4.212,1.8094
68:34,68,34,6,3,1,14.2269,3.2844
68:35,68,35,3,5,0,-3.1788,2.0465
68:36,68,36,4,5,0,-2.8959,1.433
68:37,68,37,5,5,0,-3.2064,1.8041
68:38,68,38,5,7,1,13.03,2.8972
68:39,68,39,12,1,1,14.0145,0.7222
68:40,68,40,4,7,1,12.5256,2.5825
68:41,68,41,8,2,0,-4.1694,1.7887
68:42,68,42,9,0,1,14.7042,1.3194
68:43,68,43,11,0,1,14.2189,1.4034
68:44,68,44,10,0,1,15.1619,-0.8599
68:45,68,45,5,7,1,11.7769,2.5398
68:46,68,46,7,0,1,16.2039,1.5903
68:47,68,47,5,2,0,-3.5393,1.4609
68:48,68,48,11,6,1,14.6234,3.2576
68:49,68,49,10,1,1,14.6336,2.6929
68:50,68,50,5,3,1,14.0283,3.7901
68:51,68,51,12,0,1,14.6467,1.1189
68:52,68,52,5,3,1,13.2457,2.971
69:1,69,1,1,7,1,11.4548,3.3343
69:2,69,2,2,7,1,11.8256,3.3244
69:3,69,3,4,7,1,12.5178,3.174
69:4,69,4,4,7,1,14.9863,-1.2451
69:5,69,5,4,7,1,12.9508,2.4346
69:6,69,6,6,0,1,13.2638,2.3163
69:7,69,7,15,6,1,16.0025,3.0714
69:8,69,8,5,7,1,11.8105,2.2954
69:9,69,9,6,2,0,-4.1076,1.7236
69:10,69,10,6,0,1,14.4623,1.6577
69:11,69,11,7,1,1,12.5822,0.6983
69:12,69,12,6,2,0,-3.6738,1.7716
69:13,69,13,6,7,1,11.9792,0.9912
69:14,69,14,6,3,1,13.6155,3.3936
69:15,69,15,3,5,0,-2.6595,2.0663
69:16,69,16,5,3,1,11.9042,3.7303
69:17,69,17,9,3,1,14.279,3.8325
69:18,69,18,6,2,0,-3.7779,1.6357
69:19,69,19,9,0,1,13.94,2.7341
69:20,69,20,5,7,1,11.8204,2.8571
69:21,69,21,4,7,1,11.2561,3.1464
69:22,69,22,3,7,1,10.9778,2.6477
69:23,69,23,2,5,0,-2.497,1.9835
69:24,69,24,8,0,1,14.2524,1.5734
69:25,69,25,10,0,1,13.9558,2.7577
69:26,69,26,4,5,0,-2.9895,1.4296
69:27,69,27,3,5,0,-2.8603,1.8423
69:28,69,28,4,7,1,12.1552,3.1583
69:29,69,29,3,7,1,12.3834,3.1272
69:30,69,30,2,7,1,11.4212,2.8326
69:31,69,31,3,7,1,11.829,2.7354
69:32,69,32,7,0,1,12.5638,2.0246
69:33,69,33,6,3,1,14.0808,2.0135
69:34,69,34,5,7,1,12.7212,3.5085
69:35,69,35,5,2,0,-3.5149,2.2155
69:36,69,36,5,7,1,12.7068,3.7579
69:37,69,37,4,7,1,12.6242,3.7304
69:38,69,38,4,5,0,-2.9762,1.4044
69:39,69,39,3,5,0,-2.8428,1.4219
69:40,69,40,4,7,1,11.688,3.0167
69:41,69,41,7,7,1,13.1749,2.6502
69:42,69,42,6,7,1,13.2012,3.0395
69:43,69,43,4,3,1,13.8654,3.5858
69:44,69,44,5,1,1,12.2063,0.812
69:45,69,45,3,5,0,-3.3091,2.3225
69:46,69,46,4,7,1,11.6456,1.0819
69:47,69,47,6,7,1,12.4828,3.101
69:48,69,48,3,3,1,13.1811,2.9377
69:49,69,49,5,1,1,14.9997,-0.8492
69:50,69,50,4,7,1,12.7616,2.1971
69:51,69,51,3,7,1,11.8822,2.9053
69:52,69,52,4,3,1,14.1709,4.0521
70:1,70,1,4,5,0,-2.8838,2.335
70:2,70,2,4,7,1,12.8309,2.8095
70:3,70,3,4,3,1,14.2415,4.0316
70:4,70,4,11,0,1,15.4418,3.684
70:5,70,5,3,5,0,-2.4991,2.2429
70:6,70,6,3,7,1,11.9035,2.3426
70:7,70,7,2,5,0,-2.7711,2.1187
70:8,70,8,4,3,1,12.0985,3.3902
70:9,70,9,3,5,0,-2.862,1.8061
70:10,70,10,4,5,0,-2.8476,1.3701
70:11,70,11,9,0,1,15.0018,0.3222
70:12,70,12,2,5,0,-2.4372,2.1111
70:13,70,13,3,7,1,11.5208,2.9947
70:14,70,14,6,7,1,12.2129,2.9846
70:15,70,15,3,7,1,12.3374,3.4161
70:16,70,16,2,7,1,11.7457,2.2368
70:17,70,17,4,7,1,12.5462,3.0568
70:18,70,18,2,5,0,-2.5608,2.0111
70:19,70,19,4,7,1,13.2793,3.5264
70:20,70,20,4,7,1,11.6096,3.3134
70:21,70,21,4,7,1,11.4302,3.0221
70:22,70,22,2,7,1,12.5286,3.8121
70:23,70,23,5,3,1,12.161,2.2421
70:24,70,24,5,0,1,13.0324,2.5372
70:25,70,25,2,7,1,12.536,3.4944
70:26,70,26,4,7,1,12.1381,2.2633
70:27,70,27,6,0,1,15.5211,0.525
70:28,70,28,5,3,1,13.8439,3.9201
70:29,70,29,4,7,1,12.067,2.2501
70:30,70,30,10,0,1,13.58,1.1324
70:31,70,31,7,2,0,-4.0821,1.7197
70:32,70,32,5,0,1,12.7918,2.155
70:33,70,33,4,7,1,12.1596,2.2302
70:34,70,34,5,7,1,12.1491,2.1601
70:35,70,35,4,3,1,12.3114,2.4543
70:36,70,36,5,0,1,14.6482,1.0523
70:37,70,37,5,7,1,11.6047,2.7204
70:38,70,38,8,0,1,16.8626,0.8376
70:39,70,39,5,1,1,12.8927,1.2088
70:40,70,40,7,1,1,13.0678,0.486
70:41,70,41,8,1,1,12.6216,0.4994
70:42,70,42,8,0,1,14.6349,1.3723
70:43,70,43,9,0,1,13.6991,1.6148
70:44,70,44,9,0,1,14.4224,1.5701
71:1,71,1,14,1,1,14.0601,0.0401
71:2,71,2,6,7,1,12.3314,1.5687
71:3,71,3,5,3,1,13.0461,4.9021
71:4,71,4,18,6,1,16.7962,2.4957
71:5,71,5,7,3,1,13.108,2.341
71:6,71,6,5,7,1,12.6971,3.6043
71:7,71,7,14,6,1,16.8777,2.3325
71:8,71,8,4,7,1,11.9706,2.1763
71:9,71,9,7,0,1,13.3543,1.5862
71:10,71,10,6,3,1,16.8578,2.6138
71:11,71,11,4,3,1,12.0485,3.6209
71:12,71,12,9,3,1,16.7599,0.6469
71:13,71,13,6,3,1,13.0966,3.548
71:14,71,14,3,5,0,-2.7926,1.8722
71:15,71,15,8,3,1,15.9343,3.6029
71:16,71,16,7,0,1,11.7782,3.4375
71:17,71,17,5,3,1,12.3122,3.4171
71:18,71,18,5,7,1,12.7529,2.9737
71:19,71,19,5,3,1,12.2717,3.5272
71:20,71,20,4,7,1,12.2595,2.2114
71:21,71,21,13,6,1,14.4788,-0.2253
71:22,71,22,3,7,1,12.2172,2.0544
71:23,71,23,13,0,1,14.7526,1.5129
71:24,71,24,8,0,1,13.8582,1.6161
71:25,71,25,12,0,1,15.7458,0.0595
71:26,71,26,10,6,1,14.7833,0.6628
71:27,71,27,10,0,1,14.9214,1.0618
71:28,71,28,15,6,1,16.8405,2.4594
72:1,72,1,13,1,1,13.9797,0.6028
72:2,72,2,9,1,1,13.0699,0.136
72:3,72,3,9,1,1,12.7806,0.5085
72:4,72,4,7,1,1,12.8022,0.5262
72:5,72,5,10,1,1,15.0596,-0.6226
72:6,72,6,11,0,1,11.4964,2.1711
72:7,72,7,9,0,1,14.1155,1.8212
72:8,72,8,8,1,1,12.641,-0.0282
72:9,72,9,13,1,1,13.1686,0.6419
72:10,72,10,13,1,1,12.9344,0.1028
72:11,72,11,9,1,1,12.5669,0.5493
72:12,72,12,11,1,1,13.6792,0.1895
72:13,72,13,14,6,1,15.5856,1.8986
72:14,72,14,10,1,1,13.9948,0.245
72:15,72,15,5,0,1,13.8741,1.4559
72:16,72,16,7,0,1,14.2051,1.3792
72:17,72,17,10,6,1,15.4467,0.4049
72:18,72,18,8,3,1,14.8771,2.4696
72:19,72,19,10,0,1,15.3115,2.7695
72:20,72,20,8,3,1,14.4538,2.6144
72:21,72,21,8,0,1,13.8098,2.2363
72:22,72,22,12,6,1,14.54,2.5297
72:23,72,23,16,6,1,16.0867,1.1019
72:24,72,24,11,0,1,14.4674,1.4588
72:25,72,25,11,6,1,14.4808,2.0334
72:26,72,26,7,2,0,-3.634,1.4737
72:27,72,27,13,6,1,15.4181,2.8396
72:28,72,28,13,0,1,14.7831,1.993
73:1,73,1,2,3,1,12.5254,3.4571
73:2,73,2,4,7,1,12.3672,3.5345
73:3,73,3,5,7,1,11.4307,2.9084
73:4,73,4,6,7,1,12.9269,3.04
73:5,73,5,5,1,1,12.3386,0.9733
73:6,73,6,8,0,1,15.9423,3.7376
73:7,73,7,6,3,1,11.7959,3.522
73:8,73,8,6,3,1,14.175,3.9467
73:9,73,9,9,3,1,14.9351,3.3966
73:10,73,10,7,2,0,-4.0118,1.6656
73:11,73,11,6,0,1,15.2808,-0.8752
73:12,73,12,4,7,1,12.0916,0.9956
73:13,73,13,5,7,1,15.1173,0.2102
73:14,73,14,8,0,1,13.781,2.7842
73:15,73,15,11,1,1,14.6307,2.496
73:16,73,16,6,3,1,14.4288,2.3324
73:17,73,17,8,0,1,13.668,2.2032
73:18,73,18,6,7,1,11.7121,3.7196
73:19,73,19,9,6,1,15.4896,2.8066
73:20,73,20,78,4,1,19.8981,0.0118
74:1,74,1,2,7,1,12.4496,3.351
74:2,74,2,2,5,0,-2.4056,1.9369
74:3,74,3,2,3,1,13.6075,4.0497
74:4,74,4,2,7,1,11.7803,3.1463
74:5,74,5,2,7,1,11.4257,3.4021
74:6,74,6,3,5,0,-2.8888,1.3563
74:7,74,7,2,7,1,13.6714,4.107
74:8,74,8,4,7,1,11.6301,1.1247
74:9,74,9,4,5,0,-2.7635,1.8773
74:10,74,10,4,5,0,-2.9542,1.644
74:11,74,11,4,2,0,-3.243,1.7145
74:12,74,12,4,7,1,11.7837,2.8161
74:13,74,13,2,5,0,-2.4518,1.9083
74:14,74,14,3,7,1,11.7505,2.9481
74:15,74,15,4,7,1,11.6082,2.9838
74:16,74,16,5,1,1,12.2031,0.7988
74:17,74,17,2,5,0,-2.6888,2.2925
74:18,74,18,3,7,1,11.9712,3.3906
74:19,74,19,3,7,1,11.7264,3.1133
74:20,74,20,4,7,1,11.5949,3.3007
74:21,74,21,2,7,1,11.965,2.4221
74:22,74,22,3,7,1,11.5068,3.4021
74:23,74,23,3,7,1,11.952,3.1351
74:24,74,24,6,7,1,12.3859,2.8683
74:25,74,25,5,7,1,12.3468,3.1712
74:26,74,26,2,5,0,-2.5428,2.2233
74:27,74,27,4,5,0,-3.0359,1.5311
74:28,74,28,4,5,0,-2.8842,1.3383
74:29,74,29,2,7,1,11.8252,3.0306
74:30,74,30,3,5,0,-2.8066,2.1701
74:31,74,31,57,4,1,19.8724,-0.1018
74:32,74,32,2,7,1,12.2908,3.5681
74:33,74,33,3,7,1,11.5139,3.5526
74:34,74,34,3,7,1,11.4178,3.4307
74:35,74,35,3,7,1,12.1387,3.2076
74:36,74,36,2,7,1,12.1781,1.7212
74:37,74,37,7,3,1,13.0327,3.0566
74:38,74,38,5,7,1,12.1974,3.4232
74:39,74,39,3,7,1,12.3587,3.3537
74:40,74,40,3,7,1,11.0314,2.6153
74:41,74,41,2,5,0,-2.4674,2.0693
74:42,74,42,4,5,0,-2.8975,1.5844
74:43,74,43,5,7,1,12.9119,1.3715
74:44,74,44,4,5,0,-2.9945,1.3844
74:45,74,45,4,7,1,11.7312,1.0085
74:46,74,46,4,1,1,15.0018,-1.0077
74:47,74,47,3,7,1,11.819,1.3672
74:48,74,48,4,7,1,12.3148,2.7591
74:49,74,49,5,7,1,13.1907,3.087
74:50,74,50,3,7,1,11.3488,2.7916
74:51,74,51,3,7,1,11.2097,3.273
74:52,74,52,9,6,1,13.1147,2.6494
74:53,74,53,5,7,1,13.3093,3.0461
74:54,74,54,3,7,1,13.0618,3.1663
74:55,74,55,3,5,0,-2.4791,1.7534
74:56,74,56,11,6,1,16.3315,2.2163
75:1,75,1,4,5,0,-2.9853,1.5716
75:2,75,2,4,7,1,12.3415,3.5222
75:3,75,3,5,1,1,13.406,3.3595
75:4,75,4,6,7,1,11.9998,1.4276
75:5,75,5,5,2,0,-3.2189,1.832
75:6,75,6,4,7,1,12.7322,3.0357
75:7,75,7,3,5,0,-2.5655,2.0553
75:8,75,8,2,5,0,-2.5897,1.9762
75:9,75,9,3,7,1,11.7345,3.5115
75:10,75,10,5,7,1,13.3797,3.3954
75:11,75,11,3,7,1,12.2353,3.5523
75:12,75,12,4,3,1,13.988,3.9559
75:13,75,13,6,0,1,13.4077,3.3629
75:14,75,14,5,2,0,-2.934,1.939
75:15,75,15,3,5,0,-2.5677,1.9549
75:16,75,16,6,0,1,13.8705,2.2354
75:17,75,17,4,1,1,11.8254,0.9273
75:18,75,18,4,7,1,11.5243,2.9316
75:19,75,19,4,7,1,11.6664,1.1014
75:20,75,20,4,7,1,12.3555,3.3236
75:21,75,21,2,5,0,-2.4978,1.7284
75:22,75,22,3,7,1,11.3177,3.0706
75:23,75,23,3,7,1,12.4676,2.629
75:24,75,24,3,5,0,-2.6257,2.1005
75:25,75,25,5,7,1,11.6753,2.923
75:26,75,26,4,7,1,12.0034,3.4998
75:27,75,27,3,5,0,-2.5228,1.8501
75:28,75,28,3,7,1,11.8404,2.9671
75:29,75,29,3,7,1,11.7102,3.4176
75:30,75,30,4,3,1,14.0066,4.0755
75:31,75,31,4,3,1,12.6184,3.5455
75:32,75,32,3,3,1,15.0465,-1.0823
75:33,75,33,5,3,1,13.6487,3.8656
75:34,75,34,3,5,0,-2.7367,1.5892
75:35,75,35,4,7,1,12.8048,3.3282
75:36,75,36,5,5,0,-3.1209,1.4844
75:37,75,37,6,7,1,13.0535,2.695
75:38,75,38,5,7,1,12.2434,2.4986
75:39,75,39,5,3,1,12.9489,3.2941
75:40,75,40,7,2,0,-3.1912,1.3776
76:1,76,1,11,6,1,13.5559,3.3644
76:2,76,2,10,1,1,12.3818,0.2691
76:3,76,3,7,1,1,13.0274,0.6958
76:4,76,4,6,1,1,12.8685,0.9898
76:5,76,5,8,0,1,14.0931,1.3321
76:6,76,6,7,3,1,14.1324,2.8575
76:7,76,7,7,0,1,14.8919,1.3219
76:8,76,8,7,0,1,14.8597,1.5876
76:9,76,9,10,1,1,13.0936,0.7633
76:10,76,10,7,1,1,12.7434,0.7792
76:11,76,11,8,3,1,14.8365,3.1827
76:12,76,12,5,0,1,11.3712,2.3017
76:13,76,13,10,0,1,13.5008,2.3199
76:14,76,14,6,0,1,13.1654,1.5341
76:15,76,15,8,0,1,12.2619,2.1386
76:16,76,16,5,7,1,11.8975,2.791
76:17,76,17,6,2,0,-3.8509,1.9601
76:18,76,18,4,7,1,11.9022,2.5586
76:19,76,19,9,0,1,13.5015,1.689
76:20,76,20,7,3,1,12.9443,2.5688
76:21,76,21,13,6,1,15.023,2.3379
76:22,76,22,8,0,1,13.6573,1.9331
76:23,76,23,6,1,1,12.3958,0.9056
76:24,76,24,9,3,1,14.644,3.2254
76:25,76,25,5,3,1,14.1547,3.935
76:26,76,26,7,0,1,12.9103,3.5049
76:27,76,27,8,0,1,14.5818,1.7478
76:28,76,28,9,1,1,12.7893,0.1842
76:29,76,29,9,6,1,15.461,2.8954
76:30,76,30,11,3,1,15.1782,3.2274
76:31,76,31,10,6,1,16.067,0.7951
77:1,77,1,2,5,0,-2.6342,2.2575
77:2,77,2,2,5,0,-2.415,2.2122
77:3,77,3,2,7,1,11.5933,3.3967
77:4,77,4,2,5,0,-2.4578,2.2208
77:5,77,5,2,5,0,-2.5104,2.0221
77:6,77,6,3,5,0,-2.4672,2.2433
77:7,77,7,3,7,1,12.631,2.8435
77:8,77,8,3,7,1,11.391,3.6002
77:9,77,9,3,7,1,11.608,3.7312
77:10,77,10,3,5,0,-2.7035,2.1021
77:11,77,11,3,7,1,11.3495,3.6625
77:12,77,12,3,7,1,11.8542,3.2086
77:13,77,13,2,5,0,-2.4158,2.1789
77:14,77,14,5,5,0,-3.0553,1.4815
77:15,77,15,3,7,1,15.0758,-1.7076
77:16,77,16,3,7,1,12.6889,1.8828
77:17,77,17,3,7,1,11.6343,1.1048
77:18,77,18,3,5,0,-3.2065,1.9391
77:19,77,19,3,7,1,15.0786,-1.6936
77:20,77,20,5,1,1,12.8609,1.9491
77:21,77,21,4,7,1,11.8879,1.4448
77:22,77,22,3,7,1,12.6465,3.1785
77:23,77,23,3,5,0,-3.3226,2.3173
77:24,77,24,3,7,1,15.0879,-1.7147
77:25,77,25,4,5,0,-2.9453,1.291
77:26,77,26,2,5,0,-2.4923,2.1248
77:27,77,27,7,1,1,12.6348,0.1988
77:28,77,28,3,7,1,15.0764,-1.7073
77:29,77,29,6,0,1,15.0931,-0.8027
77:30,77,30,6,5,0,-2.9255,1.9197
77:31,77,31,6,3,1,12.8939,3.5116
77:32,77,32,4,7,1,11.9456,3.0691
77:33,77,33,3,7,1,11.3649,2.866
77:34,77,34,3,7,1,15.07,-1.6955
77:35,77,35,4,5,0,-3.1022,1.5855
77:36,77,36,4,5,0,-3.0094,1.3138
77:37,77,37,3,7,1,15.0638,-1.6879
77:38,77,38,5,3,1,12.7869,2.6091
77:39,77,39,5,5,0,-3.1754,1.7423
77:40,77,40,3,7,1,15.0743,-1.7096
77:41,77,41,5,7,1,11.485,2.3164
77:42,77,42,3,7,1,11.9531,2.3566
77:43,77,43,6,2,0,-3.752,1.8401
77:44,77,44,4,1,1,12.2918,0.8862
77:45,77,45,3,7,1,15.0758,-1.7104
77:46,77,46,5,3,1,13.0373,1.6444
77:47,77,47,3,7,1,15.0573,-1.6818
77:48,77,48,6,2,0,-3.529,1.7606
77:49,77,49,3,7,1,15.0749,-1.7061
77:50,77,50,4,7,1,11.9151,2.3295
78:1,78,1,2,7,1,12.2786,3.0814
78:2,78,2,3,7,1,12.4821,3.4912
78:3,78,3,4,7,1,12.0354,2.6337
78:4,78,4,2,7,1,12.6568,3.1182
78:5,78,5,3,7,1,12.6685,3.0575
78:6,78,6,4,5,0,-2.9339,1.2626
78:7,78,7,2,5,0,-2.5567,2.1312
78:8,78,8,2,5,0,-2.9642,2.023
78:9,78,9,3,5,0,-3.3907,2.3127
78:10,78,10,3,7,1,11.883,1.0042
78:11,78,11,3,7,1,11.7921,0.9509
78:12,78,12,4,2,0,-3.4099,2.2622
78:13,78,13,3,1,1,11.8089,0.9308
78:14,78,14,5,1,1,12.1814,0.5834
78:15,78,15,4,7,1,11.9353,1.5611
78:16,78,16,2,7,1,11.5793,3.3423
78:17,78,17,5,7,1,12.2132,2.5565
78:18,78,18,6,7,1,11.9496,1.6698
78:19,78,19,4,3,1,11.9661,3.6104
78:20,78,20,4,7,1,11.5517,3.3892
78:21,78,21,4,7,1,12.1313,2.6792
78:22,78,22,2,7,1,12.0968,3.1099
78:23,78,23,3,7,1,11.9141,2.9868
78:24,78,24,6,0,1,13.048,3.1695
78:25,78,25,3,7,1,12.3854,3.6478
78:26,78,26,2,5,0,-2.3993,2.2709
78:27,78,27,5,7,1,12.7286,1.8798
78:28,78,28,3,1,1,14.9936,-0.9272
78:29,78,29,4,7,1,13.1895,3.272
78:30,78,30,5,0,1,15.0116,0.1973
78:31,78,31,3,7,1,12.6618,2.9339
78:32,78,32,2,5,0,-2.6828,2.08
78:33,78,33,2,5,0,-2.5625,2.1945
78:34,78,34,2,5,0,-2.425,2.1755
78:35,78,35,6,0,1,14.1432,1.0301
78:36,78,36,5,3,1,13.8905,4.0817
78:37,78,37,10,6,1,15.3394,3.7261
78:38,78,38,14,6,1,14.8992,1.8818
78:39,78,39,9,6,1,15.3118,2.9856
78:40,78,40,15,6,1,14.9316,0.4293
79:1,79,1,2,7,1,11.7374,3.3513
79:2,79,2,2,7,1,11.6933,3.3406
79:3,79,3,2,7,1,11.6654,3.45
79:4,79,4,2,7,1,11.6998,3.3412
79:5,79,5,2,7,1,11.7151,3.0093
79:6,79,6,3,7,1,11.4333,3.369
79:7,79,7,2,7,1,11.3498,3.3088
79:8,79,8,3,5,0,-2.8094,2.2675
79:9,79,9,2,5,0,-2.6054,2.1429
79:10,79,10,5,1,1,13.0292,0.5788
79:11,79,11,4,1,1,12.3851,0.6006
79:12,79,12,5,7,1,13.3291,2.0874
79:13,79,13,4,7,1,11.9769,3.1906
79:14,79,14,3,7,1,11.8983,2.2664
79:15,79,15,4,5,0,-2.9359,1.9172
79:16,79,16,6,3,1,13.351,3.5993
79:17,79,17,5,3,1,13.6668,3.8279
79:18,79,18,6,3,1,13.5407,3.0137
79:19,79,19,4,3,1,13.9026,4.0639
79:20,79,20,3,5,0,-2.978,2.0691
79:21,79,21,2,7,1,15.0476,-1.2164
79:22,79,22,3,7,1,11.9922,3.23
79:23,79,23,2,5,0,-2.5023,2.2351
79:24,79,24,4,7,1,12.9707,2.2417
79:25,79,25,5,3,1,13.8106,2.8113
79:26,79,26,6,3,1,13.4186,2.9525
79:27,79,27,6,3,1,13.0025,3.5171
79:28,79,28,3,7,1,11.9473,3.503
79:29,79,29,4,2,0,-3.4467,1.8995
79:30,79,30,4,5,0,-3.0403,1.6973
79:31,79,31,4,5,0,-3.1313,1.8738
79:32,79,32,2,5,0,-2.7833,2.2174
79:33,79,33,3,3,1,12.7627,3.1726
79:34,79,34,4,7,1,12.0735,3.201
79:35,79,35,5,3,1,13.4633,3.4205
79:36,79,36,4,7,1,11.838,2.715
79:37,79,37,3,7,1,11.9604,3.1344
79:38,79,38,3,7,1,11.7518,3.2146
79:39,79,39,4,7,1,11.9667,2.6707
79:40,79,40,9,6,1,15.8392,1.8583
79:41,79,41,4,7,1,11.1468,2.5124
79:42,79,42,5,3,1,12.8832,2.88
79:43,79,43,4,5,0,-2.5939,1.771
79:44,79,44,3,3,1,13.8704,4.0791
79:45,79,45,5,3,1,12.5035,1.7813
79:46,79,46,9,0,1,13.4777,2.1503
80:1,80,1,2,7,1,11.628,3.4162
80:2,80,2,3,5,0,-2.5266,1.9456
80:3,80,3,4,3,1,13.1004,3.4694
80:4,80,4,4,7,1,13.1725,3.154
80:5,80,5,3,7,1,12.1125,3.1543
80:6,80,6,3,7,1,12.4247,3.1987
80:7,80,7,4,3,1,13.1797,3.6449
80:8,80,8,4,7,1,12.424,3.291
80:9,80,9,2,5,0,-2.42,1.862
80:10,80,10,3,7,1,12.5226,3.0683
80:11,80,11,3,7,1,13.1093,3.148
80:12,80,12,3,5,0,-2.4437,1.718
80:13,80,13,3,7,1,11.2492,3.2686
80:14,80,14,2,7,1,11.2321,3.3275
80:15,80,15,2,5,0,-2.4251,2.221
80:16,80,16,2,5,0,-2.432,2.1601
80:17,80,17,4,5,0,-2.8242,1.8504
80:18,80,18,4,7,1,11.6339,3.1225
80:19,80,19,4,7,1,11.5078,2.8919
80:20,80,20,3,7,1,11.4009,3.4264
80:21,80,21,3,7,1,11.416,2.8911
80:22,80,22,4,7,1,11.4346,2.9412
80:23,80,23,5,7,1,12.3815,3.4888
80:24,80,24,4,5,0,-2.9825,1.8495
80:25,80,25,4,7,1,12.0349,1.0078
80:26,80,26,4,1,1,11.6452,1.0582
80:27,80,27,3,5,0,-2.8967,2.1778
80:28,80,28,2,5,0,-2.6179,2.3558
80:29,80,29,2,5,0,-2.8733,2.3197
80:30,80,30,2,5,0,-2.4548,2.1126
80:31,80,31,2,5,0,-2.4762,2.107
80:32,80,32,3,3,1,12.8604,3.2801
80:33,80,33,3,7,1,11.6562,3.4796
80:34,80,34,5,7,1,11.6597,2.9953
80:35,80,35,2,7,1,11.2561,2.8976
80:36,80,36,2,5,0,-2.4784,2.1222
80:37,80,37,6,7,1,12.4506,3.1852
80:38,80,38,3,7,1,11.2131,3.2178
80:39,80,39,2,7,1,11.1634,3.2865
80:40,80,40,4,5,0,-2.7703,1.9428
80:41,80,41,2,5,0,-2.5496,1.9959
80:42,80,42,4,5,0,-3.0999,1.6302
81:1,81,1,3,7,1,11.4724,3.6354
81:2,81,2,3,7,1,11.387,3.624
81:3,81,3,3,7,1,11.3233,3.6023
81:4,81,4,3,7,1,11.2993,3.6668
81:5,81,5,3,5,0,-2.6477,2.0523
81:6,81,6,3,7,1,11.3586,3.668
81:7,81,7,3,7,1,11.3541,3.6301
81:8,81,8,3,5,0,-2.6267,2.0196
81:9,81,9,3,7,1,11.7227,3.0928
81:10,81,10,3,7,1,11.3424,3.6987
81:11,81,11,3,7,1,11.5315,3.7055
81:12,81,12,3,7,1,11.3175,3.5921
81:13,81,13,3,7,1,11.3903,3.5774
81:14,81,14,4,7,1,13.1125,2.3464
81:15,81,15,3,7,1,12.1614,3.5264
81:16,81,16,2,7,1,11.8183,3.2607
81:17,81,17,3,7,1,11.4853,3.5739
81:18,81,18,3,7,1,11.4027,3.434
81:19,81,19,4,7,1,11.635,3.0011
81:20,81,20,6,7,1,11.9843,2.9858
81:21,81,21,3,7,1,11.1879,2.3529
81:22,81,22,3,5,0,-2.8109,1.4971
81:23,81,23,4,5,0,-3.0126,1.987
81:24,81,24,5,5,0,-2.8823,1.417
81:25,81,25,5,7,1,12.3973,2.9652
81:26,81,26,2,5,0,-2.5424,1.5868
81:27,81,27,5,3,1,13.2544,2.9242
81:28,81,28,5,5,0,-2.8061,1.5232
81:29,81,29,8,3,1,14.9845,3.1621
82:1,82,1,3,7,1,11.5088,3.6912
82:2,82,2,3,5,0,-2.6225,2.0149
82:3,82,3,3,7,1,11.3535,3.6597
82:4,82,4,3,5,0,-2.6387,2.0555
82:5,82,5,5,0,1,13.4774,2.0492
82:6,82,6,6,3,1,13.5344,3.5363
82:7,82,7,4,3,1,13.1187,3.5047
82:8,82,8,6,7,1,12.8743,3.3164
82:9,82,9,4,7,1,23.0524,4.0438
82:10,82,10,3,7,1,12.3574,2.7491
82:11,82,11,2,5,0,-2.534,2.1686
82:12,82,12,3,5,0,-2.8256,1.5077
82:13,82,13,4,7,1,12.1773,3.0746
82:14,82,14,4,7,1,11.442,3.3763
82:15,82,15,3,7,1,11.8628,2.2434
82:16,82,16,4,5,0,-2.8289,1.3839
82:17,82,17,5,7,1,12.5596,3.0443
82:18,82,18,6,3,1,12.7424,3.0252
82:19,82,19,9,6,1,14.8688,2.0298
83:1,83,1,2,7,1,11.7573,2.8046
83:2,83,2,6,0,1,12.5434,2.5468
83:3,83,3,5,0,1,12.9102,1.9346
83:4,83,4,5,0,1,13.1947,2.0978
83:5,83,5,2,5,0,-2.4347,2.0937
83:6,83,6,5,3,1,13.2797,2.7213
83:7,83,7,6,3,1,13.29,3.3484
83:8,83,8,4,7,1,12.4711,3.0369
83:9,83,9,2,7,1,11.1412,3.2218
83:10,83,10,3,7,1,15.0762,-1.7199
83:11,83,11,4,3,1,15.0444,-1.0322
83:12,83,12,7,0,1,15.103,-0.9582
83:13,83,13,7,1,1,13.3407,0.602
83:14,83,14,8,0,1,13.8716,1.3408
83:15,83,15,6,3,1,14.4697,2.8169
83:16,83,16,4,7,1,11.8806,2.3957
83:17,83,17,7,0,1,15.0454,-0.8587
83:18,83,18,6,3,1,13.6038,3.1523
83:19,83,19,4,7,1,12.4914,3.0607
83:20,83,20,2,7,1,11.1336,3.2449
83:21,83,21,2,7,1,11.9364,2.4084
83:22,83,22,4,7,1,12.2486,3.0034
83:23,83,23,3,5,0,-2.6057,1.6386
83:24,83,24,5,7,1,11.9769,2.8245
83:25,83,25,4,7,1,12.046,2.6139
83:26,83,26,6,2,0,-3.8273,1.9631
83:27,83,27,3,5,0,-2.8165,1.688
83:28,83,28,4,7,1,12.0583,2.5584
83:29,83,29,8,0,1,14.7747,0.812
83:30,83,30,4,7,1,12.0651,2.1715
83:31,83,31,6,2,0,-3.8886,1.8711
83:32,83,32,6,0,1,13.2705,1.7555
83:33,83,33,4,5,0,-3.2093,2.0927
83:34,83,34,6,0,1,15.0473,0.8435
83:35,83,35,3,5,0,-2.5809,1.6366
83:36,83,36,6,0,1,13.6825,1.4585
84:1,84,1,3,7,1,11.5667,3.7243
84:2,84,2,3,7,1,12.9235,4.8024
84:3,84,3,3,7,1,11.4104,3.6503
84:4,84,4,4,7,1,11.663,3.0707
84:5,84,5,3,7,1,12.9039,4.7914
84:6,84,6,8,3,1,13.8694,3.6377
84:7,84,7,5,7,1,13.5512,2.7338
84:8,84,8,4,5,0,-3.0939,2.2466
84:9,84,9,4,2,0,-3.4065,2.0409
84:10,84,10,6,0,1,13.6103,2.705
84:11,84,11,3,5,0,-3.1181,2.2939
84:12,84,12,2,5,0,-2.3966,2.163
84:13,84,13,5,7,1,12.3244,2.3653
84:14,84,14,5,7,1,11.9714,3.0859
84:15,84,15,6,3,1,14.5669,3.6776
84:16,84,16,3,7,1,12.114,3.504
84:17,84,17,3,7,1,11.4913,3.5148
84:18,84,18,3,7,1,11.4251,3.2375
84:19,84,19,4,7,1,12.0964,2.9025
84:20,84,20,4,5,0,-2.8531,1.4196
84:21,84,21,6,2,0,-3.729,1.6913
84:22,84,22,4,0,1,15.0688,-0.977
84:23,84,23,4,3,1,14.4664,3.1494
84:24,84,24,3,7,1,14.9772,0.2055
84:25,84,25,9,0,1,16.516,1.5716
85:1,85,1,3,7,1,11.856,3.6138
85:2,85,2,2,5,0,-2.4322,2.162
85:3,85,3,2,5,0,-2.4397,1.9788
85:4,85,4,3,5,0,-2.8092,2.0065
85:5,85,5,3,7,1,12.0108,3.4836
85:6,85,6,4,5,0,-2.6594,2.1402
85:7,85,7,6,2,0,-3.7029,1.778
85:8,85,8,9,0,1,14.6267,1.7569
85:9,85,9,10,3,1,15.4231,3.953
85:10,85,10,14,0,1,15.7231,0.5941
85:11,85,11,14,6,1,16.9742,0.8044
85:12,85,12,4,3,1,14.0336,4.2205
85:13,85,13,4,7,1,11.9437,3.2851
85:14,85,14,3,5,0,-2.5234,2.0899
85:15,85,15,3,5,0,-2.3891,2.1289
85:16,85,16,3,7,1,11.7494,2.8732
85:17,85,17,4,5,0,-2.8845,1.8358
85:18,85,18,2,5,0,-2.5566,2.2204
85:19,85,19,5,0,1,15.0276,-0.9741
85:20,85,20,4,7,1,12.1528,2.4641
85:21,85,21,4,7,1,11.9692,3.2102
85:22,85,22,3,7,1,11.174,3.2345
86:1,86,1,2,7,1,11.8326,3.5998
86:2,86,2,4,7,1,12.5552,3.0817
86:3,86,3,2,7,1,11.1481,2.9805
86:4,86,4,6,1,1,12.7153,1.0842
86:5,86,5,4,3,1,13.3748,3.4562
86:6,86,6,4,7,1,11.6402,3.139
86:7,86,7,5,7,1,11.764,2.7941
86:8,86,8,4,7,1,11.9054,3.412
86:9,86,9,3,7,1,11.5307,3.3709
86:10,86,10,6,7,1,12.6176,3.5032
86:11,86,11,3,7,1,11.8335,3.6038
86:12,86,12,3,7,1,11.6128,3.5156
86:13,86,13,3,7,1,11.5544,3.0553
86:14,86,14,3,5,0,-2.773,1.4079
86:15,86,15,3,7,1,11.9948,2.2861
86:16,86,16,2,5,0,-2.6655,1.9278
86:17,86,17,4,7,1,12.7077,2.2282
87:1,87,1,4,3,1,14.1611,4.058
87:2,87,2,3,7,1,12.0094,3.2183
87:3,87,3,3,7,1,11.7998,3.1199
87:4,87,4,3,7,1,11.8641,3.1098
87:5,87,5,3,5,0,-3.139,1.9815
87:6,87,6,3,5,0,-2.7363,1.5527
87:7,87,7,9,3,1,15.2815,3.4635
87:8,87,8,2,7,1,11.7422,2.6458
87:9,87,9,4,3,1,13.2598,3.0353
87:10,87,10,3,7,1,13.26,3.1191
87:11,87,11,2,7,1,11.5463,2.87
87:12,87,12,4,3,1,12.09,3.4455
87:13,87,13,6,3,1,12.9857,3.3653
87:14,87,14,4,7,1,12.1232,3.0512
87:15,87,15,4,3,1,14.1542,3.9609
87:16,87,16,4,7,1,12.1958,3.2166
87:17,87,17,3,5,0,-3.1244,1.8596
87:18,87,18,5,7,1,12.381,2.6449
87:19,87,19,3,5,0,-3.1271,2.2097
88:1,88,1,4,5,0,-2.8653,1.9134
88:2,88,2,3,5,0,-2.6229,2.0709
88:3,88,3,2,7,1,11.2253,3.292
88:4,88,4,3,5,0,-2.58,2.1717
88:5,88,5,4,5,0,-2.6119,1.8133
88:6,88,6,6,0,1,13.2287,3.403
88:7,88,7,6,7,1,12.8939,3.4958
88:8,88,8,3,7,1,11.4512,2.8277
88:9,88,9,2,7,1,11.2524,3.1601
88:10,88,10,3,7,1,10.9755,2.6211
88:11,88,11,4,7,1,12.8762,3.4024
88:12,88,12,3,5,0,-2.5753,1.7609
88:13,88,13,3,7,1,11.215,3.2887
88:14,88,14,2,7,1,11.3216,3.26
88:15,88,15,2,5,0,-2.8964,2.3083
88:16,88,16,2,7,1,11.1642,3.3024
88:17,88,17,6,2,0,-2.9528,1.627
88:18,88,18,4,7,1,11.5934,3.7547
88:19,88,19,4,5,0,-2.8733,1.9475
88:20,88,20,4,5,0,-2.8827,1.9012
88:21,88,21,4,3,1,13.1897,3.0305
88:22,88,22,3,7,1,12.5003,2.3739
88:23,88,23,4,7,1,12.506,3.6371
88:24,88,24,4,3,1,15.3089,0.5732
88:25,88,25,3,7,1,11.8238,1.557
88:26,88,26,4,7,1,11.6827,1.2172
89:1,89,1,1,5,0,-2.2711,2.2914
89:2,89,2,2,5,0,-2.3798,2.231
89:3,89,3,2,7,1,11.6472,3.4891
89:4,89,4,3,7,1,11.4539,3.5803
89:5,89,5,6,7,1,12.7321,3.1941
89:6,89,6,6,3,1,14.0096,3.9395
89:7,89,7,3,5,0,-2.3733,2.1804
89:8,89,8,6,3,1,12.8551,3.3951
89:9,89,9,5,0,1,12.5925,2.2428
89:10,89,10,3,5,0,-2.6316,2.0618
89:11,89,11,4,7,1,12.1028,2.52
89:12,89,12,3,5,0,-3.1301,2.2495
89:13,89,13,5,3,1,15.3164,0.7097
89:14,89,14,3,3,1,14.0739,4.1198
89:15,89,15,11,6,1,13.644,3.3375
89:16,89,16,10,0,1,13.9225,2.8372
89:17,89,17,5,7,1,12.5615,3.4332
89:18,89,18,5,7,1,12.7887,3.4452
89:19,89,19,4,3,1,12.9359,2.7642
89:20,89,20,4,7,1,12.414,3.2276
89:21,89,21,6,7,1,11.9575,3.5763
89:22,89,22,5,3,1,14.0343,4.0804
89:23,89,23,9,3,1,13.6666,3.3441
89:24,89,24,4,7,1,13.1466,2.519
89:25,89,25,5,7,1,15.2731,0.3211
89:26,89,26,4,5,0,-2.9277,1.4049
89:27,89,27,3,3,1,12.629,3.2925
89:28,89,28,5,3,1,14.1779,4.0484
89:29,89,29,3,5,0,-2.6869,2.1207
89:30,89,30,2,7,1,10.9789,2.6248
90:1,90,1,4,5,0,-3.0045,1.5903
90:2,90,2,4,5,0,-2.7792,1.7322
90:3,90,3,3,5,0,-2.6407,1.694
90:4,90,4,5,2,0,-3.5927,2.3757
90:5,90,5,6,3,1,13.0607,3.371
90:6,90,6,4,7,1,12.9701,2.4671
90:7,90,7,5,3,1,12.9939,3.383
90:8,90,8,4,7,1,12.9956,3.1819
90:9,90,9,2,5,0,-2.6231,2.2331
90:10,90,10,2,7,1,11.6954,2.6023
90:11,90,11,3,5,0,-2.8149,1.3658
90:12,90,12,4,5,0,-2.9032,1.513
90:13,90,13,2,7,1,11.4938,3.2059
90:14,90,14,6,5,0,-2.9109,1.5587
90:15,90,15,3,5,0,-2.4283,2.1454
90:16,90,16,4,5,0,-2.8076,1.6435
90:17,90,17,9,0,1,13.9642,2.1422
90:18,90,18,3,5,0,-3.13,1.7121
90:19,90,19,6,0,1,15.3837,-0.0864
90:20,90,20,3,7,1,12.0,2.0936
91:1,91,1,2,7,1,11.635,3.5498
91:2,91,2,3,5,0,-2.5576,2.038
91:3,91,3,3,7,1,11.5207,3.5457
91:4,91,4,3,7,1,11.5136,3.5371
91:5,91,5,3,7,1,11.7918,3.591
91:6,91,6,3,5,0,-2.8099,1.838
91:7,91,7,3,7,1,11.4302,3.202
91:8,91,8,3,5,0,-3.1758,2.0945
91:9,91,9,4,7,1,11.845,3.0557
91:10,91,10,4,7,1,11.7894,2.9476
91:11,91,11,3,7,1,15.0014,-1.2642
91:12,91,12,3,5,0,-2.5982,1.9902
91:13,91,13,7,3,1,14.7663,3.1706
91:14,91,14,7,0,1,14.9378,-0.4766
91:15,91,15,3,5,0,-2.6882,1.5044
92:1,92,1,3,7,1,11.4901,3.549
92:2,92,2,3,7,1,11.4975,3.5809
92:3,92,3,4,7,1,12.774,3.3871
92:4,92,4,3,7,1,12.4575,3.2663
92:5,92,5,4,7,1,12.0035,3.1265
92:6,92,6,2,7,1,11.6968,3.1981
92:7,92,7,2,7,1,11.5802,2.9594
92:8,92,8,4,7,1,12.0568,3.1937
92:9,92,9,2,7,1,15.0317,-1.3477
92:10,92,10,2,7,1,11.4206,2.9456
92:11,92,11,6,7,1,12.3788,3.167
92:12,92,12,3,7,1,11.8061,1.3638
92:13,92,13,4,7,1,11.7318,1.1152
92:14,92,14,3,7,1,12.3981,1.6664
92:15,92,15,4,7,1,12.5907,3.7211
92:16,92,16,3,3,1,15.035,-1.1114
92:17,92,17,2,7,1,11.5009,2.7971
92:18,92,18,4,3,1,12.2659,3.0556
92:19,92,19,6,7,1,12.1024,1.4655
92:20,92,20,5,3,1,13.7983,3.8528
92:21,92,21,2,5,0,-2.8062,2.3
93:1,93,1,1,7,1,11.286,3.416
93:2,93,2,3,7,1,11.4669,3.6342
93:3,93,3,5,3,1,13.7623,3.9468
93:4,93,4,5,3,1,12.8072,2.613
93:5,93,5,4,3,1,13.9015,4.1776
93:6,93,6,4,5,0,-2.956,1.2611
93:7,93,7,3,5,0,-2.7401,1.837
93:8,93,8,3,5,0,-2.9021,1.7316
93:9,93,9,4,7,1,12.5693,3.5938
93:10,93,10,4,7,1,12.5546,3.6081
93:11,93,11,4,3,1,13.9392,3.9982
94:1,94,1,4,5,0,-2.9466,1.2641
94:2,94,2,3,5,0,-3.0374,2.1193
94:3,94,3,3,7,1,12.2525,3.1862
94:4,94,4,3,5,0,-2.6106,1.7027
94:5,94,5,4,7,1,11.4697,3.4329
94:6,94,6,4,7,1,11.4842,3.4976
94:7,94,7,3,5,0,-2.6898,1.9394
94:8,94,8,3,3,1,13.8162,4.0964
95:1,95,1,2,7,1,11.5257,3.0474
95:2,95,2,2,5,0,-2.5456,2.1468
95:3,95,3,3,5,0,-2.5514,2.0136
95:4,95,4,6,2,0,-3.8328,2.2836
95:5,95,5,4,1,1,12.112,1.606
95:6,95,6,9,0,1,16.5464,1.5739
95:7,95,7,4,7,1,23.099,4.0796
95:8,95,8,4,3,1,14.8554,3.5356
96:1,96,1,5,3,1,14.1545,4.0474
96:2,96,2,4,5,0,-2.817,2.0303
96:3,96,3,3,3,1,13.7018,4.0895
96:4,96,4,3,7,1,12.652,3.2354
96:5,96,5,5,3,1,13.4426,3.3659
96:6,96,6,4,3,1,13.1975,3.5115
96:7,96,7,3,7,1,11.8037,3.067
96:8,96,8,4,3,1,14.0152,4.0316
96:9,96,9,3,7,1,12.4004,3.2231
96:10,96,10,3,7,1,11.9538,3.4736
96:11,96,11,5,5,0,-3.2043,1.6132
96:12,96,12,3,7,1,12.9175,3.1779
96:13,96,13,4,3,1,15.0033,-1.059
96:14,96,14,5,3,1,13.9652,3.2984
96:15,96,15,6,1,1,12.9735,3.5081
96:16,96,16,3,5,0,-2.6237,1.8795
96:17,96,17,2,5,0,-2.5163,1.8321
96:18,96,18,2,7,1,11.5636,2.8327
96:19,96,19,5,7,1,12.5067,3.6611
97:1,97,1,5,1,1,12.0432,1.2205
97:2,97,2,5,5,0,-3.0484,1.5011
97:3,97,3,6,7,1,11.9714,2.8953
97:4,97,4,9,6,1,14.5732,3.1892
97:5,97,5,5,3,1,12.1756,3.4302
98:1,98,1,12,0,1,15.2208,0.9086
98:2,98,2,6,3,1,14.6742,2.8027
98:3,98,3,3,7,1,11.0638,3.2015
98:4,98,4,11,0,1,14.5144,2.0843
98:5,98,5,16,6,1,15.3389,1.846
98:6,98,6,16,6,1,15.9457,0.2435
98:7,98,7,9,0,1,16.6227,1.0769
98:8,98,8,21,4,1,17.5637,0.5235
99:1,99,1,4,5,0,-2.8949,1.9294
99:2,99,2,3,5,0,-2.8626,1.919
99:3,99,3,4,5,0,-2.9024,1.7859
99:4,99,4,3,7,1,11.4737,2.9597
99:5,99,5,4,3,1,13.94,4.0747
99:6,99,6,6,0,1,13.0533,2.311
99:7,99,7,6,7,1,12.1105,2.3862
99:8,99,8,6,7,1,12.0492,2.4053
100:1,100,1,2,5,0,-2.5338,2.2604
100:2,100,2,2,5,0,-2.5299,2.2458
100:3,100,3,2,5,0,-2.431,2.2763
100:4,100,4,3,5,0,-2.9183,2.3441
100:5,100,5,3,5,0,-2.6914,2.185
100:6,100,6,4,3,1,13.4368,3.5625
100:7,100,7,4,3,1,12.6336,3.1719
100:8,100,8,4,7,1,12.1615,3.1657
100:9,100,9,7,2,0,-3.3223,1.4421
100:10,100,10,4,7,1,11.4839,3.0993
100:11,100,11,5,3,1,13.7697,3.0735
101:1,101,1,1,7,1,11.0667,3.36
101:2,101,2,2,5,0,-2.309,1.8383
101:3,101,3,4,5,0,-2.9411,1.5103
101:4,101,4,5,7,1,12.8413,2.634
101:5,101,5,4,5,0,-2.9852,1.7643
101:6,101,6,4,7,1,11.8712,2.5561
101:7,101,7,4,7,1,11.2894,3.1231
101:8,101,8,4,7,1,11.8387,2.5964
101:9,101,9,2,7,1,11.2514,2.8458
101:10,101,10,4,5,0,-2.8938,1.4808
101:11,101,11,2,5,0,-2.4379,2.1825
102:1,102,1,2,7,1,12.4236,3.3358
102:2,102,2,3,7,1,11.8833,3.2163
102:3,102,3,3,7,1,12.7373,3.1381
102:4,102,4,4,7,1,12.8306,3.0659
102:5,102,5,5,3,1,12.8374,3.0943
102:6,102,6,2,7,1,11.9096,2.7783
102:7,102,7,4,7,1,12.2467,2.6876
102:8,102,8,5,3,1,12.5889,2.9758
103:1,103,1,1,5,0,-2.3002,2.2705
103:2,103,2,4,7,1,13.3193,3.5382
103:3,103,3,9,0,1,16.4875,1.6277
104:1,104,1,4,7,1,12.2234,3.3481
104:2,104,2,4,7,1,11.8243,2.9688
104:3,104,3,4,7,1,11.628,2.9227
104:4,104,4,4,7,1,12.4003,3.5365
104:5,104,5,4,5,0,-2.9756,1.4422
104:6,104,6,3,3,1,12.0846,3.5628
104:7,104,7,4,7,1,12.2588,2.8722
104:8,104,8,3,7,1,12.0515,2.2798
104:9,104,9,3,7,1,11.1831,3.2692
105:1,105,1,7,3,1,14.638,3.8075
105:2,105,2,5,5,0,-2.9515,1.2826
105:3,105,3,4,2,0,-3.1767,2.1324
105:4,105,4,4,7,1,11.9426,2.2091
105:5,105,5,3,7,1,12.0388,2.0823
106:1,106,1,2,5,0,-2.4319,2.2441
106:2,106,2,4,3,1,12.5119,3.3969
106:3,106,3,4,3,1,12.7612,3.1195
106:4,106,4,7,0,1,12.9197,2.3424
107:1,107,1,4,3,1,23.0208,4.0215
107:2,107,2,4,3,1,12.5668,3.1906
107:3,107,3,5,7,1,12.7455,3.5138
107:4,107,4,2,7,1,11.8523,2.6916
107:5,107,5,5,7,1,12.0817,2.1799
107:6,107,6,3,7,1,12.1064,2.4668
107:7,107,7,2,5,0,-2.6632,1.7167
108:1,108,1,3,7,1,12.3071,3.2336
108:2,108,2,3,3,1,13.815,4.2384
108:3,108,3,4,7,1,12.6722,3.1862
109:1,109,1,3,7,1,12.7231,2.5163
109:2,109,2,4,5,0,-3.0273,1.4129
109:3,109,3,5,5,0,-3.1654,1.4808
109:4,109,4,5,7,1,12.8058,1.988
109:5,109,5,5,5,0,-3.1525,1.4494
109:6,109,6,4,5,0,-2.6687,1.6283
110:1,110,1,5,3,1,13.0165,3.5496
110:2,110,2,7,3,1,15.3866,2.2953
110:3,110,3,7,3,1,16.8268,2.6934
111:1,111,1,5,7,1,12.1166,3.2233
111:2,111,2,6,2,0,-3.3312,1.493
111:3,111,3,4,5,0,-2.7411,2.1381
111:4,111,4,3,7,1,11.3601,2.8842
111:5,111,5,5,7,1,11.3831,3.1454
112:1,112,1,4,3,1,13.0063,3.2156
112:2,112,2,2,3,1,14.4457,3.9941
112:3,112,3,4,5,0,-2.8005,1.4161
112:4,112,4,5,7,1,12.6437,3.5907
113:1,113,1,4,7,1,13.0661,2.5763
113:2,113,2,4,7,1,11.5991,3.1662
113:3,113,3,5,7,1,11.5709,2.9215
113:4,113,4,5,7,1,12.2654,3.0597
113:5,113,5,5,7,1,11.5797,3.0179
114:1,114,1,4,7,1,13.2668,2.3732
114:2,114,2,2,7,1,11.8729,3.2923
114:3,114,3,2,7,1,12.2265,3.4243
114:4,114,4,4,7,1,11.901,3.1068
114:5,114,5,5,7,1,12.1239,3.0727
114:6,114,6,3,7,1,11.0945,2.5763
