ayah_key,kmeans_whitened,umap_x,umap_y
1:1,4,-11.6002,-7.2114
1:2,4,-11.8485,-7.5974
1:3,6,-11.4539,-7.4099
1:4,6,-11.1884,-3.7828
1:5,1,-11.6607,-4.5462
1:6,6,-10.0776,-3.5233
1:7,1,-11.226,-4.373
2:1,4,-7.1048,1.2369
2:2,1,-10.0842,-4.341
2:3,1,-9.8875,-5.5896
2:4,4,-10.0041,-5.194
2:5,7,-8.5575,-5.5478
2:6,1,-9.1012,-5.476
2:7,1,-8.7839,-5.8511
2:8,4,-10.0623,-5.6107
2:9,4,-12.7398,-4.7063
2:10,4,-9.2469,-5.4419
2:11,1,-11.1556,-5.6743
2:12,5,-12.0004,-4.9982
2:13,4,-10.778,-5.1802
2:14,4,-13.4714,-6.8091
2:15,4,-10.8151,-5.9437
2:16,7,-8.5059,-5.6212
2:17,2,-9.6577,-4.8122
2:18,0,-11.2738,-2.2646
2:19,4,-8.5986,-7.5071
2:20,1,-12.8582,-4.7082
2:21,4,-10.7927,-6.4253
2:22,4,-12.2663,-6.9517
2:23,4,-10.1696,-4.5116
2:24,2,-8.2306,-7.3182
2:25,4,-7.6126,-5.099
2:26,4,-11.0527,-6.4471
2:27,7,-9.1721,-5.7441
2:28,4,-14.0385,-4.2253
2:29,1,-11.9622,-6.9009
2:30,1,-11.6007,-6.3496
2:31,1,-11.2122,-5.9356
2:32,4,-11.4633,-7.2805
2:33,4,-11.6862,-6.5834
2:34,1,-12.4598,-5.517
2:35,1,-8.1997,-4.965
2:36,1,-13.7424,-6.9665
2:37,4,-11.7203,-5.3149
2:38,1,-10.4508,-6.0849
2:39,2,-8.3153,-6.4719
2:40,5,-11.7866,-5.8646
2:41,7,-9.0108,-5.7499
2:42,1,-10.801,-5.8616
2:43,1,-10.1358,-5.179
2:44,5,-10.0127,-5.4199
2:45,1,-10.5665,-6.0519
2:46,4,-12.72,-5.9862
2:47,5,-11.7889,-5.9244
2:48,1,-10.7178,-5.7645
2:49,4,-12.6447,-5.1751
2:50,0,-13.8835,-5.885
2:51,1,-9.2681,-3.5562
2:52,1,-10.5849,-6.9719
2:53,1,-9.3461,-3.425
2:54,1,-9.1554,-3.357
2:55,1,-9.2071,-3.69
2:56,1,-11.3283,-6.0165
2:57,1,-11.2587,-5.1972
2:58,1,-7.7426,-5.5374
2:59,4,-10.5451,-5.4318
2:60,4,-9.3032,-3.3802
2:61,4,-9.5619,-7.3421
2:62,4,-9.6175,-5.8222
2:63,5,-9.8179,-7.0346
2:64,4,-9.0286,-5.5058
2:65,1,-10.8707,-5.4801
2:66,1,-10.8559,-4.8959
2:67,4,-9.1939,-3.3218
2:68,4,-11.4857,-5.5422
2:69,4,-11.6024,-5.5139
2:70,4,-11.5482,-5.5376
2:71,4,-11.9215,-5.2341
2:72,4,-9.4231,-6.707
2:73,4,-11.2395,-4.9618
2:74,4,-11.4312,-4.8889
2:75,1,-9.2757,-4.7831
2:76,4,-11.2316,-5.011
2:77,5,-12.4663,-6.3869
2:78,1,-9.831,-5.1642
2:79,4,-9.4107,-5.5357
2:80,2,-8.2657,-6.7385
2:81,2,-8.2683,-6.381
2:82,7,-7.9744,-5.3976
2:83,1,-9.9084,-7.0572
2:84,1,-9.867,-7.0692
2:85,1,-9.5154,-7.2774
2:86,7,-8.7558,-6.4518
2:87,4,-10.8694,-7.6755
2:88,4,-11.7802,-5.1313
2:89,4,-8.9532,-6.4381
2:90,4,-9.4519,-6.0736
2:91,4,-9.3899,-6.4733
2:92,1,-9.3167,-3.7313
2:93,1,-9.8857,-7.0157
2:94,4,-10.428,-4.315
2:95,4,-11.4671,-6.2573
2:96,4,-12.6932,-5.3697
2:97,4,-11.2859,-5.5763
2:98,4,-8.2409,-7.6038
2:99,1,-12.7071,-4.7944
2:100,1,-9.6775,-4.3124
2:101,4,-9.1448,-5.5478
2:102,4,-9.5543,-7.459
2:103,4,-10.6006,-5.1275
2:104,4,-8.5148,-7.4329
2:105,4,-10.4792,-6.4703
2:106,5,-11.5812,-6.7278
2:107,5,-12.4028,-6.8116
2:108,1,-9.2032,-3.543
2:109,1,-11.2242,-6.4388
2:110,4,-9.8354,-5.2937
2:111,1,-7.5002,-5.2553
2:112,4,-10.2646,-5.5657
2:113,1,-8.5373,-9.1571
2:114,5,-9.0538,-5.45
2:115,4,-11.4609,-7.0099
2:116,1,-11.2273,-7.0505
2:117,7,-11.8212,-6.6538
2:118,4,-10.1789,-5.3752
2:119,1,-8.9983,-3.9238
2:120,1,-10.7244,-5.7947
2:121,7,-9.082,-5.4473
2:122,5,-11.8286,-5.8948
2:123,1,-10.6395,-5.7216
2:124,4,-10.665,-5.544
2:125,1,-11.0613,-5.2864
2:126,4,-10.688,-4.807
2:127,1,-11.4359,-5.1869
2:128,1,-10.9486,-7.4052
2:129,1,-10.2689,-5.6577
2:130,1,-11.9461,-5.4045
2:131,4,-11.4199,-5.0516
2:132,1,-11.0677,-5.6597
2:133,0,-10.5803,-2.449
2:134,1,-10.3441,-5.1695
2:135,1,-9.8144,-2.6425
2:136,4,-11.2577,-5.7031
2:137,4,-10.427,-4.3628
2:138,4,-11.0967,-5.9458
2:139,4,-11.3058,-5.4455
2:140,4,-11.5464,-5.8918
2:141,1,-10.262,-5.2593
2:142,4,-10.1043,-3.5551
2:143,1,-10.1633,-6.8671
2:144,1,-9.109,-6.9338
2:145,1,-11.3307,-5.6885
2:146,4,-9.142,-5.4164
2:147,4,-12.327,-5.4892
2:148,1,-11.4334,-6.8066
2:149,1,-8.9052,-6.889
2:150,1,-8.9812,-6.8466
2:151,1,-10.3634,-5.4124
2:152,5,-10.8253,-2.8993
2:153,4,-10.3429,-5.9142
2:154,1,-9.2747,-6.6337
2:155,1,-11.247,-6.5262
2:156,1,-12.5208,-6.3039
2:157,7,-8.5025,-5.4867
2:158,4,-11.5283,-5.3826
2:159,7,-9.1739,-5.6934
2:160,7,-10.1892,-7.9976
2:161,7,-8.9358,-6.1875
2:162,1,-8.9357,-6.6849
2:163,4,-11.3534,-7.043
2:164,4,-13.7089,-6.1216
2:165,3,-9.8717,-6.3601
2:166,1,-9.8637,-5.8168
2:167,2,-10.6104,-5.7435
2:168,1,-11.0032,-7.1367
2:169,4,-13.3274,-5.4227
2:170,1,-11.3505,-5.5144
2:171,1,-9.4368,-5.023
2:172,4,-10.1658,-5.862
2:173,1,-9.8829,-7.3209
2:174,2,-9.4982,-5.7167
2:175,2,-8.3054,-6.4216
2:176,4,-9.5873,-5.3444
2:177,4,-9.4714,-7.4502
2:178,4,-9.4864,-5.5771
2:179,7,-8.7379,-5.3302
2:180,1,-9.8989,-5.1748
2:181,4,-9.1819,-4.7509
2:182,1,-8.4175,-4.622
2:183,1,-9.3735,-5.5153
2:184,4,-10.5676,-6.3898
2:185,4,-11.1973,-7.3626
2:186,1,-12.2347,-5.0982
2:187,4,-9.495,-7.524
2:188,1,-10.5492,-5.7467
2:189,1,-10.4399,-5.538
2:190,3,-9.3221,-6.5315
2:191,1,-9.3008,-6.9498
2:192,1,-10.3725,-7.5603
2:193,1,-9.8108,-6.6145
2:194,4,-9.1738,-6.9043
2:195,3,-9.8214,-6.2488
2:196,4,-9.5174,-7.5563
2:197,7,-9.0369,-6.7181
2:198,5,-9.1247,-8.0974
2:199,1,-10.4005,-7.7387
2:200,5,-10.6658,-6.3524
2:201,2,-10.0181,-6.2074
2:202,7,-8.5903,-5.7446
2:203,5,-10.0543,-6.1152
2:204,4,-12.3556,-5.3801
2:205,3,-10.308,-6.1165
2:206,1,-9.8292,-5.9879
2:207,4,-11.8178,-5.0391
2:208,1,-13.7926,-7.0566
2:209,4,-11.3397,-7.2639
2:210,5,-12.6403,-6.3366
2:211,4,-11.7229,-5.9235
2:212,4,-11.5795,-6.3436
2:213,1,-8.4886,-9.2311
2:214,1,-8.2348,-5.3036
2:215,4,-10.1768,-6.0847
2:216,3,-9.4745,-5.598
2:217,7,-9.4155,-7.2889
2:218,7,-9.1235,-6.9307
2:219,4,-10.1143,-6.0063
2:220,4,-9.8005,-5.8539
2:221,1,-11.0353,-6.5897
2:222,3,-10.8713,-7.9729
2:223,1,-10.8719,-7.8561
2:224,1,-10.5462,-5.7448
2:225,1,-10.4325,-7.5213
2:226,1,-10.6036,-7.8883
2:227,4,-11.246,-6.693
2:228,1,-9.9152,-8.4786
2:229,1,-8.5144,-9.1777
2:230,1,-11.0033,-7.1
2:231,1,-10.7991,-8.063
2:232,1,-10.809,-7.9766
2:233,4,-9.5639,-7.5294
2:234,1,-8.5148,-9.1862
2:235,1,-8.5236,-9.1788
2:236,1,-10.7855,-8.0303
2:237,1,-10.2048,-7.2104
2:238,1,-10.2238,-5.0174
2:239,5,-9.5682,-5.1202
2:240,1,-10.3659,-7.2085
2:241,1,-9.9038,-5.1656
2:242,4,-10.3389,-4.8734
2:243,5,-10.6892,-6.3467
2:244,4,-9.3592,-6.659
2:245,4,-9.9565,-6.9881
2:246,5,-9.5451,-7.407
2:247,4,-12.1047,-6.4889
2:248,4,-10.8103,-6.4783
2:249,4,-9.575,-7.2554
2:250,4,-8.3698,-7.583
2:251,1,-10.7409,-4.7817
2:252,4,-10.452,-5.0122
2:253,4,-9.9099,-7.1692
2:254,4,-9.9293,-5.5717
2:255,4,-13.108,-5.3266
2:256,4,-10.0445,-4.9621
2:257,2,-8.1624,-6.5582
2:258,4,-12.7356,-6.4679
2:259,4,-9.5802,-7.5078
2:260,4,-11.5864,-5.3957
2:261,3,-9.6515,-6.0731
2:262,1,-9.3694,-6.2036
2:263,1,-10.4483,-7.5828
2:264,4,-8.4454,-7.4274
2:265,4,-9.9481,-5.8882
2:266,4,-11.1209,-4.8159
2:267,4,-9.9856,-6.7265
2:268,1,-13.7091,-6.9727
2:269,7,-11.4624,-7.0132
2:270,4,-8.8087,-3.9479
2:271,4,-9.1586,-7.2533
2:272,1,-9.148,-8.1033
2:273,4,-9.4436,-6.4932
2:274,4,-9.9595,-5.5823
2:275,4,-13.3312,-5.2327
2:276,3,-10.3535,-6.2156
2:277,4,-9.6418,-5.4342
2:278,4,-9.9382,-5.578
2:279,4,-9.4594,-5.0474
2:280,1,-10.5878,-5.2663
2:281,1,-11.2944,-6.0978
2:282,4,-9.6696,-7.2952
2:283,4,-13.1998,-5.0683
2:284,4,-9.1566,-7.2598
2:285,4,-10.0486,-6.4157
2:286,1,-9.9985,-7.4509
3:1,4,-7.1047,1.2371
3:2,4,-12.2117,-6.0572
3:3,1,-9.5965,-5.171
3:4,4,-9.0528,-6.1372
3:5,4,-9.0935,-7.3032
3:6,1,-11.7972,-7.3254
3:7,7,-8.8838,-5.3578
3:8,1,-10.8221,-7.4607
3:9,1,-13.0429,-4.8771
3:10,2,-7.8675,-6.7379
3:11,1,-9.1701,-5.8096
3:12,4,-9.1191,-6.0937
3:13,7,-9.115,-6.414
3:14,3,-10.2185,-6.5252
3:15,4,-7.6123,-4.9949
3:16,2,-10.1183,-7.4236
3:17,1,-10.7217,-6.7446
3:18,7,-11.3922,-7.1648
3:19,1,-11.1006,-3.7374
3:20,1,-10.3857,-5.8984
3:21,1,-9.2601,-6.0339
3:22,3,-9.7916,-6.3067
3:23,5,-12.6889,-6.5805
3:24,2,-8.2361,-6.6926
3:25,1,-13.0487,-5.085
3:26,4,-11.5678,-6.9103
3:27,1,-12.8783,-7.3245
3:28,4,-8.4496,-7.4976
3:29,4,-9.156,-7.3166
3:30,4,-11.0171,-6.2507
3:31,3,-10.3722,-7.5299
3:32,3,-8.4441,-7.4868
3:33,4,-10.8591,-5.1632
3:34,4,-10.6381,-4.2834
3:35,1,-9.1753,-4.3584
3:36,5,-11.0186,-7.8856
3:37,4,-12.4234,-4.8409
3:38,4,-11.5085,-5.4734
3:39,4,-10.3804,-5.6988
3:40,4,-11.2123,-5.4417
3:41,5,-9.8436,-8.7049
3:42,4,-11.1444,-6.7299
3:43,4,-12.74,-4.7208
3:44,1,-9.9748,-4.649
3:45,4,-11.2722,-7.7735
3:46,4,-10.9557,-5.6246
3:47,4,-11.2596,-5.4659
3:48,1,-11.6529,-6.2931
3:49,4,-10.1436,-6.2706
3:50,1,-10.4439,-5.42
3:51,1,-10.1689,-3.5239
3:52,4,-10.6793,-6.2739
3:53,1,-10.5312,-6.6535
3:54,4,-11.3865,-5.1354
3:55,1,-8.4927,-9.19
3:56,4,-8.9953,-6.1162
3:57,3,-7.7122,-5.9135
3:58,5,-10.4615,-4.8106
3:59,4,-9.6643,-4.3733
3:60,4,-12.0169,-5.5275
3:61,4,-12.8571,-5.0027
3:62,4,-11.3896,-6.8424
3:63,4,-11.2774,-6.5101
3:64,4,-10.6195,-6.2239
3:65,1,-10.3906,-6.156
3:66,1,-8.4973,-9.2076
3:67,1,-9.7223,-2.4844
3:68,1,-9.7331,-2.5677
3:69,1,-10.2928,-5.8599
3:70,4,-10.4187,-6.4324
3:71,1,-10.6931,-6.1106
3:72,2,-9.3746,-5.4242
3:73,4,-10.9468,-5.8975
3:74,4,-10.9462,-6.6324
3:75,4,-13.1632,-5.2732
3:76,3,-10.4756,-5.9288
3:77,7,-9.3542,-5.7111
3:78,4,-9.1949,-5.4187
3:79,4,-11.3768,-4.6198
3:80,1,-12.002,-5.4634
3:81,1,-9.8613,-7.0742
3:82,7,-8.7397,-5.4638
3:83,1,-12.061,-6.3932
3:84,4,-11.3129,-5.7961
3:85,0,-10.6431,-2.4661
3:86,4,-14.0897,-4.0911
3:87,7,-8.4886,-5.5333
3:88,1,-8.9204,-6.6695
3:89,1,-10.268,-7.8469
3:90,7,-8.9917,-6.07
3:91,7,-8.9947,-6.2517
3:92,3,-10.0701,-5.7968
3:93,1,-11.7726,-5.7864
3:94,7,-8.915,-5.9087
3:95,4,-9.6969,-2.5669
3:96,7,-9.3287,-5.0038
3:97,1,-9.6531,-2.6375
3:98,4,-10.399,-6.4895
3:99,4,-10.311,-6.5276
3:100,4,-9.067,-5.6774
3:101,4,-10.1537,-3.6129
3:102,4,-10.354,-5.8058
3:103,3,-9.7193,-7.1801
3:104,7,-9.7016,-5.306
3:105,7,-9.7374,-5.6579
3:106,4,-9.134,-6.0561
3:107,4,-10.8958,-7.2743
3:108,4,-10.4818,-5.1403
3:109,4,-12.5416,-6.3511
3:110,1,-9.857,-5.2099
3:111,1,-10.0089,-5.3669
3:112,4,-9.8487,-6.8206
3:113,1,-9.3433,-5.8485
3:114,7,-9.6601,-5.3858
3:115,4,-11.2448,-5.9333
3:116,2,-7.9359,-6.7028
3:117,4,-10.1482,-6.0641
3:118,1,-9.7466,-6.9673
3:119,3,-9.7828,-6.2902
3:120,4,-10.7917,-6.0641
3:121,4,-9.8977,-6.7117
3:122,4,-11.1624,-5.1445
3:123,4,-10.0272,-6.3128
3:124,4,-9.8044,-8.7875
3:125,4,-11.6674,-5.3162
3:126,4,-11.3612,-6.7948
3:127,1,-10.8827,-5.0871
3:128,4,-9.1989,-8.0321
3:129,1,-10.4733,-7.5939
3:130,4,-10.0633,-6.0199
3:131,2,-8.2092,-7.4154
3:132,4,-9.2089,-4.8529
3:133,1,-10.5568,-7.5075
3:134,3,-10.0373,-5.8792
3:135,5,-10.4195,-7.5875
3:136,7,-8.0626,-5.8875
3:137,4,-14.1503,-4.0608
3:138,1,-10.2897,-4.0734
3:139,1,-10.4153,-5.0314
3:140,3,-9.7886,-4.728
3:141,4,-8.4027,-7.5006
3:142,1,-7.9682,-5.2778
3:143,1,-12.0946,-4.6008
3:144,4,-10.2351,-6.1526
3:145,1,-12.2834,-6.6215
3:146,3,-9.7058,-6.2304
3:147,1,-9.8973,-7.5961
3:148,3,-10.3181,-6.1668
3:149,1,-9.9583,-5.9255
3:150,4,-11.3273,-5.5822
3:151,2,-8.2389,-6.5515
3:152,3,-10.7012,-5.6069
3:153,4,-10.2012,-6.5761
3:154,4,-9.4715,-7.3405
3:155,1,-13.7075,-6.9981
3:156,4,-9.2651,-6.5436
3:157,1,-9.2665,-6.7536
3:158,4,-9.4336,-6.7386
3:159,3,-10.4708,-7.5103
3:160,1,-10.9411,-5.7843
3:161,1,-11.1397,-6.3331
3:162,4,-10.0556,-6.1437
3:163,4,-11.6026,-6.0294
3:164,4,-10.2119,-5.6297
3:165,1,-12.0613,-6.5243
3:166,1,-11.7893,-5.3825
3:167,1,-9.2735,-6.8008
3:168,1,-9.8517,-3.2673
3:169,5,-9.1949,-6.7192
3:170,4,-10.8273,-5.9821
3:171,4,-7.6002,-6.0229
3:172,4,-7.9708,-6.0299
3:173,4,-9.5535,-4.544
3:174,1,-10.9994,-6.4925
3:175,1,-13.7763,-7.0399
3:176,4,-9.0793,-6.2507
3:177,4,-9.0805,-6.2365
3:178,4,-9.089,-6.1169
3:179,4,-9.0766,-4.6751
3:180,4,-11.6329,-6.1955
3:181,4,-9.595,-6.3793
3:182,1,-9.2099,-8.082
3:183,2,-10.1905,-6.3508
3:184,4,-13.3202,-5.1346
3:185,2,-12.9512,-5.8311
3:186,1,-10.2935,-6.5953
3:187,1,-9.8313,-7.1005
3:188,3,-9.65,-5.9157
3:189,4,-11.4387,-6.705
3:190,7,-12.5908,-7.1643
3:191,5,-9.8935,-5.5101
3:192,2,-8.17,-6.6081
3:193,1,-10.269,-7.2929
3:194,1,-12.3904,-5.2942
3:195,1,-9.322,-6.8289
3:196,1,-9.9754,-5.112
3:197,1,-10.9612,-5.5614
3:198,4,-7.5897,-4.932
3:199,7,-9.0222,-5.7373
3:200,1,-9.9635,-5.9328
4:1,4,-11.2058,-6.6118
4:2,3,-9.8685,-6.7251
4:3,4,-10.738,-8.044
4:4,4,-10.8285,-7.6993
4:5,1,-10.5798,-5.5806
4:6,4,-9.403,-7.2077
4:7,1,-10.8098,-7.4719
4:8,7,-9.4616,-4.9724
4:9,1,-10.2809,-5.8341
4:10,2,-9.578,-5.7097
4:11,4,-9.6654,-7.6141
4:12,1,-9.7063,-7.6289
4:13,4,-7.4412,-5.124
4:14,2,-8.2843,-6.5689
4:15,4,-10.8892,-7.9732
4:16,4,-10.1918,-8.0159
4:17,7,-11.0457,-7.5802
4:18,7,-11.0221,-7.4717
4:19,4,-10.8443,-7.9983
4:20,1,-11.7682,-5.3075
4:21,1,-9.8941,-7.049
4:22,1,-10.9091,-7.3991
4:23,1,-9.533,-7.5996
4:24,4,-9.5306,-7.7147
4:25,1,-9.5594,-7.6222
4:26,1,-11.1309,-6.649
4:27,1,-10.9756,-6.5385
4:28,5,-9.1723,-7.2393
4:29,1,-10.1265,-6.0672
4:30,2,-8.3848,-6.5394
4:31,1,-7.6888,-5.4824
4:32,4,-10.9517,-7.8987
4:33,1,-11.2755,-6.7406
4:34,4,-10.8428,-8.0243
4:35,4,-11.3412,-6.5971
4:36,3,-12.7676,-4.6297
4:37,4,-8.3136,-7.4753
4:38,1,-13.6656,-6.8845
4:39,4,-9.9874,-5.8949
4:40,4,-7.9419,-5.9943
4:41,4,-10.5635,-6.731
4:42,4,-9.0571,-6.1966
4:43,1,-9.9972,-7.4297
4:44,5,-12.7935,-6.6215
4:45,1,-11.5078,-6.4302
4:46,4,-9.306,-4.9235
4:47,4,-9.9208,-5.902
4:48,1,-10.4642,-7.5711
4:49,5,-12.821,-6.4518
4:50,4,-14.129,-4.0916
4:51,5,-12.7522,-6.6022
4:52,7,-8.5223,-5.5418
4:53,1,-10.1716,-4.5261
4:54,4,-9.7842,-2.6528
4:55,4,-10.6132,-5.1766
4:56,2,-9.0228,-5.9475
4:57,4,-7.4557,-5.1938
4:58,4,-10.7677,-6.5528
4:59,7,-8.936,-5.0351
4:60,5,-12.8901,-6.7683
4:61,4,-11.199,-5.7004
4:62,1,-11.0841,-7.2626
4:63,7,-8.5212,-5.4981
4:64,1,-10.1552,-7.2812
4:65,1,-8.496,-9.2143
4:66,1,-9.4319,-6.6499
4:67,4,-7.8112,-6.0234
4:68,6,-10.1855,-3.565
4:69,7,-8.8395,-5.4256
4:70,4,-10.9219,-6.307
4:71,1,-8.873,-4.1265
4:72,1,-12.2879,-6.3616
4:73,1,-10.8927,-6.1948
4:74,1,-9.2393,-6.7034
4:75,1,-9.391,-6.3881
4:76,4,-9.137,-6.5381
4:77,5,-9.079,-7.444
4:78,4,-10.2231,-4.3205
4:79,4,-10.8269,-6.1339
4:80,4,-9.0972,-5.4367
4:81,4,-10.8101,-5.723
4:82,1,-10.5918,-5.4122
4:83,7,-9.1178,-4.9428
4:84,1,-9.3064,-6.5215
4:85,4,-10.9109,-6.3468
4:86,4,-11.4214,-6.7508
4:87,4,-11.6296,-6.0955
4:88,4,-10.4548,-6.0768
4:89,1,-9.1566,-6.6026
4:90,1,-9.2486,-6.5841
4:91,1,-9.4841,-6.7199
4:92,4,-9.5411,-7.1162
4:93,4,-9.4423,-6.7343
4:94,4,-9.9858,-6.7193
4:95,7,-9.4732,-6.7574
4:96,1,-10.3573,-7.7005
4:97,7,-8.5939,-9.0889
4:98,1,-9.609,-5.6837
4:99,7,-10.268,-7.67
4:100,1,-9.0534,-6.9134
4:101,1,-8.4265,-7.5003
4:102,1,-9.5147,-7.5859
4:103,5,-9.9242,-5.6481
4:104,1,-10.47,-5.5369
4:105,1,-9.4617,-5.0117
4:106,1,-10.3283,-7.6252
4:107,3,-10.0982,-6.4182
4:108,4,-9.1166,-7.2592
4:109,4,-12.2596,-5.5529
4:110,1,-10.1411,-7.6644
4:111,4,-10.84,-4.966
4:112,1,-10.9602,-4.8934
4:113,4,-10.82,-6.5064
4:114,4,-8.6967,-5.9368
4:115,1,-9.5377,-6.304
4:116,1,-10.517,-7.4566
4:117,1,-13.5487,-6.8687
4:118,1,-10.3193,-6.4513
4:119,1,-13.7004,-6.9713
4:120,4,-13.5933,-6.8756
4:121,7,-8.352,-5.4997
4:122,4,-7.4839,-5.1662
4:123,1,-9.4695,-6.4581
4:124,5,-10.6365,-8.063
4:125,1,-9.6845,-2.4959
4:126,4,-11.7056,-6.6303
4:127,4,-10.8673,-8.1105
4:128,4,-8.5623,-4.7001
4:129,1,-10.737,-7.9756
4:130,4,-7.7142,-6.7665
4:131,4,-7.7898,-6.9635
4:132,4,-11.7293,-6.4968
4:133,4,-11.3511,-7.0552
4:134,4,-11.6289,-5.824
4:135,4,-10.2065,-6.9391
4:136,4,-9.7813,-5.9031
4:137,1,-8.9998,-6.2365
4:138,4,-9.2029,-5.7709
4:139,1,-8.411,-7.4982
4:140,1,-9.057,-6.3991
4:141,4,-8.4424,-7.4959
4:142,5,-11.4049,-5.6929
4:143,4,-9.7085,-6.6032
4:144,1,-8.5211,-7.3953
4:145,2,-8.199,-6.6455
4:146,7,-9.9651,-7.9154
4:147,4,-10.3154,-6.6552
4:148,3,-10.1452,-6.3476
4:149,4,-9.2447,-7.3901
4:150,1,-9.0718,-6.2066
4:151,7,-8.4234,-7.4304
4:152,7,-7.8626,-5.9636
4:153,1,-9.1612,-3.5105
4:154,1,-9.7743,-6.9922
4:155,4,-9.4527,-6.6623
4:156,0,-13.1718,-6.2831
4:157,4,-11.278,-7.8941
4:158,4,-11.3841,-6.8783
4:159,1,-9.4418,-5.3203
4:160,1,-10.2,-5.4874
4:161,1,-8.3412,-7.4648
4:162,7,-8.5186,-5.8689
4:163,1,-11.293,-5.7183
4:164,1,-10.2249,-4.9052
4:165,4,-9.0556,-4.1262
4:166,4,-10.5638,-6.8939
4:167,4,-9.1229,-6.348
4:168,1,-9.886,-7.2704
4:169,1,-13.126,-5.4066
4:170,4,-10.3396,-6.4741
4:171,4,-11.2676,-7.7598
4:172,1,-12.4948,-5.4047
4:173,4,-7.715,-5.9213
4:174,4,-10.4568,-6.418
4:175,4,-7.674,-5.4839
4:176,4,-11.4614,-6.1994
5:1,1,-9.9737,-6.4791
5:2,4,-9.3565,-7.1338
5:3,1,-9.5098,-7.5334
5:4,1,-10.0939,-6.2107
5:5,1,-9.6796,-7.4677
5:6,4,-9.5463,-7.5715
5:7,5,-10.145,-6.2555
5:8,4,-10.186,-6.8345
5:9,4,-7.9427,-5.9161
5:10,7,-8.8056,-5.8106
5:11,5,-10.122,-6.2209
5:12,4,-9.8294,-7.0765
5:13,3,-10.1182,-6.1166
5:14,5,-12.9072,-5.1635
5:15,1,-9.6536,-6.4492
5:16,1,-10.7512,-5.397
5:17,4,-11.3063,-7.6367
5:18,3,-10.62,-7.6818
5:19,4,-8.9395,-4.3312
5:20,1,-9.2113,-3.3392
5:21,1,-7.6706,-5.4656
5:22,1,-9.0574,-3.7145
5:23,1,-7.6295,-5.4734
5:24,1,-9.0583,-3.5814
5:25,1,-11.2809,-5.9281
5:26,4,-11.4212,-4.0584
5:27,1,-10.6811,-6.4429
5:28,1,-8.6273,-4.7219
5:29,2,-8.2428,-6.6177
5:30,1,-9.9891,-3.1465
5:31,4,-13.9485,-4.1133
5:32,1,-9.4866,-6.7355
5:33,4,-9.5617,-6.3536
5:34,1,-10.3001,-7.8293
5:35,1,-9.38,-6.4236
5:36,1,-9.2184,-6.0723
5:37,2,-8.4203,-6.5283
5:38,1,-9.7964,-3.9057
5:39,1,-10.2389,-7.9816
5:40,5,-12.4902,-6.9203
5:41,4,-9.4302,-7.3612
5:42,3,-10.0016,-6.4954
5:43,7,-11.2551,-6.7848
5:44,7,-10.1399,-6.6215
5:45,4,-11.8464,-5.0157
5:46,4,-11.2588,-7.9315
5:47,7,-10.8531,-6.6083
5:48,1,-9.5481,-7.3738
5:49,1,-11.4451,-5.0953
5:50,4,-11.425,-6.3429
5:51,1,-10.0879,-6.1862
5:52,4,-9.7642,-5.2948
5:53,3,-10.354,-5.8128
5:54,3,-10.7969,-5.2027
5:55,1,-9.7295,-5.279
5:56,4,-9.4635,-5.3584
5:57,1,-10.0034,-6.2663
5:58,1,-9.679,-6.1876
5:59,1,-10.2651,-6.3198
5:60,4,-10.466,-6.6117
5:61,1,-8.0258,-5.5306
5:62,1,-10.8499,-5.0034
5:63,3,-11.9991,-5.6262
5:64,4,-9.5233,-7.3295
5:65,1,-7.4996,-5.1122
5:66,4,-10.3681,-5.923
5:67,1,-8.562,-7.4307
5:68,4,-8.7359,-7.2405
5:69,4,-9.3919,-5.5954
5:70,1,-9.9121,-7.0735
5:71,4,-10.4306,-6.5329
5:72,4,-11.2178,-7.7546
5:73,4,-9.8177,-8.7412
5:74,1,-10.342,-7.815
5:75,1,-11.1703,-7.6595
5:76,4,-11.0351,-6.1551
5:77,1,-10.1658,-6.4277
5:78,1,-11.2152,-7.8438
5:79,4,-11.2726,-4.4008
5:80,1,-9.2923,-6.1267
5:81,1,-9.9748,-5.7342
5:82,4,-10.1771,-6.7626
5:83,1,-10.4409,-6.6503
5:84,4,-7.6787,-5.4379
5:85,4,-7.8152,-5.0157
5:86,7,-8.7951,-5.7953
5:87,3,-9.9361,-6.1356
5:88,1,-10.8859,-7.2175
5:89,1,-9.7091,-7.4487
5:90,1,-10.0803,-5.9318
5:91,1,-13.7271,-6.9921
5:92,1,-8.979,-4.4958
5:93,3,-8.6214,-8.9571
5:94,4,-9.6721,-5.769
5:95,4,-9.4731,-6.9435
5:96,1,-13.6246,-5.8446
5:97,4,-9.2437,-6.9342
5:98,1,-10.5794,-7.3992
5:99,1,-11.5682,-6.0208
5:100,7,-9.8068,-6.8401
5:101,1,-10.4443,-6.0831
5:102,1,-8.4714,-7.4663
5:103,4,-13.7173,-5.8908
5:104,4,-10.4242,-5.8948
5:105,1,-10.03,-6.2941
5:106,4,-10.102,-6.9885
5:107,4,-9.8013,-6.6998
5:108,1,-8.6108,-4.6317
5:109,4,-11.4196,-6.7351
5:110,4,-9.5035,-7.4884
5:111,4,-10.5589,-5.3705
5:112,4,-11.3223,-7.9323
5:113,1,-10.944,-6.1802
5:114,4,-11.2814,-7.8959
5:115,4,-9.339,-6.1859
5:116,1,-11.2953,-7.9001
5:117,4,-10.2703,-6.7792
5:118,1,-10.5958,-7.6464
5:119,4,-7.6004,-4.9996
5:120,4,-11.609,-6.8986
6:1,4,-11.8577,-7.645
6:2,1,-12.1078,-6.7516
6:3,1,-11.7272,-6.9177
6:4,4,-12.5519,-4.7663
6:5,4,-13.0736,-4.9988
6:6,5,-12.7729,-6.5145
6:7,1,-9.3331,-5.0887
6:8,4,-12.221,-6.2726
6:9,4,-10.8466,-5.265
6:10,4,-10.0613,-4.6386
6:11,4,-14.1635,-4.0568
6:12,4,-10.0599,-6.5304
6:13,4,-12.6393,-7.2775
6:14,7,-11.0744,-6.8312
6:15,4,-8.6157,-4.8593
6:16,4,-11.1715,-6.893
6:17,4,-11.2355,-6.8968
6:18,0,-10.7707,-2.6105
6:19,4,-10.4758,-6.861
6:20,1,-9.1247,-5.3823
6:21,4,-9.6321,-6.2577
6:22,1,-10.9397,-6.7928
6:23,4,-10.7699,-5.7333
6:24,4,-14.0915,-4.1203
6:25,7,-9.1251,-4.9743
6:26,1,-11.7205,-4.905
6:27,2,-8.4011,-6.5471
6:28,1,-9.1225,-7.1921
6:29,4,-12.2945,-6.0128
6:30,4,-9.0624,-6.0923
6:31,4,-11.1282,-8.5294
6:32,4,-12.1591,-5.998
6:33,4,-13.0085,-4.9156
6:34,4,-10.4539,-5.8622
6:35,1,-11.7078,-5.8822
6:36,1,-12.5769,-6.3045
6:37,1,-9.2519,-5.2896
6:38,1,-12.1179,-6.5384
6:39,4,-9.5866,-5.8879
6:40,4,-11.1623,-8.6246
6:41,5,-13.2259,-5.2889
6:42,1,-13.2389,-5.3432
6:43,1,-13.6665,-6.9729
6:44,5,-9.9424,-5.9544
6:45,1,-10.8482,-6.1838
6:46,1,-10.7091,-6.0241
6:47,4,-9.7408,-6.0126
6:48,1,-8.9176,-4.1181
6:49,4,-9.3856,-5.7767
6:50,4,-11.0035,-6.5137
6:51,1,-8.4869,-4.7327
6:52,1,-10.9574,-5.6035
6:53,4,-11.5331,-5.5872
6:54,1,-9.5262,-5.6151
6:55,1,-13.1121,-3.4195
6:56,1,-10.7835,-5.2459
6:57,4,-13.1133,-5.1144
6:58,1,-10.8695,-5.7129
6:59,1,-11.3922,-5.2241
6:60,1,-12.0345,-7.0374
6:61,1,-10.7912,-4.6323
6:62,4,-11.3792,-6.7239
6:63,4,-13.6895,-6.0121
6:64,4,-13.2684,-5.3519
6:65,1,-9.4801,-5.7015
6:66,1,-12.4948,-4.8334
6:67,1,-11.5522,-4.0437
6:68,5,-13.738,-6.8899
6:69,5,-10.3703,-4.1617
6:70,5,-9.6218,-6.134
6:71,4,-10.8873,-5.8134
6:72,1,-10.0176,-5.4927
6:73,4,-11.9662,-6.8896
6:74,1,-9.7635,-2.5214
6:75,1,-11.9531,-6.6752
6:76,3,-12.9522,-4.7975
6:77,1,-13.0235,-4.6841
6:78,1,-13.0573,-4.7161
6:79,4,-11.5379,-6.2014
6:80,1,-11.2823,-6.0371
6:81,1,-8.7267,-7.0052
6:82,7,-9.2188,-5.6234
6:83,1,-9.7581,-2.583
6:84,1,-11.2828,-5.8202
6:85,4,-11.792,-6.0075
6:86,4,-11.7167,-6.4849
6:87,1,-10.0857,-3.5176
6:88,3,-10.9999,-6.0604
6:89,7,-8.749,-5.6916
6:90,7,-7.3286,-6.0874
6:91,4,-9.3083,-7.1474
6:92,4,-9.1402,-5.0208
6:93,4,-9.582,-6.4352
6:94,7,-12.984,-5.2301
6:95,3,-12.1573,-6.6665
6:96,1,-12.7949,-7.104
6:97,1,-13.7088,-5.9463
6:98,1,-12.1685,-6.8442
6:99,1,-12.3088,-6.9281
6:100,4,-11.4311,-6.5033
6:101,3,-11.7903,-6.8377
6:102,4,-11.5552,-6.8518
6:103,1,-12.9254,-5.7684
6:104,4,-13.2331,-5.0151
6:105,1,-10.792,-5.2807
6:106,4,-11.0765,-6.0732
6:107,1,-13.021,-5.5911
6:108,4,-10.5367,-5.2414
6:109,4,-10.1519,-5.7024
6:110,7,-10.0812,-4.9186
6:111,1,-11.6631,-5.1387
6:112,4,-13.6354,-5.8984
6:113,1,-9.1416,-4.7799
6:114,1,-11.8772,-6.1672
6:115,4,-10.6838,-5.2969
6:116,1,-9.3276,-6.0241
6:117,4,-11.7424,-7.1237
6:118,5,-10.568,-6.5605
6:119,5,-9.9976,-6.058
6:120,1,-10.7572,-5.0662
6:121,5,-9.9223,-6.0243
6:122,4,-8.4803,-7.5149
6:123,1,-13.1605,-3.4962
6:124,4,-9.7554,-5.6387
6:125,4,-10.4514,-6.1394
6:126,5,-10.1108,-3.5118
6:127,4,-11.8748,-5.7304
6:128,2,-8.2622,-6.4306
6:129,4,-10.5398,-2.78
6:130,5,-8.9289,-7.195
6:131,4,-12.3828,-5.9429
6:132,4,-13.085,-5.0036
6:133,1,-11.5174,-7.2126
6:134,4,-12.4287,-4.7753
6:135,1,-10.6754,-5.2114
6:136,4,-10.9409,-6.412
6:137,1,-9.6099,-6.7209
6:138,5,-10.0404,-6.0922
6:139,5,-10.7982,-5.155
6:140,4,-9.4384,-6.7503
6:141,3,-12.1104,-6.7928
6:142,1,-13.7898,-7.0511
6:143,5,-10.733,-7.9851
6:144,4,-10.7397,-7.9208
6:145,1,-9.8541,-7.2377
6:146,4,-9.879,-6.3312
6:147,4,-13.3087,-4.5946
6:148,4,-10.5658,-6.469
6:149,1,-11.387,-5.2515
6:150,4,-10.5465,-6.9166
6:151,4,-13.2459,-5.1577
6:152,5,-10.7049,-5.5087
6:153,1,-10.0672,-3.4829
6:154,4,-9.2005,-3.4595
6:155,1,-9.1714,-4.971
6:156,4,-9.6948,-5.4069
6:157,4,-9.6609,-6.2007
6:158,4,-13.0984,-4.8639
6:159,4,-11.0075,-5.6288
6:160,4,-8.7696,-5.7971
6:161,1,-9.7692,-2.6766
6:162,4,-10.8519,-5.1879
6:163,7,-10.8673,-4.0896
6:164,4,-12.1073,-6.2615
6:165,1,-11.4695,-7.2516
7:1,6,-7.1221,1.2182
7:2,5,-9.1038,-4.9546
7:3,5,-11.2092,-5.5219
7:4,4,-11.1919,-3.7621
7:5,4,-10.6963,-5.364
7:6,1,-10.293,-4.848
7:7,4,-10.934,-5.2735
7:8,7,-8.5656,-5.6171
7:9,7,-8.7204,-6.4051
7:10,1,-11.7458,-6.3965
7:11,1,-12.5525,-5.4218
7:12,2,-12.1756,-6.0027
7:13,1,-10.9247,-5.5209
7:14,0,-12.166,-3.9072
7:15,6,-11.9455,-4.2823
7:16,1,-10.1212,-3.5409
7:17,1,-13.2489,-4.9005
7:18,1,-11.1291,-5.4091
7:19,1,-8.1968,-4.9986
7:20,4,-13.6599,-6.9513
7:21,6,-11.1247,-4.0923
7:22,4,-13.3377,-5.2559
7:23,1,-10.4251,-7.1556
7:24,0,-10.5896,-2.5379
7:25,0,-12.6626,-6.762
7:26,5,-9.8972,-5.9173
7:27,1,-13.7312,-6.957
7:28,4,-11.6439,-6.6135
7:29,1,-13.2756,-5.1459
7:30,1,-11.2962,-5.7562
7:31,3,-9.9816,-6.1966
7:32,4,-13.2152,-5.6489
7:33,4,-12.9313,-4.9762
7:34,1,-11.2113,-8.7301
7:35,1,-9.6322,-5.6542
7:36,2,-8.4239,-6.3376
7:37,4,-9.7274,-6.3938
7:38,2,-8.2099,-6.5929
7:39,7,-10.6499,-2.3422
7:40,4,-8.9996,-5.9565
7:41,4,-10.3222,-4.7584
7:42,7,-7.985,-5.4179
7:43,4,-11.7018,-7.6389
7:44,2,-8.4981,-7.0008
7:45,1,-9.2859,-6.4051
7:46,1,-12.071,-5.4986
7:47,2,-8.2504,-6.6084
7:48,0,-10.6492,-2.3098
7:49,1,-7.6012,-5.2912
7:50,2,-8.3694,-7.3331
7:51,5,-9.8555,-6.0713
7:52,4,-9.9444,-4.3863
7:53,4,-12.2447,-4.9988
7:54,4,-12.3846,-6.8785
7:55,3,-9.1625,-7.2711
7:56,4,-10.5579,-5.9424
7:57,4,-12.7875,-5.3554
7:58,1,-12.1841,-5.8568
7:59,1,-8.3614,-3.4747
7:60,1,-11.7479,-4.5447
7:61,4,-9.1203,-8.1005
7:62,1,-10.9344,-5.8483
7:63,5,-13.3719,-5.0251
7:64,4,-9.9696,-5.6142
7:65,4,-9.6448,-3.5194
7:66,4,-9.8844,-5.3277
7:67,4,-9.1343,-8.1074
7:68,1,-10.974,-3.9543
7:69,5,-13.269,-4.9213
7:70,1,-10.7849,-4.6173
7:71,4,-11.5625,-5.7002
7:72,1,-10.1558,-5.6776
7:73,4,-9.8553,-4.9255
7:74,5,-11.2359,-6.3435
7:75,4,-11.1949,-5.5664
7:76,4,-10.0668,-5.2465
7:77,1,-10.4154,-5.0583
7:78,1,-12.3325,-5.3602
7:79,3,-10.2398,-6.1122
7:80,4,-10.8542,-4.2171
7:81,4,-10.8705,-8.0529
7:82,1,-11.5135,-4.8528
7:83,1,-11.8288,-4.7595
7:84,4,-14.1717,-4.0452
7:85,4,-9.6366,-3.6298
7:86,5,-10.4578,-5.7905
7:87,4,-10.7232,-6.2914
7:88,1,-10.715,-5.6709
7:89,4,-12.5409,-5.9713
7:90,1,-9.6189,-5.6959
7:91,1,-12.3265,-5.363
7:92,4,-9.31,-5.8133
7:93,1,-8.5887,-7.3733
7:94,1,-13.1687,-4.9912
7:95,1,-10.3582,-7.2796
7:96,1,-13.2967,-5.095
7:97,0,-10.7754,-2.4024
7:98,0,-10.91,-2.5241
7:99,4,-11.9346,-5.2304
7:100,1,-10.4622,-5.8003
7:101,4,-8.7274,-7.1643
7:102,1,-10.1026,-4.411
7:103,4,-14.1509,-4.0646
7:104,4,-9.2494,-3.2995
7:105,1,-11.7167,-5.9047
7:106,4,-10.5362,-4.4019
7:107,6,-10.9814,-4.4853
7:108,1,-11.9721,-4.591
7:109,4,-13.6562,-5.782
7:110,1,-11.1386,-5.484
7:111,0,-10.2466,-2.8767
7:112,6,-13.4827,-5.0768
7:113,4,-9.7273,-3.8598
7:114,4,-10.9269,-4.2366
7:115,4,-9.2029,-3.5775
7:116,1,-9.8027,-3.8452
7:117,0,-10.7327,-2.4828
7:118,6,-11.1668,-5.2661
7:119,0,-11.1941,-3.348
7:120,6,-9.8001,-3.7548
7:121,4,-10.7417,-4.7234
7:122,6,-9.2974,-3.0595
7:123,1,-10.9612,-4.8339
7:124,1,-11.7147,-4.9321
7:125,6,-11.2874,-5.3062
7:126,1,-8.4937,-7.4917
7:127,4,-9.201,-3.3992
7:128,1,-9.2254,-3.3361
7:129,1,-10.7754,-4.7602
7:130,5,-10.3094,-3.8262
7:131,4,-9.358,-3.7337
7:132,4,-10.6785,-4.6932
7:133,1,-9.5631,-4.0549
7:134,1,-9.1857,-3.5591
7:135,1,-10.4516,-5.1304
7:136,4,-10.633,-5.1859
7:137,4,-11.7179,-6.009
7:138,4,-13.5679,-5.9603
7:139,4,-10.9832,-4.6234
7:140,1,-11.8259,-6.0087
7:141,1,-12.6559,-4.933
7:142,1,-9.3229,-3.2441
7:143,1,-9.3012,-3.3514
7:144,1,-9.1476,-3.616
7:145,1,-11.4999,-6.7488
7:146,1,-9.3434,-6.2551
7:147,3,-9.1806,-5.8766
7:148,1,-9.2521,-3.4317
7:149,1,-10.3343,-7.1075
7:150,1,-9.1697,-3.2585
7:151,1,-10.1599,-7.505
7:152,1,-9.6271,-6.1486
7:153,1,-10.281,-7.8404
7:154,1,-9.222,-3.3763
7:155,1,-9.172,-3.3295
7:156,4,-9.9097,-5.3807
7:157,1,-9.8743,-6.8365
7:158,4,-10.3636,-6.4748
7:159,1,-9.2173,-3.3365
7:160,1,-10.1583,-4.5469
7:161,1,-7.7934,-5.5277
7:162,1,-10.551,-5.3371
7:163,4,-13.6478,-6.0309
7:164,4,-9.7283,-5.8924
7:165,5,-9.7778,-5.9209
7:166,4,-10.7165,-5.3533
7:167,1,-9.2973,-6.1505
7:168,1,-12.4891,-6.3866
7:169,1,-10.2315,-7.3195
7:170,1,-7.7456,-5.9259
7:171,1,-11.0768,-6.3745
7:172,4,-12.2227,-6.1034
7:173,4,-9.3566,-5.4649
7:174,1,-12.7997,-6.1021
7:175,1,-13.6585,-6.9871
7:176,1,-9.7616,-5.3934
7:177,4,-12.8969,-4.9251
7:178,7,-10.2993,-6.112
7:179,7,-8.3067,-5.1808
7:180,4,-11.0609,-6.3828
7:181,1,-11.6234,-6.0204
7:182,4,-9.2214,-5.632
7:183,6,-11.3813,-4.6773
7:184,5,-8.5686,-4.0979
7:185,4,-12.2654,-6.6623
7:186,4,-10.3765,-6.2942
7:187,4,-11.2469,-8.7523
7:188,1,-11.0727,-6.1106
7:189,4,-12.1221,-6.8547
7:190,1,-8.4947,-9.2143
7:191,0,-13.1463,-5.2591
7:192,0,-11.2055,-2.6575
7:193,1,-10.7936,-5.7203
7:194,1,-13.0141,-4.9275
7:195,1,-11.4023,-6.8099
7:196,1,-9.516,-5.4201
7:197,1,-9.4104,-4.8716
7:198,0,-10.6252,-2.418
7:199,0,-11.0,-2.8461
7:200,1,-13.6889,-6.9618
7:201,5,-13.6834,-6.953
7:202,1,-9.9431,-3.1248
7:203,4,-10.9975,-5.6852
7:204,1,-9.0296,-4.717
7:205,5,-11.6301,-7.2117
7:206,4,-12.7554,-5.4326
8:1,4,-9.9017,-5.8749
8:2,5,-9.9332,-5.5504
8:3,1,-9.9947,-5.6361
8:4,7,-8.291,-5.7904
8:5,4,-13.1252,-5.2465
8:6,1,-11.2504,-4.4948
8:7,1,-8.5692,-7.4679
8:8,1,-13.1656,-3.4554
8:9,1,-12.5203,-5.4778
8:10,4,-11.391,-6.7413
8:11,1,-13.7187,-6.973
8:12,4,-11.5397,-5.8086
8:13,4,-10.586,-6.926
8:14,2,-8.2154,-7.3446
8:15,1,-9.9701,-5.2189
8:16,1,-9.4071,-6.316
8:17,4,-9.5763,-6.6252
8:18,4,-8.443,-7.5
8:19,1,-12.6698,-6.1508
8:20,1,-9.1596,-4.7341
8:21,1,-9.2085,-4.7583
8:22,1,-10.9348,-6.0559
8:23,1,-9.3155,-4.9543
8:24,1,-10.0708,-6.1905
8:25,4,-10.5845,-6.9932
8:26,5,-10.3353,-4.059
8:27,1,-10.0437,-5.8258
8:28,4,-7.9389,-6.0299
8:29,1,-10.0679,-6.685
8:30,5,-10.7395,-5.5527
8:31,7,-9.7189,-4.4998
8:32,4,-9.5883,-5.8504
8:33,1,-10.3551,-7.6153
8:34,1,-8.9081,-6.8457
8:35,1,-9.4953,-5.5828
8:36,1,-9.1988,-6.2008
8:37,7,-9.8047,-6.8591
8:38,7,-9.6669,-6.8647
8:39,1,-9.9962,-6.9275
8:40,4,-11.418,-6.4736
8:41,4,-11.1805,-5.8668
8:42,4,-13.0946,-5.0162
8:43,4,-11.8539,-6.347
8:44,1,-12.0021,-4.7447
8:45,5,-10.044,-5.9559
8:46,1,-10.1649,-5.604
8:47,1,-10.4911,-5.6496
8:48,4,-13.7164,-6.9533
8:49,4,-11.2521,-6.2679
8:50,1,-9.2591,-5.9283
8:51,1,-9.1768,-8.0885
8:52,1,-9.2503,-5.8492
8:53,4,-11.1484,-6.4949
8:54,4,-13.1406,-5.46
8:55,4,-10.8356,-5.9738
8:56,1,-10.4238,-5.6786
8:57,5,-10.0745,-3.9492
8:58,3,-9.9914,-6.2219
8:59,4,-8.9353,-6.0928
8:60,4,-9.809,-6.5921
8:61,4,-11.2591,-7.0053
8:62,4,-11.2114,-5.9991
8:63,1,-11.5373,-7.3128
8:64,4,-10.0122,-6.613
8:65,1,-9.8946,-6.8876
8:66,1,-12.6463,-4.7714
8:67,1,-11.2442,-6.5371
8:68,1,-8.5121,-9.1916
8:69,1,-10.6472,-7.5094
8:70,1,-10.1244,-7.5
8:71,4,-11.071,-6.1199
8:72,1,-9.0991,-6.9147
8:73,1,-9.3913,-5.8855
8:74,7,-9.0676,-6.8851
8:75,7,-9.1085,-6.7025
9:1,4,-11.0907,-5.7901
9:2,4,-8.4284,-7.5118
9:3,4,-9.2393,-5.0406
9:4,3,-10.3066,-6.2216
9:5,1,-9.8398,-6.7319
9:6,1,-7.5767,-6.0378
9:7,3,-14.0864,-4.0953
9:8,1,-14.0926,-4.0895
9:9,4,-10.2445,-4.8756
9:10,7,-9.1993,-5.5281
9:11,1,-9.668,-3.929
9:12,1,-9.3816,-6.3915
9:13,7,-9.3917,-6.3476
9:14,4,-9.4099,-6.4791
9:15,4,-11.2381,-7.0636
9:16,1,-8.4142,-5.2971
9:17,2,-8.2982,-6.4096
9:18,7,-9.2316,-6.052
9:19,1,-8.9325,-6.7839
9:20,7,-9.0282,-6.8049
9:21,4,-11.0166,-6.9424
9:22,4,-7.9146,-6.0742
9:23,3,-9.916,-5.9744
9:24,3,-10.5269,-6.3534
9:25,1,-10.0492,-5.1534
9:26,4,-10.9397,-5.9298
9:27,1,-10.368,-7.8384
9:28,4,-8.8502,-6.8719
9:29,1,-9.3945,-6.6614
9:30,4,-11.091,-7.7033
9:31,3,-10.1103,-6.4907
9:32,1,-10.8098,-6.1162
9:33,1,-11.2781,-6.3558
9:34,3,-9.7632,-5.7728
9:35,2,-8.19,-6.6737
9:36,4,-9.8339,-6.7809
9:37,4,-8.4372,-7.4917
9:38,4,-9.2495,-6.4469
9:39,4,-9.4191,-5.9199
9:40,3,-10.3184,-6.393
9:41,1,-9.3643,-6.6438
9:42,1,-11.2331,-6.1546
9:43,4,-9.2584,-4.8952
9:44,1,-9.7885,-5.6117
9:45,1,-9.7666,-5.5351
9:46,1,-10.7657,-5.4817
9:47,1,-11.6418,-5.6041
9:48,1,-10.6851,-6.2085
9:49,1,-8.4092,-7.4541
9:50,4,-10.6406,-6.0149
9:51,4,-11.6703,-6.5045
9:52,4,-11.9165,-5.1949
9:53,1,-13.3289,-4.8791
9:54,1,-10.0855,-5.6165
9:55,1,-12.9359,-4.9514
9:56,1,-11.2656,-5.638
9:57,1,-7.7009,-5.3173
9:58,1,-10.5578,-5.013
9:59,4,-10.4963,-6.3406
9:60,4,-11.2603,-6.544
9:61,4,-9.2807,-6.0787
9:62,4,-11.0792,-6.2754
9:63,2,-8.3129,-6.6774
9:64,1,-8.8746,-4.1682
9:65,1,-10.6849,-5.1428
9:66,1,-10.3889,-4.0273
9:67,4,-11.2226,-5.7238
9:68,2,-8.2888,-6.591
9:69,1,-10.8086,-6.931
9:70,5,-8.2548,-3.3931
9:71,7,-9.531,-5.0892
9:72,4,-7.5385,-5.0135
9:73,1,-9.741,-6.5843
9:74,4,-9.6245,-6.8579
9:75,4,-10.6745,-5.681
9:76,4,-10.8493,-5.2726
9:77,1,-9.3874,-5.4229
9:78,5,-12.2355,-6.5012
9:79,1,-10.5553,-4.7621
9:80,1,-10.3131,-7.7076
9:81,1,-11.5982,-4.9907
9:82,0,-11.0255,-2.3465
9:83,7,-12.6455,-6.3651
9:84,4,-9.1242,-6.431
9:85,1,-12.7144,-5.1292
9:86,7,-9.5318,-5.106
9:87,0,-10.6079,-2.4203
9:88,7,-8.8119,-5.5046
9:89,4,-7.566,-4.95
9:90,4,-9.4445,-5.7134
9:91,1,-9.1002,-8.088
9:92,1,-11.4192,-4.5902
9:93,1,-9.1389,-6.6299
9:94,4,-8.9279,-4.3381
9:95,4,-12.3874,-4.8236
9:96,1,-11.0153,-7.0884
9:97,1,-10.9885,-6.1644
9:98,1,-10.2224,-6.3782
9:99,1,-10.173,-7.3933
9:100,7,-7.95,-5.3066
9:101,1,-11.0989,-6.1625
9:102,1,-10.2705,-7.9599
9:103,1,-11.6752,-4.4496
9:104,5,-12.394,-6.8819
9:105,4,-10.5316,-6.3066
9:106,4,-10.973,-6.8612
9:107,4,-8.9641,-6.8039
9:108,3,-11.8198,-5.2091
9:109,2,-12.1077,-6.2925
9:110,1,-13.0437,-4.9922
9:111,4,-9.3543,-6.6218
9:112,4,-9.62,-5.474
9:113,7,-10.0734,-7.6295
9:114,1,-9.7275,-2.4814
9:115,4,-11.2086,-6.4514
9:116,4,-12.4066,-6.9259
9:117,4,-10.5148,-7.9812
9:118,1,-9.88,-8.6326
9:119,4,-10.1586,-5.5989
9:120,1,-10.8423,-6.1321
9:121,1,-9.9615,-5.6469
9:122,1,-9.1383,-4.2254
9:123,1,-9.4583,-6.645
9:124,4,-9.7058,-5.1072
9:125,4,-11.5096,-5.4157
9:126,5,-10.5073,-3.5909
9:127,4,-9.6961,-5.061
9:128,4,-10.2521,-5.7918
9:129,4,-11.4138,-6.6887
10:1,0,-12.0954,-2.8651
10:2,4,-13.4241,-4.8819
10:3,5,-12.2479,-6.7016
10:4,4,-11.3812,-6.3559
10:5,1,-12.1836,-7.0373
10:6,4,-12.7615,-7.2369
10:7,4,-12.0023,-5.7884
10:8,2,-8.2235,-6.4952
10:9,4,-7.7017,-5.2089
10:10,4,-11.7708,-7.5911
10:11,4,-10.0259,-3.3664
10:12,5,-12.7093,-2.9693
10:13,1,-13.0272,-3.4769
10:14,1,-14.0986,-4.0809
10:15,4,-8.7987,-5.1118
10:16,1,-11.1865,-5.559
10:17,4,-13.1118,-4.0109
10:18,4,-10.8602,-6.1737
10:19,1,-8.4984,-9.2352
10:20,4,-9.8206,-4.8153
10:21,4,-11.4748,-5.6321
10:22,4,-13.6993,-6.0246
10:23,1,-11.7265,-6.4222
10:24,4,-11.8464,-6.5922
10:25,1,-10.1052,-3.5186
10:26,7,-8.1526,-5.2581
10:27,2,-8.3546,-6.3837
10:28,1,-11.0119,-6.6764
10:29,4,-10.6238,-6.273
10:30,1,-11.3365,-6.191
10:31,4,-11.9312,-6.5488
10:32,1,-11.1882,-6.2847
10:33,4,-10.1821,-4.9563
10:34,7,-11.8934,-6.7503
10:35,4,-10.7702,-6.286
10:36,4,-7.6753,-6.9
10:37,4,-13.2843,-5.2674
10:38,4,-8.769,-6.0509
10:39,4,-14.1231,-4.0774
10:40,4,-9.6442,-4.4182
10:41,4,-12.7835,-4.9401
10:42,1,-9.1387,-4.6689
10:43,4,-12.2418,-4.5538
10:44,4,-10.0309,-5.6101
10:45,4,-11.2064,-8.6842
10:46,4,-10.4757,-5.6905
10:47,1,-10.5551,-5.6544
10:48,0,-10.7391,-0.0777
10:49,1,-11.0308,-6.3976
10:50,1,-9.6282,-5.9929
10:51,1,-11.4502,-4.7113
10:52,4,-9.647,-5.8658
10:53,4,-11.1281,-5.1258
10:54,1,-10.3071,-6.0613
10:55,5,-11.7773,-6.2837
10:56,0,-12.6918,-6.8297
10:57,4,-10.2818,-6.268
10:58,4,-11.2632,-5.1136
10:59,4,-10.308,-5.9179
10:60,4,-12.2353,-5.6129
10:61,4,-10.3102,-6.5473
10:62,5,-8.677,-4.7227
10:63,6,-10.333,-4.9097
10:64,4,-11.5868,-6.064
10:65,4,-11.5211,-7.7323
10:66,1,-12.2049,-6.6858
10:67,1,-12.7753,-7.2582
10:68,4,-11.1194,-7.1323
10:69,4,-10.3536,-5.5016
10:70,4,-9.4956,-5.809
10:71,1,-8.128,-3.2797
10:72,4,-7.5176,-6.041
10:73,4,-14.1152,-4.0732
10:74,4,-11.1245,-4.4525
10:75,1,-9.3951,-3.53
10:76,4,-9.7363,-3.9352
10:77,1,-9.6105,-3.8361
10:78,1,-10.8346,-4.5699
10:79,6,-13.5679,-5.2083
10:80,4,-9.6124,-3.7743
10:81,1,-9.4152,-3.7407
10:82,4,-13.1666,-3.5036
10:83,4,-9.2947,-3.4863
10:84,4,-9.2774,-3.4315
10:85,4,-10.9092,-5.1554
10:86,4,-8.4267,-7.5471
10:87,4,-9.4591,-3.3312
10:88,4,-9.1653,-3.3208
10:89,1,-10.8357,-5.2467
10:90,4,-13.0071,-5.9876
10:91,0,-10.671,-3.4176
10:92,1,-10.289,-5.2623
10:93,1,-8.4653,-9.2481
10:94,4,-12.4901,-5.4814
10:95,4,-10.503,-5.7211
10:96,4,-10.1216,-5.1089
10:97,1,-10.0912,-6.7999
10:98,4,-11.1155,-6.394
10:99,1,-9.9683,-4.37
10:100,4,-10.4937,-5.1311
10:101,4,-11.9536,-6.8313
10:102,4,-9.9556,-4.6541
10:103,4,-10.3776,-4.8934
10:104,4,-10.4059,-6.3728
10:105,1,-11.4475,-5.8646
10:106,4,-10.684,-5.9429
10:107,4,-10.9233,-6.9927
10:108,4,-10.8572,-5.9414
10:109,1,-10.8824,-6.3034
11:1,4,-9.5466,-4.8607
11:2,5,-8.7974,-4.0465
11:3,1,-10.3156,-7.8556
11:4,4,-11.4664,-6.7017
11:5,4,-9.1895,-7.3468
11:6,1,-12.0265,-6.5441
11:7,4,-12.1674,-6.8662
11:8,3,-9.5984,-5.9159
11:9,5,-12.64,-2.7262
11:10,4,-11.0151,-5.2754
11:11,7,-8.015,-5.9331
11:12,4,-9.2588,-4.436
11:13,4,-8.7963,-6.0233
11:14,1,-10.9361,-5.6265
11:15,1,-12.0146,-5.7634
11:16,2,-8.3649,-6.7698
11:17,4,-10.149,-6.3755
11:18,4,-9.4076,-6.3675
11:19,4,-9.1643,-6.449
11:20,7,-8.6571,-5.6666
11:21,7,-8.9263,-5.6451
11:22,6,-9.029,-5.3813
11:23,7,-8.0008,-5.3321
11:24,5,-9.7949,-4.3418
11:25,1,-8.5116,-3.7279
11:26,1,-8.6212,-4.8284
11:27,4,-10.2034,-4.605
11:28,1,-11.2469,-5.5321
11:29,4,-7.2103,-6.139
11:30,5,-10.3765,-3.8467
11:31,4,-11.0147,-6.6893
11:32,1,-8.297,-3.4074
11:33,4,-11.4045,-4.1925
11:34,1,-12.8767,-5.878
11:35,4,-8.8207,-6.0487
11:36,1,-8.1191,-3.2572
11:37,1,-10.8865,-5.5558
11:38,1,-12.2339,-6.6284
11:39,1,-9.3676,-5.7028
11:40,4,-10.2092,-5.6792
11:41,1,-10.3218,-7.6541
11:42,1,-8.0934,-3.3023
11:43,4,-11.0703,-5.3939
11:44,1,-11.5097,-6.3432
11:45,1,-8.0739,-3.2594
11:46,1,-9.0795,-8.1743
11:47,1,-9.3502,-8.0462
11:48,1,-8.1674,-3.3221
11:49,1,-10.3825,-4.8366
11:50,4,-9.6213,-3.5677
11:51,1,-7.2907,-6.0859
11:52,1,-10.3257,-7.9055
11:53,1,-10.8911,-4.8635
11:54,4,-10.5883,-6.679
11:55,1,-12.2906,-4.4471
11:56,1,-10.0608,-3.5544
11:57,1,-11.4394,-6.5486
11:58,4,-10.1709,-5.6416
11:59,4,-10.1071,-4.9802
11:60,4,-12.3954,-5.0979
11:61,4,-10.1165,-7.3816
11:62,1,-10.5868,-6.0976
11:63,4,-11.2492,-5.756
11:64,1,-10.6679,-5.6309
11:65,1,-9.8175,-8.7326
11:66,4,-10.8393,-7.2355
11:67,1,-12.3249,-5.4251
11:68,4,-7.6459,-6.8696
11:69,0,-10.5731,-2.2775
11:70,1,-9.0106,-4.5046
11:71,4,-11.3049,-5.8922
11:72,4,-11.2477,-4.0495
11:73,4,-12.7798,-5.0609
11:74,1,-9.7524,-2.6062
11:75,1,-9.7281,-2.5071
11:76,4,-9.7396,-2.5009
11:77,1,-9.9904,-5.5705
11:78,4,-10.6414,-5.2837
11:79,1,-11.1209,-5.9489
11:80,4,-11.067,-7.1698
11:81,1,-10.7413,-5.7162
11:82,1,-13.3296,-5.0295
11:83,4,-12.1208,-5.6886
11:84,4,-9.6006,-3.6973
11:85,1,-10.5905,-5.6272
11:86,4,-11.0364,-4.2791
11:87,4,-10.7595,-6.0071
11:88,1,-11.1924,-5.7604
11:89,1,-8.157,-3.3304
11:90,1,-10.3682,-7.8436
11:91,1,-10.7905,-5.9199
11:92,1,-10.5109,-5.9894
11:93,1,-10.7632,-5.1832
11:94,1,-10.3918,-5.8089
11:95,4,-7.5838,-6.8807
11:96,1,-9.291,-3.2189
11:97,4,-10.9863,-4.6267
11:98,2,-8.1915,-6.6463
11:99,1,-11.448,-5.3997
11:100,1,-10.3823,-4.7052
11:101,4,-7.6406,-6.8152
11:102,1,-10.4624,-6.2753
11:103,1,-8.8652,-4.7723
11:104,6,-11.8272,-3.9827
11:105,1,-10.965,-6.0238
11:106,2,-8.2256,-6.6439
11:107,1,-11.6592,-6.6484
11:108,1,-11.6261,-6.5494
11:109,1,-13.0245,-5.3777
11:110,1,-13.2555,-4.9097
11:111,4,-12.9583,-4.8857
11:112,1,-10.6441,-5.4243
11:113,2,-8.2418,-6.7119
11:114,5,-12.5428,-7.1867
11:115,4,-7.6174,-5.9769
11:116,7,-10.3475,-6.0246
11:117,1,-12.5362,-5.9105
11:118,1,-11.7042,-5.5591
11:119,1,-11.8263,-5.5166
11:120,5,-10.1897,-4.7818
11:121,4,-10.5697,-5.3012
11:122,6,-10.0219,-4.5407
11:123,4,-12.215,-6.5692
12:1,0,-12.1132,-2.8839
12:2,1,-9.6002,-4.6714
12:3,1,-10.268,-4.7181
12:4,1,-10.4698,-3.8769
12:5,5,-13.741,-7.0132
12:6,4,-11.0049,-6.0556
12:7,4,-9.9191,-3.3894
12:8,3,-10.2099,-4.1054
12:9,1,-10.5729,-2.5988
12:10,1,-9.5077,-6.7877
12:11,1,-10.1471,-3.9292
12:12,1,-9.803,-5.6894
12:13,1,-8.6712,-4.6845
12:14,4,-9.2909,-5.0885
12:15,1,-11.592,-5.2209
12:16,0,-12.9475,-4.4033
12:17,1,-9.4309,-5.1062
12:18,4,-13.3179,-5.2461
12:19,1,-10.7025,-5.259
12:20,1,-10.8008,-5.3253
12:21,1,-9.9682,-6.7476
12:22,4,-11.4649,-6.5165
12:23,4,-10.9205,-4.9635
12:24,4,-11.4426,-6.3907
12:25,4,-9.0292,-5.3685
12:26,4,-10.6243,-6.6943
12:27,4,-13.2148,-5.323
12:28,4,-13.1717,-6.3391
12:29,1,-10.3069,-7.5894
12:30,3,-11.7286,-7.877
12:31,1,-13.3396,-5.0515
12:32,1,-11.0499,-5.2427
12:33,3,-10.7349,-6.2134
12:34,1,-11.9056,-6.7496
12:35,1,-10.1883,-7.0247
12:36,4,-11.4428,-4.7541
12:37,4,-12.4737,-4.9511
12:38,1,-11.0663,-6.2598
12:39,3,-11.4112,-6.2489
12:40,1,-11.2161,-6.5931
12:41,3,-12.1661,-5.0318
12:42,5,-13.4106,-7.0139
12:43,4,-12.3951,-5.1646
12:44,0,-10.8237,-2.4874
12:45,1,-9.614,-4.5826
12:46,1,-12.7075,-5.1271
12:47,1,-9.1632,-5.4211
12:48,4,-11.5656,-4.997
12:49,4,-11.8959,-4.9352
12:50,4,-12.7924,-5.8083
12:51,4,-11.2608,-5.2933
12:52,1,-9.962,-3.2151
12:53,1,-10.3664,-7.6239
12:54,1,-11.1396,-6.7273
12:55,4,-11.1125,-5.0708
12:56,1,-13.326,-5.3737
12:57,4,-9.3289,-4.7227
12:58,0,-10.0545,-3.0945
12:59,4,-9.9934,-3.1652
12:60,1,-10.3547,-5.1003
12:61,4,-10.4777,-3.6989
12:62,1,-12.4525,-6.1545
12:63,1,-10.2299,-6.6174
12:64,4,-9.8979,-3.243
12:65,4,-10.3479,-5.8326
12:66,1,-10.503,-6.0738
12:67,1,-7.588,-5.5345
12:68,1,-7.6005,-6.6115
12:69,1,-9.8995,-3.2441
12:70,4,-9.9443,-3.1756
12:71,6,-10.8795,-4.5351
12:72,4,-10.9918,-3.9764
12:73,4,-11.0809,-5.5597
12:74,0,-11.7195,-3.4317
12:75,4,-10.2324,-4.4947
12:76,1,-9.9226,-3.2061
12:77,1,-9.9096,-3.2667
12:78,1,-10.244,-5.8612
12:79,1,-10.6401,-5.584
12:80,1,-10.0164,-6.0348
12:81,1,-10.58,-6.7046
12:82,4,-10.852,-5.7954
12:83,1,-11.4313,-6.855
12:84,1,-11.5955,-4.9297
12:85,5,-10.4229,-3.8876
12:86,4,-10.846,-5.6679
12:87,4,-9.9881,-3.4442
12:88,4,-7.5932,-5.4359
12:89,4,-9.86,-3.1924
12:90,4,-9.8959,-3.2961
12:91,4,-11.0941,-5.3482
12:92,1,-10.3269,-7.7348
12:93,0,-10.6523,-2.3978
12:94,1,-10.438,-4.1698
12:95,4,-10.7498,-4.8656
12:96,4,-9.3889,-4.6944
12:97,1,-10.3279,-7.4195
12:98,1,-10.3624,-7.7253
12:99,1,-7.6755,-5.2829
12:100,4,-10.3266,-5.5883
12:101,4,-11.3621,-6.3728
12:102,0,-10.7934,-2.3261
12:103,1,-9.5656,-4.2196
12:104,5,-7.2096,-6.127
12:105,4,-12.0125,-6.758
12:106,4,-9.5392,-4.2172
12:107,4,-11.1787,-8.6841
12:108,4,-10.0252,-6.4317
12:109,4,-14.0702,-4.0849
12:110,4,-13.1326,-3.7185
12:111,7,-8.8157,-5.3522
13:1,1,-9.2999,-4.9333
13:2,4,-12.1611,-6.826
13:3,4,-12.0705,-7.088
13:4,1,-11.9133,-6.628
13:5,2,-8.3738,-6.331
13:6,1,-9.8788,-6.6447
13:7,4,-9.1891,-5.4831
13:8,4,-11.0056,-7.9123
13:9,4,-11.4356,-7.4816
13:10,4,-9.1029,-7.3046
13:11,4,-11.4719,-6.1353
13:12,1,-12.0673,-7.0951
13:13,4,-11.804,-7.6285
13:14,1,-10.9992,-6.3285
13:15,4,-11.7312,-6.5313
13:16,4,-11.1445,-6.4177
13:17,2,-13.3303,-5.5332
13:18,7,-8.6121,-6.1114
13:19,7,-8.8615,-5.2357
13:20,1,-10.1982,-5.8454
13:21,4,-8.6167,-4.7498
13:22,7,-9.7456,-5.9201
13:23,1,-7.5187,-5.2942
13:24,1,-10.9757,-4.4839
13:25,7,-9.1878,-5.7652
13:26,4,-12.7824,-7.8316
13:27,4,-9.2109,-5.4444
13:28,5,-9.8118,-5.6341
13:29,4,-8.0492,-5.7285
13:30,4,-10.2718,-4.9775
13:31,1,-9.1824,-6.2376
13:32,1,-9.927,-4.958
13:33,4,-9.9691,-6.7511
13:34,4,-9.7115,-6.0352
13:35,2,-7.8231,-4.8191
13:36,4,-9.2836,-5.373
13:37,1,-9.704,-4.7346
13:38,1,-9.73,-5.0126
13:39,4,-11.148,-5.9732
13:40,1,-10.5252,-4.9717
13:41,1,-11.0256,-7.2203
13:42,1,-11.4023,-5.3947
13:43,4,-10.1155,-6.5164
14:1,1,-9.2459,-4.9714
14:2,4,-8.4314,-7.5267
14:3,3,-9.1169,-6.5051
14:4,4,-10.0035,-4.7647
14:5,5,-9.2457,-3.2295
14:6,5,-9.1689,-3.2924
14:7,4,-9.6253,-6.2559
14:8,4,-7.7343,-6.9287
14:9,4,-8.3177,-3.4806
14:10,1,-10.4219,-7.2497
14:11,4,-9.9936,-4.6733
14:12,1,-10.8994,-6.0465
14:13,1,-12.3633,-5.8194
14:14,5,-8.5539,-4.5984
14:15,1,-12.051,-4.5033
14:16,4,-11.9042,-4.8202
14:17,1,-9.1174,-5.11
14:18,4,-9.5983,-5.0022
14:19,5,-12.4715,-6.7038
14:20,6,-11.7837,-7.9656
14:21,4,-9.984,-6.4919
14:22,1,-13.6989,-6.9792
14:23,4,-7.4643,-5.1574
14:24,5,-13.9097,-4.5397
14:25,5,-10.2976,-3.8295
14:26,1,-11.5636,-5.3949
14:27,4,-9.9166,-6.0346
14:28,5,-12.7878,-6.5459
14:29,6,-10.7414,-5.6918
14:30,2,-8.4871,-6.5057
14:31,4,-9.9786,-5.5636
14:32,4,-13.577,-6.2154
14:33,4,-12.6013,-7.1033
14:34,5,-12.6934,-2.6621
14:35,1,-9.7536,-2.5492
14:36,1,-10.4934,-7.6561
14:37,1,-10.8617,-5.4696
14:38,4,-9.1494,-7.2614
14:39,4,-11.8587,-7.618
14:40,1,-11.4211,-5.6788
14:41,1,-10.4462,-7.4546
14:42,4,-11.5144,-6.0761
14:43,1,-10.2311,-5.1551
14:44,4,-9.2287,-5.3516
14:45,4,-14.004,-4.1089
14:46,1,-11.5376,-5.3382
14:47,4,-11.1893,-6.7848
14:48,4,-10.9253,-6.7993
14:49,1,-13.1907,-3.3902
14:50,2,-8.2387,-6.595
14:51,4,-10.7023,-6.6348
14:52,7,-8.814,-5.1958
15:1,4,-9.5147,-4.9281
15:2,4,-9.9752,-5.3303
15:3,1,-10.5127,-5.3353
15:4,4,-9.9347,-4.9235
15:5,1,-10.8175,-3.5212
15:6,5,-9.938,-5.2745
15:7,4,-10.5288,-4.3864
15:8,1,-11.9261,-4.6426
15:9,5,-10.7811,-4.0576
15:10,7,-9.6768,-4.4867
15:11,4,-10.9961,-4.5201
15:12,0,-12.3009,-3.006
15:13,7,-9.4586,-5.3199
15:14,4,-12.4704,-5.651
15:15,4,-10.9184,-4.4197
15:16,4,-12.4768,-6.1652
15:17,6,-13.5453,-6.682
15:18,1,-9.3317,-4.5574
15:19,4,-11.6078,-6.1871
15:20,4,-10.5832,-4.7951
15:21,1,-10.6815,-4.3903
15:22,4,-13.2156,-5.5869
15:23,4,-12.6988,-6.8388
15:24,0,-10.7629,-2.396
15:25,4,-11.7511,-7.435
15:26,5,-12.7058,-2.5836
15:27,2,-12.0861,-6.0573
15:28,4,-12.0009,-5.8155
15:29,1,-10.6759,-4.6566
15:30,1,-12.095,-4.816
15:31,1,-12.2436,-5.0903
15:32,1,-12.2292,-5.1964
15:33,1,-12.0462,-5.8242
15:34,6,-11.2183,-5.2228
15:35,1,-11.1996,-3.871
15:36,4,-12.3447,-4.4297
15:37,6,-11.8739,-4.2267
15:38,0,-10.2233,-4.1993
15:39,1,-12.0692,-5.2167
15:40,6,-11.8017,-3.8687
15:41,6,-10.113,-3.5832
15:42,1,-9.1301,-8.1182
15:43,6,-11.5179,-5.5847
15:44,4,-10.591,-6.9323
15:45,6,-7.6282,-4.669
15:46,0,-7.429,-5.3994
15:47,4,-10.0213,-3.1849
15:48,6,-10.9991,-4.5163
15:49,1,-10.2924,-7.6989
15:50,6,-9.1937,-5.6978
15:51,6,-9.843,-2.5936
15:52,1,-7.7633,-5.4258
15:53,1,-10.698,-4.6724
15:54,1,-11.3264,-4.834
15:55,4,-11.7852,-5.2648
15:56,4,-13.3165,-5.057
15:57,6,-12.6374,-4.7497
15:58,1,-13.1788,-3.4009
15:59,1,-9.7561,-4.2858
15:60,4,-11.9287,-4.5892
15:61,6,-9.6318,-4.0981
15:62,6,-11.0659,-4.2333
15:63,0,-11.1331,-2.8952
15:64,6,-10.6341,-4.7009
15:65,1,-9.9757,-5.1525
15:66,1,-10.7509,-6.1619
15:67,0,-11.6231,-3.1363
15:68,6,-11.5725,-4.5043
15:69,6,-8.5131,-4.3233
15:70,0,-11.1617,-2.9156
15:71,0,-11.0485,-2.9421
15:72,1,-12.8477,-4.6957
15:73,6,-12.2634,-5.3148
15:74,1,-10.9594,-4.1389
15:75,4,-10.5152,-4.75
15:76,6,-11.767,-4.5329
15:77,4,-10.0897,-4.3831
15:78,0,-11.0109,-4.0249
15:79,1,-11.0101,-4.4657
15:80,4,-9.6568,-4.3861
15:81,0,-11.1256,-2.8586
15:82,0,-11.3351,-3.2006
15:83,6,-12.2113,-5.4977
15:84,6,-7.6053,-6.8521
15:85,4,-11.3263,-8.6743
15:86,4,-11.4592,-6.6342
15:87,4,-13.1906,-6.4274
15:88,1,-12.1676,-5.0925
15:89,4,-8.6012,-3.9503
15:90,0,-11.4272,-2.9789
15:91,6,-10.4207,-4.7768
15:92,5,-12.1466,-4.6965
15:93,6,-11.3322,-4.1798
15:94,0,-10.9722,-2.728
15:95,6,-10.6199,-4.528
15:96,1,-10.1249,-5.6183
15:97,4,-11.9583,-5.3455
15:98,4,-11.9803,-7.2767
15:99,4,-10.2928,-7.0546
16:1,4,-13.1612,-5.4772
16:2,1,-11.2528,-5.0584
16:3,4,-11.8109,-6.2787
16:4,5,-12.7125,-2.5955
16:5,0,-10.6439,-2.4299
16:6,0,-12.6977,-5.1527
16:7,4,-11.6039,-6.1892
16:8,0,-10.6203,-2.2876
16:9,4,-9.2422,-6.5365
16:10,4,-12.2479,-7.0258
16:11,1,-11.1832,-4.2544
16:12,4,-12.6449,-7.1446
16:13,5,-10.3561,-3.6794
16:14,1,-13.7462,-6.0807
16:15,1,-12.0296,-5.9688
16:16,1,-12.6282,-4.3013
16:17,5,-10.5728,-3.5317
16:18,1,-10.3526,-7.7539
16:19,4,-11.8128,-6.0519
16:20,4,-12.0401,-6.1648
16:21,1,-11.8065,-5.2884
16:22,1,-10.2758,-5.3694
16:23,3,-10.1919,-6.3064
16:24,7,-9.6288,-4.4476
16:25,1,-11.15,-8.2956
16:26,1,-11.5817,-5.4395
16:27,4,-8.6061,-7.5303
16:28,4,-11.0334,-6.1529
16:29,1,-7.6096,-5.4524
16:30,4,-10.1058,-5.9541
16:31,4,-7.5402,-5.2539
16:32,1,-7.5123,-5.2715
16:33,4,-12.6581,-5.4237
16:34,4,-8.6051,-6.169
16:35,4,-10.8963,-6.4504
16:36,4,-14.0219,-4.1777
16:37,4,-10.5396,-5.9671
16:38,1,-10.5639,-5.5364
16:39,1,-10.4609,-5.3709
16:40,1,-11.6836,-6.0888
16:41,1,-9.4255,-7.0178
16:42,4,-10.3677,-5.5556
16:43,1,-10.225,-4.7914
16:44,5,-10.7609,-4.1114
16:45,4,-9.6838,-6.1071
16:46,5,-9.0029,-2.5285
16:47,1,-8.9895,-2.5645
16:48,4,-12.2143,-6.4607
16:49,1,-11.8565,-6.5267
16:50,4,-8.5142,-4.5881
16:51,1,-10.8262,-5.4982
16:52,1,-11.9185,-6.3493
16:53,4,-12.6704,-5.0665
16:54,4,-11.7163,-5.6489
16:55,1,-10.7381,-5.4468
16:56,1,-11.0164,-5.5183
16:57,4,-11.4474,-6.3642
16:58,4,-10.9312,-8.0068
16:59,4,-10.7611,-3.2507
16:60,4,-11.4829,-7.509
16:61,1,-10.7568,-8.0035
16:62,2,-12.6215,-4.7727
16:63,4,-13.7139,-6.9706
16:64,1,-9.3348,-5.0351
16:65,4,-12.2513,-6.9918
16:66,1,-11.5945,-5.3001
16:67,1,-13.3438,-4.9576
16:68,4,-12.5864,-5.7084
16:69,1,-12.8643,-5.6003
16:70,4,-11.4191,-6.3525
16:71,4,-13.0748,-5.4283
16:72,1,-10.6076,-7.1677
16:73,4,-11.377,-6.2002
16:74,4,-10.6651,-5.7012
16:75,4,-10.4736,-5.9147
16:76,4,-11.3284,-6.6631
16:77,4,-11.3557,-8.3451
16:78,1,-11.057,-5.5087
16:79,5,-12.2608,-6.3144
16:80,4,-8.817,-6.3259
16:81,1,-11.725,-6.3232
16:82,1,-10.9385,-4.4492
16:83,4,-8.9099,-6.8883
16:84,1,-10.5659,-6.7607
16:85,1,-8.8957,-6.6448
16:86,4,-11.0244,-6.526
16:87,4,-10.021,-5.3759
16:88,4,-9.1985,-6.2146
16:89,4,-10.3834,-6.7812
16:90,5,-11.5973,-6.4795
16:91,1,-10.4911,-5.7955
16:92,1,-8.1261,-5.5482
16:93,4,-11.0612,-6.2127
16:94,1,-7.9066,-5.5294
16:95,1,-10.553,-5.5931
16:96,4,-10.2516,-5.4146
16:97,5,-10.7429,-8.0196
16:98,4,-13.5931,-6.8021
16:99,1,-9.1246,-8.1047
16:100,1,-9.3617,-4.0483
16:101,1,-10.8052,-5.3734
16:102,4,-11.1702,-5.2848
16:103,1,-11.2127,-5.5268
16:104,4,-9.2809,-5.9173
16:105,7,-9.1641,-5.7117
16:106,4,-8.9951,-6.2209
16:107,3,-8.4413,-7.4743
16:108,7,-8.5415,-5.5094
16:109,6,-9.0118,-5.404
16:110,1,-10.1728,-7.7731
16:111,1,-11.1927,-6.231
16:112,4,-10.1289,-5.466
16:113,4,-10.0484,-5.6514
16:114,1,-10.9577,-7.2031
16:115,1,-9.8942,-7.2918
16:116,4,-10.4473,-5.5824
16:117,0,-9.0864,-5.7342
16:118,1,-10.2093,-5.3648
16:119,1,-10.6455,-7.7907
16:120,1,-9.7523,-2.5139
16:121,1,-10.0935,-3.5429
16:122,4,-10.4779,-6.0248
16:123,1,-9.7082,-2.5442
16:124,1,-8.4768,-9.2144
16:125,1,-11.6703,-7.0445
16:126,4,-9.9018,-4.4997
16:127,1,-10.6893,-5.5746
16:128,4,-10.3323,-5.9161
17:1,4,-8.929,-6.8622
17:2,1,-9.1813,-3.3998
17:3,1,-8.1261,-3.2645
17:4,1,-11.8487,-6.0034
17:5,7,-9.2683,-5.556
17:6,1,-10.8906,-5.5937
17:7,1,-9.6755,-5.0689
17:8,4,-12.6631,-6.2997
17:9,4,-7.6709,-5.9674
17:10,4,-9.3151,-5.6851
17:11,5,-12.6999,-2.5876
17:12,4,-12.7928,-7.2722
17:13,5,-12.6969,-2.6342
17:14,0,-12.0431,-2.7648
17:15,4,-9.1387,-5.0315
17:16,1,-11.1495,-5.9605
17:17,1,-8.0997,-3.2905
17:18,1,-11.1058,-5.7068
17:19,7,-9.7391,-4.4361
17:20,4,-13.1079,-4.8603
17:21,4,-14.1457,-4.0708
17:22,1,-10.4092,-5.6767
17:23,1,-12.4487,-5.1848
17:24,4,-11.0659,-7.1115
17:25,1,-10.3659,-7.5787
17:26,4,-11.3239,-6.2732
17:27,4,-8.8787,-4.1149
17:28,4,-12.6421,-4.9113
17:29,1,-10.4167,-5.7082
17:30,4,-12.7643,-7.8155
17:31,1,-9.3146,-6.3478
17:32,1,-10.5289,-5.7298
17:33,1,-9.4031,-6.6807
17:34,1,-10.4748,-5.5739
17:35,0,-10.5863,-2.3174
17:36,7,-9.1,-7.9385
17:37,1,-12.9448,-5.5746
17:38,4,-13.2651,-5.1029
17:39,4,-10.347,-5.6526
17:40,1,-13.3261,-5.6183
17:41,5,-10.0375,-3.9274
17:42,1,-9.4717,-6.442
17:43,4,-11.3928,-5.5854
17:44,1,-10.5948,-7.8348
17:45,1,-10.0019,-5.1108
17:46,5,-12.1187,-5.3894
17:47,1,-10.0903,-4.6503
17:48,4,-14.1122,-4.0791
17:49,4,-13.1758,-6.4042
17:50,0,-11.4565,-3.5222
17:51,7,-11.9394,-6.4479
17:52,1,-11.0662,-5.6476
17:53,5,-13.7674,-6.9999
17:54,1,-12.2239,-5.9249
17:55,4,-11.8702,-6.71
17:56,1,-11.259,-6.1484
17:57,7,-8.6324,-5.3778
17:58,4,-9.5356,-5.7421
17:59,7,-13.2635,-5.5086
17:60,4,-12.6149,-5.004
17:61,1,-12.5219,-5.4716
17:62,1,-9.8946,-3.4143
17:63,1,-11.1776,-5.5847
17:64,1,-13.4856,-6.7609
17:65,1,-9.1137,-8.1046
17:66,1,-13.7515,-6.0573
17:67,5,-13.8155,-5.8486
17:68,1,-13.4675,-5.2312
17:69,1,-10.6657,-5.059
17:70,4,-13.462,-5.9038
17:71,7,-9.1856,-5.3535
17:72,1,-9.3794,-6.3633
17:73,1,-10.3147,-5.3896
17:74,1,-11.0078,-5.5186
17:75,1,-10.9479,-5.7732
17:76,1,-10.4392,-5.3754
17:77,1,-12.9419,-5.3471
17:78,1,-10.3626,-6.3502
17:79,4,-13.1538,-5.7941
17:80,1,-11.8304,-5.4907
17:81,4,-11.1093,-6.4679
17:82,4,-10.4712,-4.1753
17:83,5,-12.678,-2.6153
17:84,1,-9.4632,-6.6155
17:85,4,-11.0327,-5.2655
17:86,1,-11.2146,-5.0062
17:87,4,-12.703,-5.0583
17:88,5,-12.6321,-3.0855
17:89,1,-9.8631,-4.1001
17:90,4,-10.1635,-6.9083
17:91,4,-11.0949,-3.8179
17:92,4,-9.0365,-2.5544
17:93,4,-10.7029,-6.6513
17:94,4,-10.4111,-6.548
17:95,4,-12.9408,-5.1965
17:96,4,-10.2076,-6.6693
17:97,4,-10.4461,-6.1101
17:98,1,-13.1631,-6.4422
17:99,5,-12.3272,-6.7548
17:100,1,-11.3383,-5.0595
17:101,4,-11.8129,-5.8301
17:102,4,-10.9137,-6.073
17:103,1,-11.3703,-4.8327
17:104,0,-10.6825,-2.4037
17:105,1,-8.7948,-4.0094
17:106,1,-9.8777,-4.2964
17:107,1,-10.2505,-5.4215
17:108,4,-10.7424,-0.0838
17:109,1,-8.6851,-4.5987
17:110,1,-10.8142,-6.0028
17:111,4,-11.7227,-7.5059
18:1,4,-11.7949,-7.6667
18:2,4,-7.6683,-5.9414
18:3,6,-12.1128,-5.4831
18:4,1,-11.1798,-7.246
18:5,1,-9.9821,-5.2954
18:6,4,-10.5058,-5.2768
18:7,4,-10.3835,-4.4875
18:8,6,-11.5985,-4.263
18:9,4,-10.664,-4.6397
18:10,4,-10.91,-5.1834
18:11,0,-10.9505,-2.8758
18:12,1,-11.0813,-5.1659
18:13,1,-10.5163,-4.6325
18:14,4,-11.6066,-6.134
18:15,1,-10.0585,-6.1948
18:16,4,-11.8271,-5.7907
18:17,4,-10.6025,-6.1768
18:18,4,-11.584,-6.1733
18:19,1,-11.1404,-5.3117
18:20,1,-10.185,-5.9227
18:21,1,-11.2463,-8.7941
18:22,4,-9.8168,-8.7092
18:23,4,-10.7705,-5.7812
18:24,5,-12.1447,-5.5696
18:25,0,-9.8178,-8.7806
18:26,4,-11.4831,-6.3986
18:27,4,-11.0763,-5.4581
18:28,1,-12.2902,-5.2562
18:29,2,-13.26,-5.0867
18:30,4,-7.7335,-5.9063
18:31,7,-8.1003,-5.2445
18:32,4,-7.8511,-4.8718
18:33,1,-8.0369,-4.8664
18:34,3,-9.6269,-4.1925
18:35,4,-7.4797,-5.1329
18:36,4,-11.2369,-8.7735
18:37,4,-11.917,-6.4939
18:38,4,-11.2318,-6.0897
18:39,4,-7.5464,-5.1841
18:40,4,-7.7013,-4.8572
18:41,0,-9.004,-2.5217
18:42,1,-9.697,-5.3828
18:43,4,-10.3235,-6.3841
18:44,4,-11.2089,-6.5231
18:45,4,-11.8022,-6.5243
18:46,4,-11.77,-7.0281
18:47,1,-10.7007,-5.0735
18:48,7,-13.0626,-5.0979
18:49,4,-13.2209,-3.3796
18:50,1,-12.9253,-5.155
18:51,1,-12.2335,-6.628
18:52,1,-10.9437,-6.8037
18:53,2,-8.2208,-6.5975
18:54,5,-9.8101,-4.0701
18:55,7,-10.0646,-6.7812
18:56,1,-8.8974,-4.0811
18:57,5,-9.7637,-5.4779
18:58,1,-10.5608,-7.4647
18:59,1,-10.7982,-5.5677
18:60,1,-9.2402,-3.3234
18:61,1,-13.547,-5.6223
18:62,4,-9.6402,-4.7725
18:63,5,-13.7363,-6.8284
18:64,1,-10.2497,-5.3518
18:65,4,-11.5112,-4.648
18:66,1,-9.1994,-3.2801
18:67,6,-9.5849,-4.7183
18:68,0,-11.2053,-3.9401
18:69,4,-11.389,-4.0861
18:70,5,-10.3949,-4.4743
18:71,1,-11.2971,-5.4515
18:72,5,-9.7347,-4.7072
18:73,0,-10.8567,-2.4869
18:74,1,-9.4527,-6.596
18:75,5,-9.7274,-4.6724
18:76,3,-9.8804,-6.1676
18:77,1,-10.3127,-6.2901
18:78,1,-10.7323,-5.3649
18:79,1,-13.5509,-5.3669
18:80,1,-12.1179,-4.7601
18:81,4,-11.5686,-6.0566
18:82,4,-10.9206,-5.9472
18:83,5,-10.5065,-3.8082
18:84,4,-11.7039,-6.8409
18:85,0,-10.858,-3.0688
18:86,4,-12.7657,-4.4847
18:87,1,-9.8353,-5.5626
18:88,4,-10.3758,-4.8828
18:89,6,-10.7728,-3.1185
18:90,1,-12.7901,-4.5666
18:91,0,-11.0556,-2.7486
18:92,6,-10.6981,-3.1338
18:93,1,-12.559,-4.8392
18:94,1,-11.4524,-6.6037
18:95,1,-11.3709,-5.7211
18:96,2,-8.2108,-7.4813
18:97,0,-11.2187,-2.9017
18:98,4,-11.6719,-5.2429
18:99,1,-13.3125,-3.9484
18:100,4,-8.3561,-7.5074
18:101,1,-9.1024,-4.6897
18:102,1,-8.4504,-7.5332
18:103,6,-9.4038,-5.5689
18:104,4,-10.334,-4.3689
18:105,3,-8.7219,-5.9314
18:106,1,-9.6383,-6.1703
18:107,4,-7.7527,-5.2534
18:108,0,-11.2715,-2.7278
18:109,4,-13.646,-5.8711
18:110,4,-10.7023,-4.1637
19:1,6,-12.6555,-4.1513
19:2,5,-11.9547,-5.5723
19:3,4,-9.1207,-7.2986
19:4,4,-12.8622,-5.4287
19:5,1,-8.675,-4.5863
19:6,4,-12.878,-5.157
19:7,4,-11.7604,-5.9712
19:8,4,-11.3388,-5.5424
19:9,4,-10.3133,-4.7859
19:10,1,-9.8237,-8.7699
19:11,4,-12.1754,-5.4457
19:12,1,-10.1738,-6.4527
19:13,4,-11.2063,-4.7422
19:14,6,-12.9859,-4.9419
19:15,0,-12.6933,-6.7895
19:16,0,-12.969,-6.0492
19:17,1,-10.1691,-4.4674
19:18,4,-11.382,-5.7473
19:19,4,-10.9919,-3.9937
19:20,4,-11.3347,-5.4409
19:21,4,-10.2297,-4.7877
19:22,0,-10.7431,-3.7432
19:23,5,-10.3148,-4.2277
19:24,4,-13.3482,-5.1329
19:25,1,-7.9042,-4.8787
19:26,1,-12.6434,-5.2403
19:27,0,-10.6819,-2.6898
19:28,1,-10.325,-6.9144
19:29,4,-13.3931,-4.2114
19:30,4,-9.5798,-4.9335
19:31,1,-10.192,-5.2031
19:32,6,-13.2069,-5.0303
19:33,1,-12.6138,-6.7212
19:34,4,-11.3137,-7.9136
19:35,1,-11.2597,-7.0815
19:36,1,-10.0991,-3.5164
19:37,1,-9.6433,-5.9914
19:38,1,-10.8115,-4.7153
19:39,0,-10.6657,-2.4169
19:40,4,-12.6233,-6.3175
19:41,5,-9.739,-2.5212
19:42,0,-10.586,-2.6756
19:43,1,-10.6649,-5.4847
19:44,4,-13.7258,-6.9594
19:45,1,-8.6126,-4.9204
19:46,1,-7.255,-6.1132
19:47,1,-10.3345,-7.7229
19:48,4,-13.0236,-5.0761
19:49,4,-11.3413,-5.9013
19:50,1,-10.7098,-4.6883
19:51,5,-9.1222,-3.2944
19:52,4,-10.507,-4.4376
19:53,1,-9.7482,-3.1141
19:54,5,-11.5055,-6.2437
19:55,4,-10.0088,-5.2588
19:56,5,-13.2214,-5.121
19:57,0,-11.3429,-3.7288
19:58,7,-8.4872,-5.3694
19:59,1,-10.4917,-6.4195
19:60,7,-10.1554,-8.0398
19:61,4,-7.8674,-4.8758
19:62,1,-9.1157,-4.586
19:63,4,-8.2102,-4.9679
19:64,4,-13.4245,-4.9889
19:65,4,-11.5597,-7.0015
19:66,5,-12.7041,-2.6479
19:67,5,-12.6643,-2.6616
19:68,1,-12.5057,-5.4008
19:69,4,-11.7835,-6.9269
19:70,1,-11.2414,-4.7238
19:71,4,-11.9621,-5.5292
19:72,1,-10.3429,-4.9592
19:73,4,-8.3983,-7.4408
19:74,4,-10.1652,-4.0563
19:75,4,-11.0252,-8.3865
19:76,4,-11.5124,-7.3403
19:77,4,-8.1525,-7.6089
19:78,1,-10.9497,-6.9144
19:79,4,-9.5926,-5.4289
19:80,0,-11.3168,-2.9279
19:81,4,-10.5682,-6.3517
19:82,4,-11.3121,-3.9772
19:83,5,-12.9182,-6.5246
19:84,1,-10.5794,-5.3131
19:85,4,-11.1233,-4.9363
19:86,1,-13.1562,-3.5022
19:87,1,-10.8444,-6.8533
19:88,6,-11.1358,-7.1662
19:89,6,-11.0609,-4.5409
19:90,1,-11.4383,-6.5901
19:91,6,-11.1992,-7.1105
19:92,6,-11.2316,-7.2104
19:93,4,-11.9923,-6.7207
19:94,6,-10.2816,-4.9944
19:95,6,-11.8185,-4.3238
19:96,4,-7.8973,-5.6402
19:97,1,-9.4059,-4.2108
19:98,4,-10.0503,-4.0729
20:1,6,-11.823,-4.0453
20:2,0,-11.3164,-3.352
20:3,5,-8.5818,-4.5628
20:4,4,-12.2608,-7.6483
20:5,6,-11.6648,-6.2962
20:6,4,-11.9657,-6.9119
20:7,4,-9.1527,-7.3137
20:8,4,-11.3417,-6.0925
20:9,0,-9.4417,-2.9238
20:10,2,-8.1557,-6.5755
20:11,6,-9.2901,-3.5897
20:12,4,-10.8318,-3.9048
20:13,0,-9.5366,-4.2315
20:14,5,-10.6873,-3.9265
20:15,4,-11.2045,-8.8312
20:16,1,-10.2314,-5.4078
20:17,0,-11.7851,-2.9667
20:18,1,-9.5931,-6.1238
20:19,0,-11.4841,-3.0321
20:20,6,-12.3308,-5.9679
20:21,7,-8.6588,-5.39
20:22,0,-10.632,-2.3605
20:23,0,-11.4228,-3.271
20:24,4,-11.5427,-5.0424
20:25,6,-12.5088,-5.1137
20:26,6,-12.3416,-4.8799
20:27,6,-11.207,-4.6951
20:28,0,-12.2015,-4.6162
20:29,6,-11.2498,-5.1949
20:30,0,-9.9233,-3.0268
20:31,0,-10.842,-3.5181
20:32,0,-12.4412,-4.9553
20:33,6,-10.0407,-4.692
20:34,5,-10.3448,-3.5922
20:35,6,-11.0674,-4.7048
20:36,0,-11.4761,-3.1126
20:37,6,-9.8159,-4.5501
20:38,6,-11.7107,-3.8339
20:39,3,-10.473,-6.3976
20:40,1,-10.6744,-5.7143
20:41,0,-11.3426,-3.6192
20:42,0,-10.3843,-2.968
20:43,4,-11.46,-4.9007
20:44,5,-8.6735,-4.5308
20:45,4,-8.4974,-4.5874
20:46,1,-8.8657,-4.6774
20:47,4,-10.1731,-6.2723
20:48,4,-12.293,-4.6056
20:49,4,-9.3419,-3.6026
20:50,4,-11.5157,-6.3426
20:51,7,-9.5409,-4.414
20:52,5,-13.3841,-5.2198
20:53,1,-12.2233,-6.9982
20:54,7,-9.8639,-4.5428
20:55,0,-10.709,-2.3474
20:56,4,-12.5447,-4.4661
20:57,0,-10.8183,-2.5072
20:58,1,-10.8109,-5.1399
20:59,1,-13.2229,-5.2444
20:60,1,-11.3439,-4.6955
20:61,4,-9.1987,-3.3117
20:62,6,-11.3035,-4.8324
20:63,1,-11.1381,-5.409
20:64,1,-11.2738,-4.9512
20:65,7,-9.1446,-3.6234
20:66,3,-10.8864,-5.348
20:67,1,-8.5528,-4.6866
20:68,4,-9.0823,-7.0508
20:69,1,-11.1893,-5.0204
20:70,1,-9.5822,-3.7848
20:71,1,-10.8799,-4.8139
20:72,4,-12.173,-5.6625
20:73,1,-10.323,-7.425
20:74,4,-12.6162,-6.5546
20:75,7,-8.7905,-5.4225
20:76,1,-7.7665,-4.9147
20:77,1,-9.2272,-3.3815
20:78,1,-12.7692,-5.3341
20:79,6,-11.5784,-4.6921
20:80,1,-11.8169,-5.8533
20:81,1,-10.854,-7.2704
20:82,1,-10.274,-7.9085
20:83,0,-11.7561,-3.1789
20:84,7,-8.5549,-5.6102
20:85,4,-10.8825,-4.6694
20:86,1,-9.1448,-3.2831
20:87,1,-11.7436,-5.1671
20:88,1,-9.5889,-4.1649
20:89,1,-12.6705,-6.3102
20:90,1,-8.8926,-4.6484
20:91,1,-10.2389,-7.1768
20:92,1,-12.2408,-4.6581
20:93,5,-12.6008,-5.3234
20:94,1,-9.1076,-4.7719
20:95,6,-12.6436,-4.7964
20:96,1,-10.58,-6.1385
20:97,5,-11.3452,-5.3099
20:98,4,-11.3402,-6.5275
20:99,5,-10.1861,-4.6513
20:100,4,-11.9738,-5.451
20:101,0,-11.1187,-2.8467
20:102,1,-13.364,-3.7655
20:103,1,-10.5181,-5.1804
20:104,1,-10.3587,-5.1124
20:105,5,-10.6539,-3.7878
20:106,0,-8.7351,-3.8706
20:107,6,-11.7192,-4.532
20:108,1,-8.9541,-4.69
20:109,4,-10.8745,-6.6464
20:110,1,-11.8731,-6.1575
20:111,1,-11.9586,-5.3236
20:112,4,-8.0473,-5.4956
20:113,5,-9.7013,-4.6555
20:114,4,-11.4345,-6.6805
20:115,0,-10.6644,-2.3715
20:116,1,-12.5679,-5.3877
20:117,1,-8.1678,-4.9485
20:118,1,-9.9973,-5.0759
20:119,6,-12.2351,-4.8093
20:120,1,-13.6281,-6.9929
20:121,1,-13.3946,-4.9597
20:122,4,-12.7839,-4.8092
20:123,1,-10.5573,-6.3026
20:124,5,-12.1111,-5.733
20:125,4,-11.5421,-4.913
20:126,5,-10.6912,-2.3786
20:127,4,-9.6798,-5.5856
20:128,7,-10.395,-5.6389
20:129,4,-12.1073,-5.5633
20:130,4,-12.4344,-7.2447
20:131,1,-11.8711,-5.0855
20:132,1,-9.9251,-5.8681
20:133,7,-12.8475,-4.9825
20:134,4,-9.7743,-6.2306
20:135,4,-11.5917,-5.0722
21:1,4,-10.5169,-5.2784
21:2,5,-12.599,-4.573
21:3,4,-9.7909,-4.31
21:4,4,-11.7476,-6.6779
21:5,3,-11.2871,-5.2197
21:6,6,-10.5741,-4.2463
21:7,1,-10.3036,-4.7629
21:8,1,-9.9117,-5.178
21:9,1,-10.4288,-4.9125
21:10,0,-10.6398,-2.6577
21:11,0,-10.7716,-2.2952
21:12,4,-10.2906,-4.493
21:13,1,-12.7062,-6.2574
21:14,4,-10.875,-5.1432
21:15,1,-10.1833,-7.121
21:16,4,-12.3169,-6.6134
21:17,1,-10.2614,-6.1761
21:18,1,-11.1625,-5.8556
21:19,4,-12.6429,-6.0706
21:20,1,-12.8489,-7.2779
21:21,4,-12.1311,-6.0174
21:22,1,-11.4957,-6.5223
21:23,4,-10.4298,-5.1601
21:24,5,-10.2283,-6.3283
21:25,1,-10.5849,-4.4354
21:26,1,-11.2094,-7.154
21:27,0,-10.9573,-3.5126
21:28,1,-10.3011,-5.0985
21:29,4,-10.2157,-4.4162
21:30,4,-12.3369,-6.7286
21:31,1,-11.1228,-3.8622
21:32,4,-12.4025,-5.9017
21:33,4,-12.7497,-7.2726
21:34,1,-12.0078,-4.4978
21:35,1,-12.8189,-6.0379
21:36,5,-9.4324,-6.2746
21:37,5,-12.5604,-2.6794
21:38,0,-10.7388,-0.0747
21:39,2,-8.3166,-6.5632
21:40,1,-9.4639,-4.8412
21:41,4,-10.0032,-4.5577
21:42,5,-12.1434,-5.4712
21:43,3,-9.3495,-5.079
21:44,1,-13.3802,-5.2016
21:45,1,-9.0169,-4.5512
21:46,4,-10.5345,-5.8324
21:47,3,-11.4634,-5.3707
21:48,5,-9.3046,-3.3129
21:49,4,-8.4409,-4.699
21:50,5,-10.3483,-3.7279
21:51,4,-9.7646,-2.5564
21:52,1,-10.3163,-3.8933
21:53,0,-10.8699,-3.4979
21:54,4,-10.6481,-4.0102
21:55,4,-10.8422,-4.6102
21:56,4,-10.9985,-7.0232
21:57,1,-10.5593,-5.0873
21:58,1,-12.737,-6.2029
21:59,4,-11.0325,-5.0616
21:60,5,-9.9494,-2.6722
21:61,1,-10.3681,-6.8175
21:62,0,-11.0685,-2.78
21:63,0,-10.8815,-2.7073
21:64,1,-10.7791,-4.9337
21:65,1,-11.0103,-5.4238
21:66,1,-10.9057,-6.1124
21:67,4,-11.3458,-5.4192
21:68,2,-10.8035,-4.8793
21:69,0,-10.7649,-2.6358
21:70,0,-11.1262,-3.5229
21:71,1,-10.4771,-4.7082
21:72,0,-10.5476,-2.3506
21:73,1,-11.0776,-5.1354
21:74,1,-11.1774,-5.3923
21:75,4,-7.502,-5.4354
21:76,1,-12.792,-6.3771
21:77,4,-9.4899,-5.8756
21:78,1,-11.498,-6.7669
21:79,1,-11.5483,-6.4655
21:80,1,-12.0899,-6.1543
21:81,4,-10.2086,-4.8546
21:82,4,-11.5772,-5.2491
21:83,4,-11.1844,-7.3782
21:84,5,-11.953,-6.4701
21:85,4,-11.7269,-6.3543
21:86,4,-7.4806,-5.4372
21:87,1,-11.3324,-5.5056
21:88,1,-12.3002,-6.1905
21:89,5,-11.8793,-5.2903
21:90,1,-12.2143,-6.519
21:91,4,-10.3457,-4.6034
21:92,1,-10.7062,-4.0303
21:93,1,-12.0071,-5.0243
21:94,4,-8.0717,-5.5235
21:95,1,-12.7253,-6.237
21:96,5,-10.4816,-3.7418
21:97,1,-10.5474,-5.3102
21:98,1,-11.5631,-5.6089
21:99,1,-11.334,-5.7654
21:100,0,-10.9184,-2.5624
21:101,7,-9.5,-5.3028
21:102,0,-10.9557,-2.5603
21:103,1,-10.7994,-5.2763
21:104,7,-11.9287,-6.8172
21:105,5,-12.1315,-6.7369
21:106,6,-11.2995,-4.4215
21:107,4,-10.4275,-4.169
21:108,4,-11.0071,-4.974
21:109,1,-11.5256,-4.0598
21:110,1,-11.7082,-6.38
21:111,4,-11.572,-5.1946
21:112,4,-11.3214,-6.2356
22:1,4,-11.2446,-8.7739
22:2,1,-12.0102,-6.0564
22:3,4,-13.4026,-6.9702
22:4,1,-9.3911,-5.5944
22:5,4,-9.499,-7.557
22:6,4,-11.4871,-6.6872
22:7,4,-11.2603,-8.8053
22:8,4,-10.8534,-6.2355
22:9,4,-9.5182,-6.1656
22:10,1,-9.1754,-8.0757
22:11,4,-9.8005,-6.3005
22:12,4,-10.8619,-5.9284
22:13,4,-11.1369,-4.594
22:14,4,-7.4565,-5.2442
22:15,1,-10.1605,-5.4185
22:16,4,-11.0196,-5.8428
22:17,4,-10.6256,-6.7415
22:18,5,-12.6031,-6.8628
22:19,2,-8.7454,-6.3
22:20,0,-11.4259,-3.6355
22:21,6,-11.4425,-4.5421
22:22,1,-8.7494,-6.414
22:23,4,-7.4598,-5.1786
22:24,4,-11.6917,-7.4131
22:25,4,-8.8661,-6.8017
22:26,1,-11.0052,-5.1852
22:27,1,-9.2303,-4.6905
22:28,5,-10.4685,-6.3581
22:29,1,-11.0581,-5.1052
22:30,4,-12.9571,-5.9807
22:31,4,-11.3846,-6.5485
22:32,4,-10.8686,-7.177
22:33,1,-11.2295,-5.4097
22:34,5,-10.6231,-6.4687
22:35,5,-10.0608,-5.5914
22:36,5,-10.3229,-6.5683
22:37,4,-10.8938,-6.801
22:38,3,-10.1205,-6.3016
22:39,4,-9.1915,-6.1365
22:40,5,-10.7571,-6.6273
22:41,1,-9.7472,-5.243
22:42,4,-8.2545,-3.359
22:43,0,-9.7675,-2.6077
22:44,1,-8.7349,-6.9404
22:45,4,-10.4502,-5.9833
22:46,1,-13.1275,-5.6425
22:47,4,-13.2667,-5.3697
22:48,1,-10.4856,-6.0635
22:49,4,-8.6327,-3.9083
22:50,1,-8.0326,-5.8079
22:51,7,-9.8552,-3.7985
22:52,4,-13.7469,-6.9416
22:53,4,-13.7033,-6.9808
22:54,4,-10.8104,-6.4581
22:55,4,-9.1023,-6.3706
22:56,4,-7.7375,-5.0464
22:57,7,-8.9778,-5.7873
22:58,4,-9.1945,-6.8386
22:59,1,-7.5223,-5.4418
22:60,1,-10.4331,-7.6197
22:61,1,-12.8392,-7.3438
22:62,4,-11.1541,-6.4875
22:63,5,-12.4985,-6.9624
22:64,4,-7.7391,-6.9762
22:65,5,-13.7102,-6.1381
22:66,5,-12.6826,-6.849
22:67,5,-10.6165,-4.1399
22:68,4,-11.2455,-6.0009
22:69,1,-8.4836,-9.2279
22:70,5,-12.3565,-6.55
22:71,1,-9.2484,-8.0006
22:72,2,-8.8555,-6.8027
22:73,1,-9.5521,-4.66
22:74,4,-10.9094,-7.1771
22:75,4,-10.6732,-6.4809
22:76,1,-12.2329,-6.3062
22:77,1,-10.0171,-6.0026
22:78,4,-9.8079,-7.1387
23:1,0,-11.1015,-3.7019
23:2,6,-10.0427,-5.0717
23:3,6,-11.1852,-5.0697
23:4,6,-11.3781,-5.2518
23:5,6,-11.3138,-4.658
23:6,1,-11.9914,-4.8826
23:7,7,-8.6025,-5.3397
23:8,6,-11.5474,-5.3213
23:9,6,-10.6951,-4.697
23:10,7,-8.4374,-5.4588
23:11,4,-8.2021,-5.3569
23:12,5,-12.6948,-2.577
23:13,1,-11.5694,-4.942
23:14,4,-12.0104,-6.8169
23:15,6,-11.3884,-4.9824
23:16,1,-11.9999,-5.1187
23:17,1,-12.1422,-6.484
23:18,4,-12.3175,-6.8546
23:19,1,-9.601,-4.7653
23:20,1,-11.0694,-5.6146
23:21,1,-9.7556,-4.8549
23:22,0,-11.2115,-3.2615
23:23,1,-8.3103,-3.4274
23:24,7,-12.888,-4.8705
23:25,1,-10.076,-6.6723
23:26,4,-12.4144,-5.1443
23:27,4,-10.887,-5.5285
23:28,4,-11.8407,-7.5942
23:29,4,-11.7933,-5.9983
23:30,4,-10.134,-4.7208
23:31,6,-10.6074,-3.1575
23:32,4,-10.3349,-4.9625
23:33,4,-12.9288,-4.6675
23:34,4,-9.951,-4.5389
23:35,1,-13.149,-6.4527
23:36,0,-12.3324,-4.7257
23:37,4,-12.4545,-6.2567
23:38,4,-10.0155,-5.6888
23:39,4,-12.4341,-5.0529
23:40,1,-11.4435,-4.8814
23:41,1,-12.2517,-5.4371
23:42,6,-10.5327,-3.0874
23:43,1,-10.9128,-3.4996
23:44,4,-10.4699,-5.4562
23:45,1,-9.371,-3.134
23:46,0,-10.5987,-2.9755
23:47,0,-10.7594,-2.3849
23:48,4,-12.5305,-4.4534
23:49,1,-9.2377,-3.365
23:50,4,-11.3421,-7.8568
23:51,1,-10.357,-5.8269
23:52,4,-10.7363,-3.9242
23:53,1,-12.64,-4.9942
23:54,6,-10.1447,-7.1066
23:55,4,-11.4891,-4.8936
23:56,4,-11.6252,-5.049
23:57,4,-8.5066,-4.7093
23:58,4,-10.2573,-5.2861
23:59,6,-11.4955,-5.4053
23:60,4,-12.6254,-6.0487
23:61,7,-11.154,-2.9895
23:62,1,-9.8374,-5.1358
23:63,1,-11.3477,-4.9537
23:64,1,-10.0382,-6.9379
23:65,1,-9.7715,-4.9525
23:66,0,-10.7452,-2.2883
23:67,0,-10.5687,-3.2237
23:68,7,-9.9285,-4.7
23:69,0,-11.0454,-2.8478
23:70,4,-7.7828,-4.8304
23:71,5,-11.6385,-6.2467
23:72,4,-13.2216,-5.2103
23:73,1,-10.0671,-3.5295
23:74,4,-9.8245,-5.1604
23:75,4,-10.9747,-6.0905
23:76,4,-9.6647,-5.8454
23:77,1,-9.6902,-6.4415
23:78,1,-12.1666,-6.8796
23:79,1,-11.7463,-6.8512
23:80,1,-12.7327,-7.0512
23:81,7,-9.7095,-4.4806
23:82,4,-13.2199,-6.4271
23:83,7,-9.818,-4.6314
23:84,4,-11.0057,-5.5712
23:85,5,-10.4845,-3.6586
23:86,4,-11.6805,-6.8319
23:87,4,-10.4778,-3.9667
23:88,4,-11.3023,-6.6566
23:89,4,-10.3221,-3.9776
23:90,4,-11.0244,-5.0361
23:91,1,-11.2006,-7.061
23:92,4,-11.4219,-7.4251
23:93,4,-12.0937,-4.7102
23:94,4,-11.2596,-5.2849
23:95,6,-11.3988,-3.9135
23:96,1,-10.7394,-5.3055
23:97,4,-13.1044,-5.5884
23:98,6,-12.8604,-5.4759
23:99,1,-12.6539,-6.237
23:100,1,-8.4834,-9.2304
23:101,5,-13.4527,-4.2781
23:102,7,-8.5724,-5.5324
23:103,7,-8.7155,-6.5424
23:104,2,-8.1869,-6.6861
23:105,5,-13.138,-5.9713
23:106,4,-11.13,-5.7625
23:107,4,-11.2008,-5.325
23:108,6,-12.6082,-5.2411
23:109,1,-10.3444,-7.6323
23:110,5,-10.5191,-4.0477
23:111,4,-10.6465,-5.0748
23:112,0,-11.0646,-2.921
23:113,4,-11.0292,-3.6953
23:114,1,-11.0339,-5.2889
23:115,1,-12.7254,-6.2241
23:116,4,-11.5304,-6.7534
23:117,4,-9.9552,-5.8523
23:118,1,-10.4261,-7.64
24:1,5,-10.4687,-3.9853
24:2,4,-9.8361,-5.3696
24:3,1,-11.3201,-5.1021
24:4,7,-10.6984,-6.7669
24:5,1,-10.2139,-7.9088
24:6,1,-10.604,-6.9845
24:7,4,-13.307,-5.3599
24:8,4,-12.8109,-4.9761
24:9,4,-11.9907,-5.0568
24:10,4,-11.2287,-6.7369
24:11,1,-11.6927,-5.8218
24:12,1,-11.9,-4.7896
24:13,7,-12.8977,-4.9945
24:14,4,-10.7713,-6.6023
24:15,1,-9.3564,-8.0467
24:16,1,-13.2163,-6.4385
24:17,4,-12.6499,-6.3529
24:18,4,-11.2114,-6.7809
24:19,3,-9.8303,-6.2999
24:20,4,-11.0008,-6.8478
24:21,1,-13.7362,-7.0347
24:22,7,-9.9907,-7.6034
24:23,1,-10.6773,-6.6848
24:24,0,-10.6966,-2.4602
24:25,4,-11.0734,-6.2777
24:26,7,-9.8149,-6.8506
24:27,5,-8.6667,-5.8618
24:28,1,-12.5372,-6.2531
24:29,1,-8.465,-5.8641
24:30,4,-11.466,-5.3668
24:31,4,-9.5735,-7.5698
24:32,4,-7.7027,-6.7828
24:33,1,-9.7757,-7.4256
24:34,1,-10.0926,-4.5124
24:35,4,-10.2602,-6.5357
24:36,5,-10.9673,-6.6297
24:37,5,-9.9809,-5.4984
24:38,4,-9.9948,-5.2076
24:39,4,-9.0421,-6.0703
24:40,4,-10.5149,-5.4086
24:41,5,-12.6078,-6.8178
24:42,4,-11.4574,-6.8753
24:43,5,-12.6744,-6.647
24:44,7,-12.6811,-7.2088
24:45,4,-11.9645,-6.5189
24:46,1,-10.1296,-3.5361
24:47,7,-9.8682,-4.8207
24:48,4,-11.2428,-6.1016
24:49,4,-10.8091,-4.771
24:50,7,-8.7837,-5.4872
24:51,7,-8.9733,-5.8716
24:52,7,-8.7098,-5.4077
24:53,4,-10.3671,-5.5373
24:54,4,-8.9213,-4.8272
24:55,7,-9.6984,-5.8674
24:56,1,-9.5541,-5.0589
24:57,2,-8.5129,-6.4532
24:58,4,-9.411,-7.5143
24:59,1,-12.879,-4.6536
24:60,1,-10.8183,-8.0549
24:61,4,-9.441,-7.5483
24:62,7,-10.1428,-7.4847
24:63,1,-10.2762,-5.7989
24:64,5,-12.5365,-6.5369
25:1,1,-10.2588,-5.6935
25:2,4,-11.6117,-7.1143
25:3,1,-11.0923,-6.6553
25:4,1,-9.1987,-6.029
25:5,7,-9.6106,-4.4561
25:6,1,-10.3879,-7.7109
25:7,1,-9.8337,-5.4378
25:8,4,-10.1941,-4.9859
25:9,4,-14.1385,-4.0652
25:10,4,-7.6772,-4.932
25:11,4,-11.2292,-8.7715
25:12,1,-9.0384,-4.6751
25:13,1,-10.7536,-5.2427
25:14,1,-10.0101,-5.1888
25:15,4,-7.8302,-4.8025
25:16,4,-11.581,-5.6792
25:17,4,-9.487,-6.4337
25:18,5,-11.3031,-6.9822
25:19,1,-9.4907,-5.5871
25:20,1,-10.1163,-5.259
25:21,1,-12.0862,-5.2737
25:22,1,-10.2461,-5.194
25:23,4,-11.2441,-3.8074
25:24,4,-8.0332,-5.182
25:25,1,-12.2997,-6.2319
25:26,4,-8.3637,-7.4492
25:27,1,-9.5788,-6.4502
25:28,1,-11.4907,-5.7199
25:29,5,-13.7122,-6.9595
25:30,4,-10.2751,-6.1153
25:31,1,-13.2107,-3.6094
25:32,1,-9.7322,-5.365
25:33,4,-10.3776,-4.4339
25:34,7,-8.4899,-5.552
25:35,0,-9.993,-2.8701
25:36,4,-10.9187,-5.5834
25:37,1,-8.145,-3.274
25:38,4,-8.6338,-3.4338
25:39,4,-10.0301,-4.215
25:40,1,-10.8224,-5.5697
25:41,1,-9.8329,-6.2714
25:42,1,-9.4493,-5.7292
25:43,1,-9.9501,-6.3443
25:44,1,-9.1903,-4.8489
25:45,5,-13.8448,-4.535
25:46,4,-11.5784,-4.5623
25:47,1,-12.652,-7.2326
25:48,4,-12.4412,-5.7535
25:49,4,-11.6705,-6.4514
25:50,5,-9.9019,-4.1193
25:51,1,-8.7701,-3.8558
25:52,0,-8.4828,-7.5366
25:53,1,-13.7432,-6.0473
25:54,4,-12.0998,-6.625
25:55,4,-10.7701,-6.0031
25:56,6,-8.7633,-3.9923
25:57,1,-7.3008,-6.1685
25:58,4,-12.3997,-6.7042
25:59,4,-12.16,-6.8197
25:60,1,-11.0129,-5.2325
25:61,4,-12.3042,-6.418
25:62,5,-12.7756,-7.2793
25:63,1,-13.3888,-5.2448
25:64,4,-10.5711,-5.6982
25:65,4,-9.2155,-5.8397
25:66,6,-10.8072,-3.2356
25:67,1,-10.6641,-5.4711
25:68,1,-9.503,-6.5826
25:69,0,-9.3629,-5.8428
25:70,7,-10.1804,-8.0566
25:71,4,-10.1651,-8.0508
25:72,1,-10.7522,-6.6138
25:73,5,-9.8952,-5.4593
25:74,1,-10.4082,-7.2217
25:75,7,-8.2522,-5.5594
25:76,0,-10.9889,-2.9222
25:77,1,-13.3944,-5.1388
26:1,6,-12.0686,-4.0152
26:2,0,-12.0441,-2.8094
26:3,4,-10.0666,-4.8606
26:4,1,-12.4267,-5.7474
26:5,5,-12.5349,-4.5936
26:6,4,-12.6577,-4.782
26:7,1,-12.8041,-4.961
26:8,4,-9.5911,-4.211
26:9,4,-11.756,-7.9213
26:10,4,-9.2648,-3.2876
26:11,5,-10.0327,-3.1421
26:12,4,-8.4665,-4.5829
26:13,0,-11.0429,-2.6518
26:14,6,-8.456,-4.5697
26:15,1,-9.2829,-4.6965
26:16,4,-10.863,-4.4221
26:17,0,-11.0373,-2.6994
26:18,5,-12.7369,-5.4838
26:19,4,-8.4144,-7.5107
26:20,4,-11.018,-3.9565
26:21,1,-8.7147,-4.564
26:22,4,-11.8782,-5.8857
26:23,4,-10.8284,-4.3621
26:24,4,-11.7804,-6.9854
26:25,0,-9.1967,-4.5085
26:26,7,-9.731,-4.5758
26:27,1,-10.6281,-5.3664
26:28,4,-11.5795,-7.0105
26:29,1,-10.1379,-6.21
26:30,6,-10.9579,-4.7095
26:31,4,-10.5959,-4.2573
26:32,6,-10.9682,-4.4832
26:33,1,-11.9891,-4.5811
26:34,4,-13.5557,-5.7546
26:35,1,-11.2034,-5.4852
26:36,0,-10.1587,-2.9257
26:37,6,-13.3207,-5.0439
26:38,1,-10.1679,-4.2283
26:39,6,-9.347,-4.5645
26:40,4,-9.84,-3.9487
26:41,4,-9.628,-3.9777
26:42,4,-11.1534,-4.354
26:43,6,-9.2934,-3.3922
26:44,3,-11.0291,-5.3419
26:45,0,-10.7804,-2.6015
26:46,6,-9.7968,-3.7842
26:47,4,-10.7859,-4.6669
26:48,6,-9.3422,-3.0099
26:49,1,-10.8354,-4.9029
26:50,4,-11.2437,-5.3833
26:51,7,-10.1976,-7.5124
26:52,1,-9.2401,-3.2065
26:53,0,-11.174,-2.814
26:54,6,-12.1899,-4.8797
26:55,6,-11.5484,-4.7054
26:56,6,-8.7008,-3.9099
26:57,6,-7.9149,-4.7926
26:58,0,-11.4835,-3.4879
26:59,0,-10.8289,-2.6791
26:60,6,-12.2969,-5.0295
26:61,1,-9.193,-3.2471
26:62,4,-12.5782,-4.4402
26:63,1,-9.2481,-3.5123
26:64,6,-10.2788,-3.0651
26:65,1,-9.2145,-3.3135
26:66,6,-10.2938,-3.0171
26:67,4,-9.5044,-4.1985
26:68,4,-11.7843,-7.9372
26:69,0,-9.9339,-2.5951
26:70,0,-10.6469,-2.9197
26:71,4,-11.0485,-4.8242
26:72,0,-9.1814,-4.6072
26:73,6,-8.991,-2.5257
26:74,0,-10.8566,-3.2203
26:75,4,-8.134,-7.5637
26:76,0,-10.9579,-3.0085
26:77,4,-10.5358,-4.8909
26:78,6,-12.1049,-6.3934
26:79,6,-9.904,-5.3487
26:80,0,-11.4389,-3.0301
26:81,6,-12.6366,-6.8728
26:82,1,-10.207,-7.6486
26:83,4,-11.4632,-6.3368
26:84,6,-10.2518,-3.0829
26:85,4,-7.5699,-4.7021
26:86,1,-10.382,-7.5097
26:87,0,-11.628,-2.8775
26:88,0,-11.5865,-3.1367
26:89,4,-11.9248,-4.6719
26:90,6,-7.8831,-4.5005
26:91,6,-9.8987,-3.5987
26:92,0,-11.3368,-2.8303
26:93,4,-10.5153,-6.4493
26:94,0,-11.4314,-3.3461
26:95,0,-12.3035,-4.993
26:96,0,-11.5056,-3.3431
26:97,4,-10.9842,-4.717
26:98,6,-10.8334,-4.3258
26:99,6,-13.181,-3.3436
26:100,0,-11.7183,-2.8359
26:101,0,-11.9596,-2.8864
26:102,4,-10.5852,-4.2686
26:103,4,-9.5859,-4.236
26:104,4,-11.7824,-7.942
26:105,6,-8.3097,-3.3102
26:106,5,-9.7123,-3.0349
26:107,6,-7.0467,-3.8969
26:108,6,-8.4222,-4.2465
26:109,4,-7.2299,-6.1203
26:110,6,-8.4012,-4.2295
26:111,1,-10.5341,-4.5466
26:112,0,-11.287,-2.7937
26:113,4,-11.7178,-5.0367
26:114,0,-10.9661,-3.7151
26:115,6,-8.6638,-3.9038
26:116,1,-10.8795,-5.0446
26:117,4,-12.6796,-4.9982
26:118,1,-10.7686,-4.9085
26:119,1,-10.995,-5.4149
26:120,6,-10.372,-3.0661
26:121,4,-9.556,-4.2316
26:122,4,-11.7903,-7.9417
26:123,6,-8.6331,-3.3528
26:124,5,-9.8259,-3.1033
26:125,6,-7.0446,-3.8992
26:126,6,-8.4094,-4.2635
26:127,4,-7.2263,-6.1295
26:128,6,-13.3438,-4.8763
26:129,1,-11.7783,-6.2696
26:130,6,-11.7361,-4.3524
26:131,6,-8.3652,-4.2107
26:132,4,-10.6032,-5.2011
26:133,6,-11.7572,-5.2916
26:134,6,-11.9977,-3.9759
26:135,1,-8.5518,-4.8144
26:136,4,-10.426,-4.9172
26:137,7,-9.8467,-4.233
26:138,6,-9.5969,-5.7364
26:139,4,-9.7243,-4.4689
26:140,4,-11.7839,-7.9475
26:141,6,-8.6725,-3.3805
26:142,5,-9.8431,-3.1171
26:143,6,-7.0439,-3.8987
26:144,6,-8.3503,-4.231
26:145,4,-7.2259,-6.125
26:146,0,-11.439,-2.7728
26:147,6,-7.6413,-4.7007
26:148,0,-11.3654,-3.347
26:149,0,-11.3347,-3.0952
26:150,6,-8.3951,-4.2367
26:151,0,-11.5538,-2.7503
26:152,1,-11.2883,-5.6834
26:153,4,-10.663,-4.2088
26:154,4,-10.2084,-4.4016
26:155,1,-10.4606,-4.3653
26:156,1,-8.7872,-4.9967
26:157,0,-11.231,-3.4777
26:158,1,-9.4881,-4.2861
26:159,4,-11.7569,-7.9873
26:160,6,-8.7162,-3.3871
26:161,5,-9.7944,-3.0413
26:162,6,-7.0419,-3.8949
26:163,6,-8.3916,-4.2742
26:164,4,-7.2132,-6.1402
26:165,5,-10.93,-4.292
26:166,5,-12.9379,-4.8549
26:167,1,-10.8261,-5.3049
26:168,6,-10.9701,-4.4072
26:169,4,-11.279,-5.3771
26:170,1,-11.9679,-4.6573
26:171,6,-11.9063,-3.8488
26:172,6,-10.3617,-3.0475
26:173,1,-8.6893,-3.8294
26:174,4,-9.5067,-4.1856
26:175,4,-11.7731,-7.9613
26:176,4,-9.6358,-4.3744
26:177,5,-9.8169,-3.1049
26:178,6,-7.0393,-3.8945
26:179,6,-8.3921,-4.2428
26:180,4,-7.2201,-6.1326
26:181,0,-10.7276,-3.1563
26:182,0,-11.52,-3.0355
26:183,1,-10.4607,-5.6629
26:184,7,-11.6117,-6.5023
26:185,4,-10.6424,-4.1622
26:186,4,-10.1222,-4.4841
26:187,4,-10.5885,-4.3315
26:188,4,-11.1903,-5.3977
26:189,4,-9.2395,-5.1836
26:190,4,-9.5055,-4.2291
26:191,4,-11.8109,-7.9787
26:192,4,-11.7095,-6.4971
26:193,6,-11.1861,-5.1994
26:194,0,-8.7381,-3.8184
26:195,6,-9.591,-4.6618
26:196,7,-9.538,-4.4335
26:197,1,-11.7393,-5.937
26:198,4,-11.7195,-4.0446
26:199,4,-11.153,-3.9163
26:200,0,-12.185,-2.9056
26:201,4,-10.0526,-6.9516
26:202,0,-11.2152,-2.7402
26:203,0,-12.2098,-4.2733
26:204,0,-11.7099,-3.1792
26:205,4,-8.1856,-7.6165
26:206,6,-11.792,-4.1542
26:207,6,-7.6231,-6.8652
26:208,6,-8.7192,-3.9183
26:209,5,-10.9816,-5.1992
26:210,6,-12.9386,-5.5627
26:211,0,-11.2274,-2.383
26:212,6,-9.6985,-4.9097
26:213,4,-10.1998,-5.7484
26:214,0,-8.7772,-4.0143
26:215,4,-8.1648,-4.6436
26:216,4,-10.947,-5.3906
26:217,6,-11.813,-7.9573
26:218,6,-11.9468,-4.9782
26:219,6,-11.6447,-4.9472
26:220,6,-11.6476,-7.1578
26:221,6,-13.4908,-6.6668
26:222,6,-11.6582,-4.4798
26:223,4,-9.2454,-4.5964
26:224,6,-11.8237,-5.0648
26:225,5,-12.8844,-6.4148
26:226,6,-10.9305,-4.4058
26:227,5,-9.8541,-5.5032
27:1,4,-9.6412,-4.9313
27:2,0,-10.1865,-4.1643
27:3,1,-9.7852,-5.29
27:4,4,-9.8092,-5.2448
27:5,7,-8.7368,-5.6181
27:6,4,-11.45,-6.7192
27:7,2,-8.0832,-6.4804
27:8,2,-9.2651,-4.9524
27:9,4,-9.1919,-3.5881
27:10,1,-10.5602,-4.9347
27:11,1,-10.202,-7.9476
27:12,1,-10.6015,-4.7402
27:13,4,-9.7179,-3.9453
27:14,0,-10.6574,-2.2884
27:15,4,-11.2019,-5.8272
27:16,1,-11.3153,-5.7476
27:17,1,-7.6718,-4.7869
27:18,1,-7.6047,-5.4047
27:19,4,-11.1105,-6.3537
27:20,4,-11.4361,-5.2949
27:21,1,-9.6646,-6.2246
27:22,0,-10.7395,-2.3165
27:23,4,-11.6928,-6.4962
27:24,1,-13.553,-6.7773
27:25,5,-9.1534,-7.338
27:26,4,-11.6582,-6.7036
27:27,0,-13.0586,-4.6114
27:28,1,-12.6965,-6.1738
27:29,4,-9.5255,-5.2218
27:30,4,-11.4311,-7.1624
27:31,5,-12.8426,-6.2083
27:32,1,-10.4306,-6.8752
27:33,7,-8.8009,-5.6201
27:34,1,-13.4639,-5.2219
27:35,1,-12.7109,-6.0152
27:36,4,-11.9049,-5.298
27:37,1,-12.4324,-5.8403
27:38,4,-10.6116,-5.1169
27:39,4,-10.6442,-7.3046
27:40,4,-10.3251,-6.8703
27:41,4,-10.6462,-4.9924
27:42,4,-10.55,-5.3519
27:43,4,-8.4054,-7.5662
27:44,4,-9.8335,-4.6124
27:45,4,-13.0038,-4.7643
27:46,1,-10.1753,-7.043
27:47,1,-12.382,-5.7478
27:48,0,-10.7295,-3.372
27:49,4,-10.9726,-6.1316
27:50,0,-10.978,-2.8919
27:51,1,-14.1613,-4.0495
27:52,1,-9.9755,-4.5438
27:53,1,-10.4625,-4.5763
27:54,0,-10.6947,-2.5949
27:55,4,-10.8718,-8.0098
27:56,1,-11.4429,-4.9586
27:57,1,-11.8876,-4.6513
27:58,1,-8.7114,-3.8169
27:59,4,-11.822,-7.617
27:60,4,-12.2372,-6.7193
27:61,1,-13.7313,-5.9589
27:62,5,-9.5068,-5.9729
27:63,4,-13.7387,-5.993
27:64,7,-11.9208,-6.6872
27:65,4,-11.6293,-6.0232
27:66,1,-10.8872,-4.6308
27:67,4,-9.4248,-5.2945
27:68,7,-9.7823,-4.6618
27:69,0,-14.0371,-3.9825
27:70,1,-11.2959,-4.6304
27:71,0,-10.7362,-0.0703
27:72,4,-11.4973,-5.2737
27:73,4,-12.3781,-6.9227
27:74,4,-11.8674,-6.0895
27:75,4,-12.2201,-6.608
27:76,1,-11.9896,-5.8886
27:77,4,-10.2046,-3.9957
27:78,4,-11.6884,-7.7464
27:79,4,-11.0442,-6.3819
27:80,1,-9.1237,-4.6644
27:81,4,-9.8983,-4.6083
27:82,1,-10.5668,-4.8913
27:83,4,-12.9058,-4.7847
27:84,1,-10.6105,-6.4508
27:85,0,-10.8682,-2.5463
27:86,5,-12.8434,-7.2389
27:87,1,-13.4397,-4.0524
27:88,4,-11.6207,-6.0395
27:89,4,-10.0536,-4.7904
27:90,2,-8.2706,-6.4564
27:91,1,-10.515,-4.7506
27:92,4,-8.9099,-4.2411
27:93,4,-11.8592,-7.6269
28:1,6,-12.0709,-4.0157
28:2,0,-12.039,-2.8397
28:3,1,-9.1513,-3.2945
28:4,4,-10.6101,-3.975
28:5,1,-12.1233,-6.1252
28:6,1,-8.6853,-3.8353
28:7,1,-8.9006,-3.7145
28:8,1,-11.0368,-4.3627
28:9,1,-9.6621,-6.5597
28:10,1,-9.1318,-3.2406
28:11,4,-9.9713,-3.1045
28:12,1,-10.4462,-4.9301
28:13,1,-11.6378,-5.9695
28:14,1,-11.413,-6.294
28:15,1,-9.3815,-6.5658
28:16,1,-10.2966,-7.6176
28:17,4,-13.1661,-3.4424
28:18,1,-9.0649,-3.1917
28:19,1,-9.4668,-6.7821
28:20,1,-10.9417,-5.1931
28:21,1,-11.0673,-5.2052
28:22,1,-13.3014,-5.4193
28:23,1,-10.0605,-5.663
28:24,4,-10.8498,-5.3898
28:25,4,-7.4379,-6.0857
28:26,4,-10.8481,-7.1411
28:27,1,-11.0115,-5.1383
28:28,1,-10.9502,-5.6453
28:29,2,-8.1116,-6.4865
28:30,1,-12.9326,-5.3662
28:31,1,-10.681,-4.7971
28:32,1,-7.9329,-4.9192
28:33,4,-8.4288,-4.622
28:34,1,-9.6936,-3.0535
28:35,1,-9.836,-3.2513
28:36,7,-9.6102,-3.8914
28:37,1,-9.1684,-3.2917
28:38,4,-9.3836,-3.431
28:39,1,-12.1507,-5.6934
28:40,1,-14.1231,-4.0549
28:41,2,-8.1884,-6.6667
28:42,4,-12.1147,-5.3634
28:43,7,-9.186,-3.3653
28:44,1,-9.274,-3.5826
28:45,1,-11.5497,-6.0107
28:46,1,-10.2999,-4.2563
28:47,1,-10.6486,-6.0196
28:48,4,-9.4515,-3.8877
28:49,1,-10.5577,-4.0131
28:50,1,-10.7481,-5.8535
28:51,5,-10.2401,-3.812
28:52,4,-9.278,-5.31
28:53,4,-10.8933,-5.2527
28:54,7,-7.9555,-5.9239
28:55,1,-9.3233,-4.7094
28:56,3,-10.4214,-6.0532
28:57,1,-11.2698,-5.2575
28:58,1,-11.2637,-5.256
28:59,4,-12.5908,-5.7952
28:60,4,-12.2556,-5.6495
28:61,4,-11.6915,-5.3636
28:62,1,-10.9371,-6.7993
28:63,4,-12.5415,-5.1382
28:64,1,-10.9324,-6.6353
28:65,0,-11.1718,-3.0308
28:66,0,-11.2208,-2.2501
28:67,4,-10.172,-8.1105
28:68,4,-11.7799,-6.1919
28:69,4,-11.828,-6.3025
28:70,7,-11.8559,-7.1947
28:71,4,-10.7087,-6.0074
28:72,1,-10.8282,-6.0481
28:73,1,-12.7804,-7.2805
28:74,1,-10.8603,-6.8049
28:75,4,-10.7176,-6.5323
28:76,3,-9.2892,-3.0779
28:77,3,-8.4886,-9.2239
28:78,4,-12.8715,-3.7039
28:79,1,-12.226,-5.681
28:80,4,-10.7721,-4.8182
28:81,4,-10.5853,-6.217
28:82,4,-12.8003,-7.8419
28:83,1,-10.3326,-5.2177
28:84,4,-8.781,-5.9826
28:85,1,-11.3063,-5.9331
28:86,4,-9.2133,-5.2262
28:87,4,-10.7939,-6.0613
28:88,1,-11.6714,-6.7885
29:1,4,-7.105,1.2369
29:2,4,-10.1521,-5.3256
29:3,4,-11.5069,-4.8579
29:4,4,-10.7681,-3.256
29:5,4,-11.0234,-5.981
29:6,4,-10.5288,-5.587
29:7,4,-8.0801,-5.6772
29:8,5,-12.6753,-2.6769
29:9,1,-7.5886,-5.4066
29:10,4,-9.8315,-6.1856
29:11,4,-11.1918,-5.7078
29:12,1,-9.3351,-6.4706
29:13,1,-9.4881,-4.1556
29:14,1,-9.241,-3.8482
29:15,1,-10.5395,-4.7334
29:16,1,-9.7528,-2.5285
29:17,4,-12.2831,-6.0605
29:18,4,-10.8811,-4.5194
29:19,4,-14.1296,-4.167
29:20,4,-14.1405,-4.1171
29:21,4,-11.2411,-6.9503
29:22,4,-11.9555,-6.8527
29:23,7,-8.8538,-5.9451
29:24,2,-8.5679,-6.6387
29:25,2,-10.1009,-6.4627
29:26,4,-11.5923,-7.4747
29:27,4,-11.2551,-5.7929
29:28,4,-10.8518,-4.3725
29:29,1,-9.5862,-6.0464
29:30,4,-12.3188,-5.019
29:31,4,-10.6625,-5.4788
29:32,1,-11.827,-4.6104
29:33,1,-9.9076,-5.6711
29:34,4,-12.3011,-6.7324
29:35,1,-11.0635,-3.7669
29:36,1,-9.5949,-3.6396
29:37,1,-12.465,-5.1417
29:38,4,-13.668,-6.9257
29:39,1,-9.4835,-3.3945
29:40,1,-13.2138,-5.558
29:41,1,-10.514,-5.9498
29:42,4,-11.5831,-7.4965
29:43,4,-10.2869,-4.2832
29:44,4,-11.62,-6.2865
29:45,1,-10.2074,-5.8313
29:46,4,-9.8728,-5.8056
29:47,4,-9.2283,-5.2587
29:48,1,-10.8629,-3.5975
29:49,1,-11.3387,-5.2947
29:50,4,-8.8224,-4.1714
29:51,5,-9.3457,-5.1885
29:52,7,-10.0362,-6.554
29:53,1,-9.497,-5.9468
29:54,1,-8.3711,-7.4305
29:55,0,-10.638,-2.3338
29:56,1,-11.04,-5.7213
29:57,1,-12.7472,-6.1545
29:58,4,-7.6978,-5.8577
29:59,4,-10.4782,-5.6254
29:60,4,-12.0222,-6.468
29:61,4,-12.3228,-6.9164
29:62,4,-12.7853,-7.8524
29:63,4,-12.1599,-7.3058
29:64,4,-12.1717,-5.9585
29:65,1,-10.4689,-4.8432
29:66,1,-10.5869,-5.2196
29:67,1,-13.3477,-5.2991
29:68,4,-9.487,-6.2855
29:69,4,-10.602,-5.7811
30:1,4,-7.1002,1.2417
30:2,6,-11.2452,-4.488
30:3,1,-11.4323,-3.6404
30:4,4,-9.7118,-4.1993
30:5,4,-11.7866,-7.9891
30:6,1,-10.9044,-5.4892
30:7,4,-11.9376,-5.819
30:8,5,-12.1552,-6.6968
30:9,4,-14.2532,-4.0637
30:10,4,-13.1386,-4.8172
30:11,7,-12.4808,-6.4623
30:12,6,-11.2444,-8.7736
30:13,4,-8.475,-7.5965
30:14,4,-11.2346,-8.7605
30:15,3,-8.0883,-5.831
30:16,7,-8.921,-5.8671
30:17,4,-11.5502,-6.3095
30:18,4,-11.8889,-7.5702
30:19,1,-12.3568,-6.7858
30:20,1,-12.533,-5.8278
30:21,4,-11.401,-6.2191
30:22,1,-12.0874,-6.8836
30:23,1,-12.4699,-3.6942
30:24,4,-12.2965,-6.8586
30:25,1,-11.8774,-6.7209
30:26,4,-11.872,-6.6633
30:27,7,-11.9722,-7.0251
30:28,4,-13.2555,-5.051
30:29,4,-10.6822,-5.9996
30:30,1,-11.3395,-5.9096
30:31,1,-8.5702,-4.2354
30:32,4,-11.7582,-5.2324
30:33,1,-11.0031,-5.2161
30:34,1,-10.7098,-5.2687
30:35,1,-9.5046,-4.0992
30:36,4,-10.9197,-6.0479
30:37,5,-12.7967,-7.7706
30:38,7,-11.2631,-6.1505
30:39,7,-13.3972,-4.7788
30:40,4,-12.0291,-6.7685
30:41,1,-13.7224,-5.9138
30:42,4,-14.1872,-4.0519
30:43,1,-11.1493,-5.8285
30:44,0,-10.6749,-2.4552
30:45,3,-8.4476,-7.407
30:46,4,-11.3526,-6.3426
30:47,1,-11.0306,-4.2619
30:48,4,-13.947,-4.4433
30:49,1,-10.8921,-4.4543
30:50,4,-14.1581,-4.0885
30:51,4,-12.7483,-4.6207
30:52,1,-9.0747,-4.6919
30:53,4,-9.8418,-4.7617
30:54,4,-10.9991,-7.1509
30:55,4,-11.2757,-8.78
30:56,1,-10.9188,-5.3753
30:57,1,-9.275,-5.6205
30:58,4,-9.9793,-4.1374
30:59,4,-10.2712,-4.8358
30:60,4,-10.8691,-6.4254
31:1,4,-7.1046,1.2373
31:2,0,-12.1464,-2.8573
31:3,6,-10.1172,-3.8892
31:4,1,-9.766,-5.2349
31:5,7,-8.56,-5.4955
31:6,7,-9.1978,-6.078
31:7,1,-9.151,-4.8603
31:8,4,-7.6136,-5.0946
31:9,1,-11.6726,-6.8222
31:10,1,-12.1385,-6.3335
31:11,1,-11.8444,-6.1884
31:12,4,-10.2002,-6.8657
31:13,1,-13.1119,-6.4499
31:14,5,-12.6684,-2.6883
31:15,1,-9.1368,-8.0098
31:16,3,-12.8228,-5.0332
31:17,1,-9.6934,-5.3278
31:18,3,-13.1428,-5.4244
31:19,1,-10.5709,-7.4037
31:20,5,-12.4515,-6.8185
31:21,1,-13.6429,-6.9731
31:22,4,-10.1423,-5.6472
31:23,4,-9.3679,-5.9798
31:24,1,-9.3011,-5.7904
31:25,4,-12.1062,-7.3004
31:26,4,-7.7418,-6.9736
31:27,4,-13.7922,-5.8324
31:28,4,-11.6775,-6.2083
31:29,5,-12.8499,-7.3071
31:30,4,-11.0904,-6.4031
31:31,5,-13.7611,-6.1218
31:32,4,-10.4948,-4.8373
31:33,4,-10.3814,-6.6269
31:34,4,-11.2554,-8.6678
32:1,4,-7.1045,1.2375
32:2,4,-12.2419,-7.8316
32:3,4,-8.7863,-6.078
32:4,5,-12.1494,-6.8586
32:5,4,-12.4932,-6.0065
32:6,4,-11.4429,-7.6115
32:7,5,-12.7505,-2.6073
32:8,4,-11.5271,-4.9981
32:9,1,-12.0529,-6.7268
32:10,4,-13.3111,-5.3008
32:11,1,-12.7178,-6.2016
32:12,1,-13.2009,-3.3725
32:13,1,-11.2393,-5.9377
32:14,1,-9.3724,-5.7681
32:15,5,-9.8181,-5.4386
32:16,1,-8.158,-4.7377
32:17,1,-9.136,-7.1935
32:18,4,-9.498,-4.1921
32:19,4,-7.7635,-5.3026
32:20,2,-8.3208,-6.5565
32:21,1,-9.4002,-5.7459
32:22,5,-13.1252,-3.5436
32:23,1,-9.274,-3.4082
32:24,1,-11.2333,-4.9664
32:25,1,-8.5035,-9.2202
32:26,1,-10.3617,-5.6011
32:27,1,-12.9442,-4.0042
32:28,0,-10.7378,-0.0771
32:29,4,-10.1755,-5.4667
32:30,4,-9.8628,-4.399
33:1,4,-8.5209,-7.502
33:2,4,-11.2654,-5.7361
33:3,4,-11.3062,-6.4357
33:4,4,-9.6534,-7.1867
33:5,1,-8.5244,-9.1543
33:6,7,-9.5553,-4.8404
33:7,1,-9.9392,-7.0551
33:8,4,-8.546,-7.6546
33:9,5,-10.2557,-6.5098
33:10,1,-13.0839,-5.2413
33:11,0,-10.6878,-3.3216
33:12,4,-11.05,-5.9516
33:13,1,-10.957,-5.3598
33:14,1,-8.0041,-5.4705
33:15,1,-10.2391,-5.1056
33:16,1,-9.5045,-6.6813
33:17,4,-12.4007,-5.7976
33:18,1,-9.952,-3.2456
33:19,4,-11.1148,-6.4148
33:20,1,-10.0035,-6.0356
33:21,5,-9.5606,-5.4796
33:22,1,-10.0863,-6.1285
33:23,3,-10.1625,-5.6534
33:24,1,-10.1582,-7.4039
33:25,4,-9.684,-6.624
33:26,1,-9.2808,-5.4325
33:27,1,-11.5502,-6.885
33:28,1,-10.3935,-7.3767
33:29,4,-7.9592,-5.9776
33:30,4,-13.227,-5.3167
33:31,4,-7.897,-6.052
33:32,1,-10.7763,-8.0529
33:33,7,-10.7339,-5.7886
33:34,5,-10.8651,-5.7864
33:35,4,-10.7503,-7.1411
33:36,4,-9.5573,-4.2609
33:37,4,-9.2839,-7.221
33:38,1,-8.4934,-9.2173
33:39,1,-8.6463,-4.838
33:40,4,-11.5998,-7.3726
33:41,5,-9.8159,-5.285
33:42,6,-11.2593,-3.8031
33:43,1,-11.9081,-7.2374
33:44,1,-7.6775,-5.9978
33:45,1,-9.9365,-6.6501
33:46,1,-11.3757,-6.5313
33:47,4,-12.7821,-4.9154
33:48,4,-8.4522,-7.5733
33:49,1,-10.1341,-6.2791
33:50,1,-9.504,-7.5884
33:51,1,-11.2616,-6.271
33:52,1,-10.8527,-7.9996
33:53,1,-9.5515,-7.3366
33:54,4,-9.1915,-7.3232
33:55,4,-9.535,-7.4695
33:56,1,-10.4053,-5.9011
33:57,4,-9.1999,-6.1204
33:58,1,-9.6359,-5.748
33:59,1,-10.2871,-7.5224
33:60,1,-11.0491,-5.7263
33:61,1,-9.5421,-6.5278
33:62,4,-13.1951,-5.1417
33:63,4,-11.2484,-8.7928
33:64,4,-8.3769,-7.5239
33:65,1,-11.8908,-5.9251
33:66,2,-8.3579,-6.599
33:67,4,-11.9342,-5.1326
33:68,4,-9.4835,-5.8417
33:69,4,-9.2764,-3.5522
33:70,4,-10.1411,-5.9231
33:71,1,-10.3061,-7.6637
33:72,5,-11.3771,-6.0457
33:73,4,-10.2831,-6.8627
34:1,4,-11.8488,-7.5975
34:2,1,-10.7319,-7.5716
34:3,4,-11.2749,-8.5062
34:4,7,-8.2151,-5.8453
34:5,7,-8.889,-5.6231
34:6,4,-11.5516,-7.1441
34:7,1,-9.3012,-6.0219
34:8,4,-8.8248,-5.8531
34:9,1,-12.9794,-5.4144
34:10,1,-11.2059,-5.6762
34:11,1,-10.6095,-5.5763
34:12,4,-13.0368,-5.5016
34:13,4,-11.6228,-6.0408
34:14,5,-10.7149,-4.7073
34:15,1,-10.4859,-7.4108
34:16,4,-7.6959,-4.7902
34:17,4,-9.3942,-6.0793
34:18,1,-11.0059,-5.7245
34:19,4,-12.6811,-5.7382
34:20,1,-10.3256,-4.2536
34:21,1,-9.4672,-4.1068
34:22,4,-11.389,-6.281
34:23,4,-10.8403,-6.5148
34:24,4,-11.5943,-6.5045
34:25,4,-10.4584,-5.2865
34:26,1,-11.8025,-5.8339
34:27,4,-11.4173,-7.4634
34:28,1,-8.8161,-4.0045
34:29,0,-10.7392,-0.0759
34:30,4,-11.1996,-8.7471
34:31,4,-9.6208,-5.6138
34:32,1,-13.1052,-3.4147
34:33,4,-9.3913,-6.196
34:34,1,-8.7668,-3.9678
34:35,4,-9.6094,-5.7545
34:36,4,-12.7805,-7.8249
34:37,4,-11.2268,-5.3615
34:38,7,-8.8352,-5.6045
34:39,4,-12.7719,-7.8355
34:40,1,-9.576,-5.8313
34:41,4,-8.0259,-4.8761
34:42,2,-8.6191,-6.4036
34:43,1,-10.1688,-5.4569
34:44,4,-8.8243,-4.071
34:45,4,-9.7762,-5.4485
34:46,4,-8.1495,-4.8702
34:47,4,-7.3765,-6.0901
34:48,4,-10.837,-6.2807
34:49,7,-11.3912,-6.3992
34:50,4,-10.2528,-7.2086
34:51,1,-12.0181,-5.0991
34:52,1,-11.2114,-4.7946
34:53,4,-9.7705,-6.3231
34:54,4,-11.4398,-4.7123
35:1,4,-11.84,-7.625
35:2,4,-11.6562,-7.6537
35:3,5,-10.3401,-6.4416
35:4,4,-12.6381,-6.1296
35:5,4,-10.5018,-6.5057
35:6,1,-13.7697,-7.0019
35:7,4,-8.2294,-6.0145
35:8,4,-11.3224,-6.2982
35:9,4,-11.7599,-6.6086
35:10,3,-10.1747,-5.9849
35:11,4,-10.8019,-7.9713
35:12,4,-13.7204,-6.0207
35:13,1,-12.8731,-7.3362
35:14,1,-9.4692,-4.9196
35:15,4,-7.7702,-6.9542
35:16,0,-13.0587,-6.4997
35:17,6,-11.7817,-7.9535
35:18,4,-11.7013,-5.3063
35:19,0,-11.6073,-2.9695
35:20,6,-11.5221,-4.5443
35:21,6,-11.5441,-4.5948
35:22,4,-9.0511,-4.9075
35:23,6,-8.6517,-3.8091
35:24,1,-8.7808,-4.0144
35:25,4,-13.0727,-4.9604
35:26,1,-9.8639,-5.5618
35:27,5,-12.4555,-6.9638
35:28,1,-10.4299,-7.5402
35:29,1,-9.915,-5.7311
35:30,1,-7.9011,-6.0631
35:31,4,-9.52,-5.094
35:32,4,-11.2783,-4.8756
35:33,1,-7.5323,-5.1648
35:34,1,-11.6373,-7.7089
35:35,1,-11.1524,-5.7202
35:36,2,-8.4189,-6.5643
35:37,5,-10.0441,-5.9894
35:38,4,-11.7364,-6.6796
35:39,4,-8.5694,-7.5755
35:40,4,-11.1001,-6.6486
35:41,1,-10.4772,-7.5816
35:42,4,-9.0066,-4.3989
35:43,1,-12.8657,-5.0116
35:44,4,-14.2308,-4.0806
35:45,1,-10.751,-7.4303
36:1,4,-7.1032,1.2389
36:2,0,-12.1028,-2.9914
36:3,6,-10.3026,-4.1752
36:4,6,-10.2122,-3.5426
36:5,6,-12.16,-7.8722
36:6,1,-9.1779,-4.356
36:7,4,-9.5242,-4.2018
36:8,1,-10.6665,-5.3023
36:9,0,-11.0038,-2.2935
36:10,0,-10.6078,-2.4383
36:11,1,-8.4466,-4.7641
36:12,4,-11.7732,-5.6644
36:13,4,-9.7567,-4.6532
36:14,1,-9.8326,-8.692
36:15,4,-10.1498,-4.4891
36:16,4,-11.2816,-5.2445
36:17,6,-11.0403,-4.3804
36:18,1,-12.3412,-5.8107
36:19,5,-10.489,-3.854
36:20,1,-10.4013,-4.6934
36:21,1,-7.2814,-6.1189
36:22,1,-12.7818,-6.2971
36:23,1,-10.4141,-6.7904
36:24,6,-11.1814,-4.5202
36:25,6,-9.0586,-4.4547
36:26,1,-7.4576,-5.2761
36:27,1,-10.2756,-7.5691
36:28,4,-12.3849,-6.8267
36:29,4,-11.1033,-4.683
36:30,4,-11.0102,-4.3913
36:31,5,-12.8316,-6.3563
36:32,4,-11.1209,-4.7628
36:33,3,-12.1422,-6.9996
36:34,4,-11.1842,-3.7714
36:35,0,-10.7378,-2.5555
36:36,1,-11.9488,-6.7722
36:37,2,-12.8179,-7.2593
36:38,4,-12.8036,-4.4165
36:39,1,-10.9964,-6.7039
36:40,4,-12.8566,-7.2948
36:41,4,-10.8194,-5.0889
36:42,6,-10.0328,-4.4667
36:43,4,-12.1589,-5.1136
36:44,4,-11.4925,-5.3064
36:45,1,-10.9908,-5.0402
36:46,4,-12.5723,-4.7102
36:47,4,-9.7143,-5.5423
36:48,0,-10.7386,-0.0768
36:49,1,-12.1257,-4.55
36:50,0,-11.2007,-2.623
36:51,5,-13.4603,-4.4023
36:52,4,-10.7353,-5.5226
36:53,4,-11.0925,-4.7032
36:54,1,-10.7545,-5.5536
36:55,3,-8.0816,-5.2868
36:56,1,-11.8036,-4.7687
36:57,6,-11.0772,-4.6647
36:58,4,-11.7541,-5.5559
36:59,6,-13.1831,-3.3709
36:60,5,-13.7907,-7.0297
36:61,6,-10.1036,-3.4798
36:62,1,-10.0119,-5.0279
36:63,1,-12.2867,-4.7794
36:64,0,-11.1284,-2.7649
36:65,1,-10.9315,-5.512
36:66,1,-12.8927,-4.899
36:67,0,-10.659,-2.2546
36:68,4,-12.6995,-4.9871
36:69,5,-11.5043,-4.731
36:70,4,-8.3488,-7.5558
36:71,1,-12.3043,-6.3373
36:72,6,-9.9431,-5.0949
36:73,0,-10.9871,-2.6189
36:74,1,-10.5343,-6.5765
36:75,4,-9.5548,-4.4388
36:76,1,-10.5427,-5.169
36:77,5,-12.7495,-2.5714
36:78,0,-10.7142,-2.4043
36:79,7,-11.9377,-6.9262
36:80,2,-8.196,-6.6438
36:81,4,-12.227,-6.7882
36:82,1,-11.5693,-6.0533
36:83,4,-11.8238,-6.9041
37:1,6,-12.0564,-4.27
37:2,6,-12.1391,-4.1561
37:3,5,-10.5288,-3.7948
37:4,6,-11.1568,-4.7313
37:5,4,-11.542,-7.0072
37:6,1,-11.692,-6.5272
37:7,6,-13.5714,-6.7371
37:8,1,-9.1223,-4.6287
37:9,0,-11.3075,-3.419
37:10,1,-11.7328,-4.2649
37:11,1,-12.2742,-6.2001
37:12,0,-11.6436,-3.3461
37:13,5,-10.3985,-3.6158
37:14,0,-11.7167,-3.2293
37:15,6,-9.8712,-3.8721
37:16,4,-13.1447,-6.4755
37:17,7,-8.834,-5.0729
37:18,0,-11.2498,-3.4276
37:19,6,-12.0516,-4.5037
37:20,6,-11.1243,-3.8037
37:21,4,-12.9525,-4.6921
37:22,1,-10.501,-5.0423
37:23,4,-9.894,-3.6215
37:24,6,-11.3348,-4.4309
37:25,0,-11.783,-2.7462
37:26,0,-11.8164,-3.1012
37:27,0,-10.5231,-2.7342
37:28,4,-10.8523,-4.6082
37:29,6,-10.0161,-4.7787
37:30,6,-13.2773,-4.9307
37:31,4,-11.0743,-4.9721
37:32,1,-12.0476,-5.1478
37:33,6,-9.3121,-5.7959
37:34,4,-13.1392,-3.4188
37:35,4,-10.9552,-5.5253
37:36,6,-10.7555,-4.338
37:37,6,-10.7456,-5.14
37:38,6,-9.3756,-5.7325
37:39,6,-10.7145,-5.0208
37:40,6,-11.8438,-3.8754
37:41,7,-8.4375,-5.4213
37:42,6,-11.1415,-4.8858
37:43,6,-7.6233,-4.6864
37:44,6,-11.0024,-4.1093
37:45,6,-11.9291,-5.1996
37:46,6,-11.2888,-4.5031
37:47,0,-11.1932,-2.6914
37:48,6,-11.9219,-4.8359
37:49,6,-12.5329,-4.7467
37:50,0,-10.5368,-2.7087
37:51,6,-11.0133,-4.1534
37:52,6,-10.8192,-4.2805
37:53,4,-13.1563,-6.4505
37:54,6,-10.9081,-4.1935
37:55,6,-10.0372,-3.5719
37:56,6,-11.1222,-5.092
37:57,4,-11.0926,-4.7374
37:58,6,-11.7065,-4.0327
37:59,7,-9.2103,-5.3815
37:60,6,-11.335,-4.7399
37:61,0,-11.4264,-3.0144
37:62,1,-10.7518,-4.6486
37:63,4,-10.6953,-5.0471
37:64,6,-9.8568,-3.6233
37:65,6,-12.5644,-4.8119
37:66,6,-11.399,-4.6118
37:67,6,-11.3288,-4.304
37:68,6,-9.8579,-3.6178
37:69,4,-13.0241,-4.7373
37:70,0,-11.4272,-3.098
37:71,7,-9.6582,-4.3796
37:72,6,-8.6418,-3.8345
37:73,0,-13.9353,-3.9009
37:74,6,-11.8665,-3.9074
37:75,0,-8.2385,-3.2109
37:76,1,-12.871,-6.3461
37:77,6,-10.552,-3.2483
37:78,0,-10.3495,-2.8352
37:79,0,-8.2036,-3.2003
37:80,4,-10.2968,-4.3786
37:81,6,-10.6243,-4.1488
37:82,6,-10.2978,-3.0184
37:83,6,-9.7818,-2.5721
37:84,4,-13.2526,-4.6972
37:85,0,-10.5859,-2.9682
37:86,5,-11.312,-5.7663
37:87,6,-12.4529,-4.1064
37:88,6,-12.2089,-4.363
37:89,6,-11.0634,-3.3585
37:90,6,-10.6976,-4.9106
37:91,0,-10.8214,-2.8258
37:92,0,-11.7876,-2.749
37:93,0,-11.2866,-2.3001
37:94,6,-13.1797,-4.8026
37:95,0,-11.4576,-2.7716
37:96,4,-11.918,-6.2676
37:97,0,-12.7227,-4.4361
37:98,0,-11.1386,-3.6304
37:99,4,-12.6589,-4.8016
37:100,4,-11.5527,-5.7403
37:101,6,-11.5791,-4.7372
37:102,1,-9.9763,-5.1948
37:103,1,-11.5144,-4.385
37:104,0,-11.3181,-2.924
37:105,4,-10.4035,-4.422
37:106,6,-11.1355,-4.2729
37:107,0,-13.2645,-6.1946
37:108,0,-10.3803,-2.8193
37:109,0,-9.8853,-2.5845
37:110,0,-10.6136,-3.5821
37:111,6,-10.707,-4.1505
37:112,4,-11.1842,-5.6219
37:113,4,-10.7783,-4.9087
37:114,6,-9.3099,-3.1099
37:115,1,-13.138,-6.3989
37:116,0,-11.4499,-3.1694
37:117,0,-11.908,-2.7614
37:118,6,-10.1847,-3.5276
37:119,0,-10.3407,-2.8486
37:120,0,-9.5528,-2.865
37:121,4,-10.3107,-4.338
37:122,6,-10.7986,-4.0976
37:123,6,-10.2597,-4.3757
37:124,6,-9.8503,-3.0748
37:125,5,-10.9616,-2.9671
37:126,7,-11.1974,-6.4126
37:127,4,-12.8797,-4.8982
37:128,6,-11.8212,-3.9339
37:129,0,-10.3778,-2.7966
37:130,0,-11.5964,-3.0565
37:131,4,-10.3173,-4.4367
37:132,6,-10.6627,-4.0707
37:133,6,-9.947,-4.0926
37:134,1,-11.8592,-4.6389
37:135,6,-11.8979,-3.7924
37:136,6,-10.3089,-2.9956
37:137,6,-11.2685,-4.3181
37:138,6,-12.4236,-3.6485
37:139,6,-10.0823,-4.2791
37:140,0,-10.8915,-3.3959
37:141,0,-11.4849,-3.2048
37:142,0,-13.5106,-5.646
37:143,6,-10.8929,-4.182
37:144,0,-11.5577,-3.5835
37:145,0,-10.905,-3.1228
37:146,6,-11.7621,-4.4133
37:147,0,-11.6686,-3.8612
37:148,6,-11.5709,-5.2361
37:149,1,-11.875,-5.3788
37:150,0,-11.1873,-2.7281
37:151,5,-12.7517,-5.8601
37:152,4,-12.1756,-5.1344
37:153,0,-11.0037,-3.4199
37:154,0,-13.2956,-3.8229
37:155,5,-10.4802,-3.5573
37:156,6,-9.3809,-3.9651
37:157,0,-10.985,-3.2357
37:158,4,-7.9865,-4.9199
37:159,4,-11.1686,-5.9713
37:160,6,-11.8272,-3.8956
37:161,6,-11.7073,-5.1461
37:162,0,-11.6466,-3.2597
37:163,6,-9.8295,-3.6279
37:164,6,-10.6921,-4.4458
37:165,6,-11.2482,-4.4817
37:166,6,-11.0462,-4.5696
37:167,0,-11.5711,-4.4743
37:168,5,-9.9924,-3.9555
37:169,4,-11.556,-4.305
37:170,0,-10.6551,-4.9232
37:171,0,-10.8861,-2.6009
37:172,6,-11.3845,-4.554
37:173,6,-11.2237,-4.7161
37:174,6,-10.1367,-7.0628
37:175,0,-11.6865,-3.185
37:176,0,-11.6184,-3.0996
37:177,0,-8.7506,-3.7354
37:178,6,-10.1431,-7.0868
37:179,0,-11.6985,-3.2256
37:180,4,-11.423,-6.3617
37:181,0,-11.3142,-2.9723
37:182,4,-11.805,-7.5958
38:1,6,-11.5216,-4.3682
38:2,6,-9.4018,-5.4909
38:3,1,-10.3124,-3.9938
38:4,4,-13.4025,-4.9416
38:5,4,-11.5855,-4.1329
38:6,1,-10.9138,-5.1049
38:7,1,-9.2873,-4.6473
38:8,5,-10.7378,-4.2151
38:9,4,-11.8252,-8.0052
38:10,1,-11.8402,-6.9087
38:11,4,-10.0905,-6.0005
38:12,4,-8.228,-3.3117
38:13,7,-10.3836,-2.7692
38:14,4,-12.3475,-4.3035
38:15,1,-12.0691,-4.5587
38:16,4,-10.8235,-4.532
38:17,5,-11.2313,-5.7453
38:18,1,-12.3253,-6.7916
38:19,4,-11.9415,-5.919
38:20,0,-10.803,-2.5018
38:21,4,-10.9637,-4.9013
38:22,1,-10.6426,-4.6083
38:23,1,-9.8316,-3.2731
38:24,1,-10.4852,-7.5949
38:25,1,-10.3401,-7.4127
38:26,1,-10.0675,-6.207
38:27,2,-12.3751,-6.6702
38:28,4,-8.2471,-5.8149
38:29,7,-8.8936,-5.1569
38:30,1,-11.2962,-5.6293
38:31,6,-11.0309,-4.1968
38:32,3,-11.9836,-5.5327
38:33,1,-12.3163,-5.0112
38:34,1,-10.2894,-4.7824
38:35,1,-10.4467,-7.5888
38:36,4,-11.2372,-4.839
38:37,6,-12.5036,-5.6039
38:38,6,-10.2621,-3.035
38:39,0,-10.9293,-2.7024
38:40,6,-11.0959,-4.9219
38:41,5,-13.6147,-7.0067
38:42,0,-11.2564,-2.2982
38:43,7,-8.806,-5.1786
38:44,1,-12.0099,-4.5096
38:45,7,-10.4238,-2.4173
38:46,5,-10.4315,-3.7599
38:47,6,-9.9326,-3.1635
38:48,5,-11.706,-6.3505
38:49,5,-10.3958,-3.9941
38:50,4,-7.8424,-4.8806
38:51,1,-10.0324,-4.5426
38:52,6,-11.7537,-5.3331
38:53,0,-12.3419,-4.6923
38:54,6,-11.3637,-4.6461
38:55,1,-11.0685,-4.2792
38:56,6,-10.4608,-5.7039
38:57,6,-11.6987,-4.2096
38:58,0,-10.9995,-3.2357
38:59,2,-8.2423,-6.5944
38:60,3,-12.5667,-4.8236
38:61,2,-8.1881,-6.667
38:62,4,-11.3662,-5.2747
38:63,1,-10.6737,-4.5098
38:64,2,-8.178,-6.6575
38:65,4,-8.7597,-3.9951
38:66,1,-10.6495,-7.2792
38:67,0,-13.2436,-6.3992
38:68,0,-11.616,-3.2974
38:69,0,-11.263,-2.2466
38:70,4,-8.6219,-3.9044
38:71,4,-12.3643,-5.829
38:72,1,-10.6938,-4.6003
38:73,1,-12.1322,-4.8631
38:74,4,-8.7292,-7.2657
38:75,1,-12.4808,-5.5879
38:76,2,-12.215,-6.0917
38:77,6,-11.2108,-5.2826
38:78,1,-11.1603,-3.8483
38:79,4,-12.4137,-4.416
38:80,6,-11.865,-4.2191
38:81,0,-10.2051,-4.201
38:82,1,-12.0976,-5.0303
38:83,6,-11.8468,-3.8316
38:84,6,-11.1628,-5.0383
38:85,1,-11.2828,-5.7063
38:86,4,-7.1678,-6.1588
38:87,5,-10.3259,-3.8206
38:88,6,-11.5126,-4.2374
39:1,4,-12.2055,-7.8197
39:2,1,-9.484,-5.0989
39:3,1,-10.0423,-6.4345
39:4,1,-11.2152,-6.9378
39:5,1,-12.7654,-7.266
39:6,1,-11.7509,-6.8971
39:7,4,-9.827,-6.8608
39:8,5,-12.7275,-2.6779
39:9,7,-8.9991,-5.2292
39:10,4,-10.2227,-5.9395
39:11,4,-10.0574,-5.0883
39:12,7,-10.2794,-4.7777
39:13,4,-8.6114,-4.8626
39:14,4,-10.554,-4.9497
39:15,1,-9.4026,-5.8962
39:16,2,-8.2525,-6.7465
39:17,1,-11.4111,-5.0167
39:18,7,-8.8132,-5.1507
39:19,2,-8.4261,-6.4002
39:20,4,-12.4848,-5.0089
39:21,5,-12.5344,-7.0439
39:22,5,-10.3741,-5.6299
39:23,4,-9.9688,-5.9971
39:24,4,-9.7131,-5.7919
39:25,4,-9.5961,-5.6769
39:26,4,-9.7536,-6.2729
39:27,5,-9.9638,-4.1192
39:28,1,-9.6061,-4.6694
39:29,4,-10.6678,-6.0457
39:30,6,-11.4707,-4.867
39:31,4,-12.9463,-5.4055
39:32,4,-13.2425,-5.3611
39:33,7,-8.9821,-5.4647
39:34,4,-10.2069,-4.2651
39:35,4,-8.2686,-5.8179
39:36,5,-10.6348,-6.3013
39:37,4,-10.5148,-6.2734
39:38,4,-8.5778,-7.6196
39:39,1,-10.78,-5.2986
39:40,1,-9.2818,-5.6674
39:41,1,-9.3959,-5.0425
39:42,4,-11.599,-5.7804
39:43,4,-10.6264,-6.5734
39:44,4,-12.5275,-6.3624
39:45,5,-9.9514,-5.3679
39:46,1,-10.8301,-6.6902
39:47,1,-9.3204,-6.1114
39:48,4,-8.6496,-6.1475
39:49,5,-12.7292,-2.6879
39:50,4,-7.6083,-6.8149
39:51,4,-8.6372,-6.1608
39:52,1,-12.7833,-7.8296
39:53,1,-10.2655,-7.6239
39:54,1,-12.674,-4.8939
39:55,1,-9.8877,-5.728
39:56,4,-7.6325,-4.715
39:57,4,-10.3175,-4.5481
39:58,4,-10.2858,-4.4857
39:59,4,-8.56,-7.4414
39:60,1,-13.2626,-5.2482
39:61,4,-10.2202,-4.9089
39:62,4,-11.6075,-6.7884
39:63,7,-8.9153,-5.6977
39:64,4,-11.8783,-6.1594
39:65,3,-10.2686,-5.357
39:66,4,-11.1012,-5.6436
39:67,1,-11.0927,-6.502
39:68,1,-13.4149,-4.1159
39:69,4,-9.6121,-5.1703
39:70,1,-11.4622,-5.999
39:71,4,-8.7112,-7.3612
39:72,1,-7.5907,-5.4919
39:73,1,-7.8618,-5.4045
39:74,4,-11.7475,-7.7093
39:75,4,-11.8596,-7.6259
40:1,6,-14.6252,-6.7363
40:2,4,-12.2586,-7.8379
40:3,4,-10.7423,-7.4793
40:4,4,-9.7533,-5.2739
40:5,1,-8.1671,-3.2858
40:6,2,-8.195,-6.6176
40:7,4,-10.4722,-7.7669
40:8,1,-7.4872,-5.2506
40:9,4,-10.0536,-7.0491
40:10,4,-9.4061,-5.9767
40:11,1,-11.1949,-5.1113
40:12,1,-11.066,-6.511
40:13,5,-11.8812,-7.1193
40:14,4,-8.555,-7.4726
40:15,1,-11.0448,-5.378
40:16,4,-9.1686,-7.1942
40:17,4,-10.8188,-6.6887
40:18,1,-9.2352,-5.1612
40:19,6,-11.7986,-6.5422
40:20,4,-11.0215,-6.7992
40:21,4,-14.2204,-4.0878
40:22,1,-10.8175,-7.1969
40:23,1,-9.3085,-3.1617
40:24,4,-13.6906,-5.5294
40:25,4,-9.2356,-6.9674
40:26,1,-8.5432,-4.3123
40:27,1,-13.2742,-5.4027
40:28,4,-9.6906,-5.9509
40:29,4,-9.6504,-5.5935
40:30,1,-8.5822,-4.673
40:31,1,-8.2944,-3.3931
40:32,1,-8.4844,-4.6697
40:33,4,-10.3502,-5.9533
40:34,4,-13.0497,-5.4052
40:35,4,-10.0291,-6.1658
40:36,1,-11.8009,-5.2303
40:37,4,-9.1889,-3.2554
40:38,1,-9.3686,-6.4773
40:39,1,-12.2179,-6.0176
40:40,4,-8.7562,-5.9096
40:41,2,-8.1506,-6.6757
40:42,1,-9.6556,-7.9267
40:43,2,-8.9887,-7.9258
40:44,5,-10.5828,-3.7639
40:45,4,-9.5718,-6.0181
40:46,2,-11.0558,-8.7189
40:47,2,-8.0473,-6.6838
40:48,4,-11.2678,-5.6796
40:49,2,-8.8337,-7.1068
40:50,1,-8.5711,-7.4092
40:51,4,-10.506,-6.6365
40:52,4,-9.5438,-5.4008
40:53,0,-10.7928,-2.4548
40:54,7,-8.8051,-5.2202
40:55,1,-10.5721,-7.2267
40:56,1,-10.1955,-6.2927
40:57,1,-11.6904,-6.429
40:58,5,-10.0741,-3.996
40:59,4,-11.2531,-8.8164
40:60,1,-7.5882,-5.4556
40:61,1,-12.786,-7.2522
40:62,4,-11.4904,-6.3511
40:63,4,-10.2598,-4.4732
40:64,4,-11.8517,-6.6663
40:65,4,-12.4927,-6.3047
40:66,1,-10.9756,-5.0947
40:67,1,-12.0627,-6.9509
40:68,1,-12.6793,-6.9177
40:69,5,-12.8729,-6.4501
40:70,1,-9.9978,-5.3736
40:71,3,-10.0694,-6.3148
40:72,2,-8.1601,-6.6625
40:73,6,-11.303,-4.6404
40:74,4,-8.6041,-7.4346
40:75,4,-12.2853,-5.3712
40:76,1,-7.6043,-5.4719
40:77,1,-10.9939,-6.2747
40:78,1,-10.182,-5.1079
40:79,1,-9.8913,-5.2809
40:80,0,-10.5681,-2.2422
40:81,5,-11.1101,-6.0006
40:82,4,-14.2228,-4.0716
40:83,4,-10.5362,-4.6768
40:84,4,-12.1324,-5.0828
40:85,1,-12.0189,-4.8552
41:1,6,-14.641,-6.7371
41:2,6,-12.2334,-7.822
41:3,1,-9.5802,-4.6399
41:4,0,-10.6436,-2.4528
41:5,1,-11.3914,-4.7656
41:6,1,-10.5055,-4.3402
41:7,4,-9.653,-5.2472
41:8,4,-7.6711,-5.8964
41:9,4,-12.0327,-6.53
41:10,4,-11.481,-6.0815
41:11,2,-12.4017,-5.8233
41:12,4,-12.2042,-5.8783
41:13,1,-8.6042,-3.7094
41:14,4,-13.3176,-4.9703
41:15,4,-10.7368,-7.0516
41:16,1,-13.3256,-5.3241
41:17,3,-9.9651,-6.128
41:18,6,-10.4002,-4.8686
41:19,2,-8.1075,-6.6125
41:20,1,-10.5216,-6.8336
41:21,7,-11.762,-6.7247
41:22,1,-10.4817,-5.7872
41:23,1,-12.6401,-4.0099
41:24,2,-8.2941,-6.5821
41:25,5,-11.1903,-6.1048
41:26,1,-9.1231,-4.9207
41:27,5,-9.2837,-5.8238
41:28,2,-8.9477,-6.1717
41:29,4,-8.9753,-6.2892
41:30,1,-8.8001,-4.8611
41:31,1,-12.0062,-5.9536
41:32,1,-10.3705,-7.7018
41:33,4,-10.5851,-5.6988
41:34,1,-10.734,-5.3356
41:35,4,-13.2223,-6.4821
41:36,1,-13.7176,-6.9833
41:37,4,-12.7461,-7.2946
41:38,4,-12.9029,-5.5816
41:39,4,-11.5485,-6.8993
41:40,2,-9.0351,-7.2638
41:41,5,-9.369,-5.4424
41:42,1,-12.2382,-7.8354
41:43,1,-10.4591,-7.5843
41:44,4,-11.4877,-6.1957
41:45,1,-13.2736,-4.9909
41:46,4,-12.3914,-5.8065
41:47,4,-11.25,-8.768
41:48,4,-12.6498,-4.0954
41:49,5,-12.6374,-2.619
41:50,4,-11.298,-8.2772
41:51,5,-12.7227,-2.6109
41:52,4,-10.7001,-6.4642
41:53,1,-11.6899,-5.8217
41:54,5,-12.9484,-5.3993
42:1,6,-14.6261,-6.7364
42:2,6,-12.1032,-3.9552
42:3,4,-10.3573,-4.7717
42:4,4,-12.0334,-6.9354
42:5,1,-10.6177,-7.5773
42:6,1,-10.6956,-5.9806
42:7,1,-9.4045,-4.5119
42:8,1,-7.5935,-5.4647
42:9,1,-11.4461,-6.7251
42:10,1,-11.287,-6.4454
42:11,1,-10.4186,-7.2375
42:12,4,-12.7744,-7.8329
42:13,1,-10.7649,-6.5413
42:14,4,-9.2462,-5.3846
42:15,1,-10.3763,-5.8504
42:16,1,-9.2393,-5.9526
42:17,4,-11.2397,-8.6899
42:18,4,-11.2096,-8.7035
42:19,4,-11.2361,-7.5444
42:20,1,-11.8651,-5.6164
42:21,4,-11.0472,-6.6595
42:22,4,-9.9792,-5.0819
42:23,4,-7.8483,-6.079
42:24,4,-8.8925,-6.1349
42:25,1,-11.1895,-7.3995
42:26,4,-8.3601,-7.2577
42:27,4,-12.7452,-7.8076
42:28,1,-11.5371,-7.2255
42:29,1,-11.9357,-6.6128
42:30,1,-9.74,-5.5455
42:31,4,-13.193,-5.287
42:32,0,-13.8718,-5.871
42:33,4,-13.0262,-4.7892
42:34,5,-8.9986,-2.5202
42:35,4,-11.4894,-5.2936
42:36,4,-12.0289,-5.3812
42:37,1,-10.4679,-7.5994
42:38,1,-10.0051,-5.6747
42:39,1,-13.2947,-5.4102
42:40,3,-7.6264,-6.0396
42:41,7,-8.7492,-5.873
42:42,7,-9.1189,-6.3611
42:43,1,-10.3193,-7.5882
42:44,4,-9.5085,-6.5769
42:45,4,-9.2013,-6.2633
42:46,4,-9.6955,-6.605
42:47,4,-11.0403,-5.6749
42:48,5,-12.6656,-2.6796
42:49,5,-11.1642,-7.6239
42:50,5,-8.9971,-2.5326
42:51,1,-11.423,-4.5379
42:52,1,-11.0689,-5.3501
42:53,4,-11.5594,-6.9147
43:1,6,-14.6297,-6.7374
43:2,0,-12.1215,-2.8618
43:3,1,-9.593,-4.6946
43:4,6,-11.3848,-6.671
43:5,1,-10.7194,-4.1065
43:6,7,-9.5569,-4.5141
43:7,4,-11.001,-4.596
43:8,7,-9.6609,-4.3481
43:9,4,-12.2201,-6.9874
43:10,1,-12.1116,-7.0145
43:11,4,-12.1395,-6.769
43:12,1,-12.0294,-6.7313
43:13,4,-11.6195,-6.2129
43:14,6,-11.6744,-5.0786
43:15,5,-12.6786,-2.6168
43:16,1,-11.3041,-6.8804
43:17,4,-9.8836,-4.4658
43:18,1,-12.0505,-6.0117
43:19,4,-10.8022,-6.8524
43:20,4,-10.9959,-4.1542
43:21,4,-9.301,-5.0852
43:22,1,-10.989,-4.9334
43:23,1,-8.8293,-4.1721
43:24,1,-9.821,-5.0997
43:25,4,-14.1411,-4.0429
43:26,1,-9.7699,-2.515
43:27,6,-12.1251,-4.7933
43:28,1,-12.1797,-5.6282
43:29,1,-10.3406,-6.8232
43:30,4,-9.6263,-4.066
43:31,1,-13.196,-6.4528
43:32,4,-13.0696,-4.7839
43:33,1,-10.8636,-5.7504
43:34,1,-12.9527,-5.4529
43:35,4,-13.2113,-4.9866
43:36,5,-13.5409,-6.7536
43:37,1,-9.262,-6.5547
43:38,1,-11.0458,-5.9787
43:39,1,-9.2896,-5.7857
43:40,4,-9.2511,-4.6689
43:41,6,-12.4308,-5.7565
43:42,5,-9.0184,-2.5619
43:43,1,-10.1071,-3.5673
43:44,5,-10.3417,-3.7003
43:45,4,-13.0005,-5.3507
43:46,4,-9.2949,-3.2058
43:47,4,-13.1615,-4.9451
43:48,1,-9.3959,-5.4418
43:49,4,-11.6226,-5.4651
43:50,4,-9.4472,-5.64
43:51,4,-10.4476,-2.9108
43:52,4,-10.6779,-4.4962
43:53,1,-9.6569,-4.4689
43:54,4,-9.0742,-7.2653
43:55,1,-11.1301,-4.9418
43:56,6,-10.3259,-3.2703
43:57,4,-11.3634,-7.8707
43:58,1,-11.8804,-5.5065
43:59,4,-10.2219,-4.4303
43:60,1,-12.9714,-5.4618
43:61,1,-11.2176,-8.6501
43:62,1,-13.8136,-7.0532
43:63,1,-9.7529,-4.8769
43:64,1,-10.0762,-3.5531
43:65,1,-9.678,-5.8954
43:66,4,-11.2433,-8.7963
43:67,1,-10.2478,-3.1118
43:68,0,-8.6002,-4.6873
43:69,4,-10.2702,-4.8704
43:70,3,-7.5589,-5.308
43:71,1,-11.9589,-5.2014
43:72,4,-7.9836,-4.8028
43:73,6,-9.7827,-4.7621
43:74,4,-13.2005,-3.3921
43:75,6,-11.0782,-4.6977
43:76,4,-11.0554,-5.136
43:77,4,-11.4471,-5.3066
43:78,1,-11.3014,-4.8044
43:79,4,-11.2331,-4.686
43:80,1,-9.2353,-4.855
43:81,7,-11.1415,-7.1769
43:82,4,-11.6885,-6.7851
43:83,1,-10.1877,-6.9766
43:84,4,-11.8128,-7.1014
43:85,4,-11.4702,-8.4034
43:86,1,-10.7335,-6.4776
43:87,4,-12.092,-6.5322
43:88,4,-10.3651,-5.0437
43:89,0,-10.5093,-5.0209
44:1,6,-14.6406,-6.7517
44:2,0,-12.0841,-2.8984
44:3,1,-8.7472,-4.0099
44:4,6,-13.1398,-4.8118
44:5,4,-10.2612,-4.216
44:6,4,-11.4496,-7.1757
44:7,4,-11.7189,-7.1052
44:8,7,-12.5803,-6.8352
44:9,0,-13.2764,-5.1995
44:10,2,-11.5148,-4.8616
44:11,6,-9.276,-5.7667
44:12,4,-9.2148,-6.0191
44:13,5,-10.9173,-4.9968
44:14,1,-10.6388,-4.7314
44:15,4,-9.2995,-5.9082
44:16,4,-11.1744,-4.8789
44:17,4,-10.9538,-4.059
44:18,1,-7.0539,-3.8992
44:19,1,-9.3684,-3.8266
44:20,1,-12.6335,-5.4433
44:21,6,-10.249,-5.1208
44:22,4,-13.1642,-3.468
44:23,1,-11.2184,-4.1415
44:24,4,-13.8124,-5.9137
44:25,6,-7.7825,-4.815
44:26,0,-11.4776,-3.424
44:27,0,-11.3458,-3.1353
44:28,0,-10.5278,-2.7345
44:29,4,-12.184,-6.3083
44:30,4,-11.7106,-5.7673
44:31,4,-10.7639,-4.0849
44:32,0,-10.9295,-3.0153
44:33,6,-11.6337,-4.2558
44:34,6,-11.9981,-4.6621
44:35,7,-9.4156,-5.0822
44:36,0,-11.0274,-3.0639
44:37,1,-13.145,-3.5039
44:38,4,-12.2371,-6.486
44:39,1,-11.6853,-6.2374
44:40,1,-11.8164,-4.4055
44:41,4,-7.5792,-6.8602
44:42,4,-11.7845,-7.9962
44:43,6,-11.0146,-4.6648
44:44,0,-12.0359,-3.0752
44:45,0,-11.9278,-3.1218
44:46,0,-12.0623,-3.0442
44:47,0,-10.452,-3.3758
44:48,4,-9.3465,-5.9754
44:49,5,-11.7872,-8.0202
44:50,6,-11.2996,-4.2668
44:51,6,-7.1146,-3.9748
44:52,6,-7.655,-4.7144
44:53,1,-10.4298,-5.6593
44:54,6,-11.9132,-4.5352
44:55,6,-13.148,-4.8257
44:56,7,-9.2534,-5.4555
44:57,4,-11.7609,-5.9089
44:58,5,-10.272,-3.7258
44:59,6,-10.905,-4.902
45:1,6,-14.6301,-6.7386
45:2,4,-12.2076,-7.8481
45:3,4,-10.2626,-4.4781
45:4,1,-12.0204,-6.3723
45:5,4,-12.636,-7.2622
45:6,4,-10.4023,-5.1396
45:7,6,-11.7357,-4.3911
45:8,1,-9.0373,-4.8809
45:9,7,-8.9251,-5.7606
45:10,1,-11.4137,-5.4921
45:11,4,-8.9822,-6.0759
45:12,1,-13.7044,-6.155
45:13,1,-12.2974,-6.7885
45:14,1,-10.2785,-7.6795
45:15,4,-12.5579,-6.0998
45:16,4,-11.798,-6.0295
45:17,1,-8.4836,-9.2329
45:18,1,-11.0342,-5.7766
45:19,4,-7.7012,-6.8119
45:20,4,-10.2266,-4.0191
45:21,4,-10.554,-3.4352
45:22,1,-11.8773,-6.4293
45:23,5,-8.17,-7.612
45:24,4,-12.2918,-6.0357
45:25,1,-10.4661,-4.6266
45:26,1,-12.5771,-6.8377
45:27,4,-11.2917,-8.6283
45:28,1,-10.7422,-4.8383
45:29,5,-10.1124,-4.8489
45:30,4,-7.6536,-5.5115
45:31,1,-9.6024,-3.8852
45:32,4,-11.2749,-8.8411
45:33,4,-8.6571,-6.1614
45:34,2,-8.1602,-6.6158
45:35,1,-9.83,-6.178
45:36,4,-11.8439,-7.6151
45:37,4,-11.8167,-7.3858
46:1,6,-14.6354,-6.7369
46:2,4,-12.2355,-7.8397
46:3,4,-12.3209,-6.6683
46:4,4,-11.0677,-6.6552
46:5,4,-10.6686,-5.8801
46:6,4,-8.4132,-7.6126
46:7,1,-9.7379,-4.0493
46:8,4,-8.8206,-6.1269
46:9,1,-8.6601,-3.9365
46:10,4,-10.4678,-6.522
46:11,4,-9.442,-5.4966
46:12,4,-9.1885,-3.3991
46:13,4,-8.7365,-4.7648
46:14,7,-8.0587,-5.3745
46:15,5,-12.6777,-2.6678
46:16,7,-8.7479,-5.2572
46:17,1,-10.8644,-6.2406
46:18,7,-8.7085,-5.5268
46:19,1,-12.2432,-5.2893
46:20,2,-8.6509,-6.3503
46:21,5,-9.6653,-3.4637
46:22,4,-10.6593,-4.4532
46:23,1,-10.7842,-5.7935
46:24,1,-9.4303,-5.8404
46:25,4,-13.1697,-3.4125
46:26,1,-8.4913,-9.216
46:27,1,-12.7457,-6.2656
46:28,1,-13.083,-5.4654
46:29,1,-8.8932,-4.5053
46:30,1,-9.1635,-3.3817
46:31,1,-10.3727,-7.6108
46:32,7,-8.789,-5.6878
46:33,5,-12.3588,-6.7597
46:34,2,-8.6244,-6.3173
46:35,7,-10.5201,-6.927
47:1,4,-9.0637,-6.4071
47:2,4,-7.9918,-5.5313
47:3,4,-9.0389,-6.2635
47:4,4,-9.2182,-6.7535
47:5,0,-11.3071,-3.5212
47:6,6,-7.4156,-5.3122
47:7,4,-9.6805,-5.5314
47:8,4,-9.1234,-6.1447
47:9,3,-9.9497,-6.4042
47:10,4,-14.2426,-4.0652
47:11,4,-8.4225,-7.5022
47:12,2,-7.5097,-5.3324
47:13,4,-10.8956,-7.2139
47:14,4,-13.0505,-5.3317
47:15,4,-7.8296,-4.7794
47:16,7,-9.0708,-4.8556
47:17,4,-10.8538,-7.1201
47:18,5,-11.2732,-8.7547
47:19,1,-10.4458,-7.5842
47:20,5,-9.779,-4.9754
47:21,4,-9.6651,-4.8661
47:22,1,-12.3479,-5.9839
47:23,7,-8.4279,-5.496
47:24,1,-12.5266,-4.742
47:25,1,-13.6727,-6.9401
47:26,4,-9.6322,-4.8974
47:27,1,-13.2481,-4.9613
47:28,3,-10.0136,-6.2391
47:29,4,-9.2759,-5.1343
47:30,1,-12.6207,-5.5641
47:31,1,-10.3018,-6.949
47:32,3,-9.0349,-6.4183
47:33,1,-9.0179,-5.0718
47:34,1,-9.1307,-6.6088
47:35,1,-10.4433,-5.4868
47:36,4,-7.5082,-6.0812
47:37,0,-10.8094,-2.369
47:38,1,-9.2608,-6.6109
48:1,6,-10.903,-4.7686
48:2,1,-10.0186,-3.3675
48:3,6,-11.8178,-7.9419
48:4,1,-11.7397,-7.3961
48:5,4,-7.4826,-5.0471
48:6,4,-10.1945,-6.6438
48:7,4,-11.6457,-7.3529
48:8,6,-8.8006,-4.0128
48:9,4,-10.2228,-6.231
48:10,4,-13.35,-5.5041
48:11,1,-10.5761,-6.7353
48:12,1,-12.8713,-4.1212
48:13,4,-8.3477,-7.5667
48:14,1,-10.5266,-7.58
48:15,1,-10.5044,-6.6
48:16,7,-8.4451,-5.8943
48:17,4,-9.1097,-8.0568
48:18,1,-11.0359,-5.9916
48:19,1,-10.8175,-6.7067
48:20,1,-10.5854,-6.7482
48:21,4,-11.5723,-6.636
48:22,1,-9.9667,-5.2626
48:23,4,-12.9937,-5.0433
48:24,1,-11.6619,-6.7678
48:25,4,-8.8912,-6.8142
48:26,4,-10.8672,-7.1762
48:27,1,-8.8098,-6.8356
48:28,1,-11.2397,-6.3783
48:29,1,-9.8446,-7.1624
49:1,4,-9.9394,-6.0359
49:2,3,-10.0621,-5.9578
49:3,7,-8.3508,-5.7033
49:4,1,-10.2598,-5.1879
49:5,1,-10.2921,-7.4998
49:6,1,-10.1596,-6.1591
49:7,7,-9.2469,-5.2036
49:8,4,-11.1554,-6.554
49:9,3,-9.909,-6.4838
49:10,4,-9.8766,-3.1557
49:11,7,-8.9066,-6.1301
49:12,3,-9.9205,-5.888
49:13,4,-10.7923,-7.9848
49:14,1,-10.1066,-7.4561
49:15,7,-9.1691,-6.1084
49:16,4,-11.7883,-6.634
49:17,1,-10.7292,-5.8439
49:18,4,-11.8374,-6.6975
50:1,0,-12.0726,-3.2029
50:2,4,-13.1631,-4.7709
50:3,1,-12.7505,-6.2502
50:4,0,-11.0451,-2.2532
50:5,4,-12.5557,-4.6835
50:6,4,-13.8357,-4.3284
50:7,1,-12.8248,-5.1383
50:8,5,-10.6271,-3.8084
50:9,3,-12.332,-6.8509
50:10,6,-11.3936,-4.9849
50:11,4,-11.3532,-5.4216
50:12,4,-8.1852,-3.2709
50:13,0,-9.6535,-3.0916
50:14,1,-12.7201,-4.642
50:15,7,-12.358,-6.8662
50:16,5,-12.4567,-2.4601
50:17,4,-12.3715,-3.6974
50:18,4,-11.5258,-4.119
50:19,4,-11.2891,-4.1343
50:20,1,-13.4323,-4.0627
50:21,6,-11.0822,-6.1414
50:22,1,-10.2437,-5.4389
50:23,6,-11.3564,-3.9693
50:24,1,-11.6386,-4.3464
50:25,6,-10.7526,-3.9655
50:26,4,-9.647,-5.9379
50:27,4,-11.6013,-4.905
50:28,1,-10.8111,-5.3712
50:29,4,-10.9806,-3.9719
50:30,4,-11.1829,-5.0767
50:31,1,-7.8846,-4.5266
50:32,1,-12.6576,-4.6636
50:33,4,-8.5041,-4.7229
50:34,0,-7.409,-5.3836
50:35,6,-11.954,-5.1275
50:36,4,-9.9334,-4.2509
50:37,5,-9.385,-4.2206
50:38,4,-12.2877,-6.8402
50:39,4,-12.2714,-7.2308
50:40,1,-11.4093,-5.2959
50:41,1,-9.1794,-4.8005
50:42,1,-9.2025,-4.6567
50:43,4,-12.6514,-6.8423
50:44,1,-11.2895,-4.4613
50:45,5,-8.6315,-4.5756
51:1,6,-12.1127,-4.1432
51:2,0,-12.1464,-3.2702
51:3,0,-11.9312,-3.1553
51:4,6,-12.2735,-3.9206
51:5,6,-12.3398,-4.6976
51:6,6,-11.1974,-3.7706
51:7,3,-12.3578,-6.0252
51:8,6,-11.767,-5.0237
51:9,0,-11.3174,-3.222
51:10,6,-13.6893,-4.1718
51:11,6,-10.9241,-4.9773
51:12,6,-11.1377,-3.8637
51:13,2,-8.1128,-6.6979
51:14,1,-11.2601,-4.7496
51:15,6,-7.633,-4.6456
51:16,4,-10.2419,-5.973
51:17,4,-11.0977,-4.4266
51:18,0,-11.6375,-3.141
51:19,4,-11.2346,-5.502
51:20,6,-10.2281,-4.1697
51:21,0,-11.3244,-2.6527
51:22,4,-12.3627,-5.1341
51:23,4,-11.5516,-6.7615
51:24,0,-9.7384,-2.671
51:25,1,-7.5545,-5.3553
51:26,0,-11.2143,-3.5816
51:27,1,-10.0517,-3.0816
51:28,1,-8.8691,-4.6787
51:29,1,-10.4096,-3.6912
51:30,4,-10.3596,-4.8112
51:31,6,-12.5628,-4.8209
51:32,1,-13.1847,-3.4044
51:33,6,-10.9961,-4.2314
51:34,4,-11.9491,-5.75
51:35,0,-11.0276,-3.347
51:36,6,-10.6752,-4.2829
51:37,4,-8.5815,-4.7808
51:38,1,-9.2207,-3.2075
51:39,4,-10.592,-4.5772
51:40,1,-11.4888,-4.4661
51:41,4,-10.4743,-4.492
51:42,5,-10.7215,-4.5335
51:43,4,-10.1363,-7.031
51:44,1,-12.6862,-4.7441
51:45,0,-11.1868,-2.7953
51:46,4,-8.1187,-3.2628
51:47,4,-12.4068,-6.1588
51:48,0,-11.2907,-2.9391
51:49,5,-10.2381,-3.8277
51:50,4,-8.6446,-3.94
51:51,1,-8.7139,-3.9981
51:52,4,-10.2603,-4.8985
51:53,0,-10.7805,-3.0862
51:54,6,-11.3446,-5.0272
51:55,5,-10.4826,-3.9016
51:56,5,-12.2434,-6.6006
51:57,1,-9.9057,-5.2952
51:58,4,-11.0913,-7.2637
51:59,1,-10.2829,-7.2451
51:60,4,-9.6061,-5.416
52:1,6,-12.3462,-3.9754
52:2,6,-12.5293,-3.9512
52:3,6,-12.2756,-4.0668
52:4,0,-12.1143,-3.0859
52:5,6,-12.2382,-4.2332
52:6,0,-13.8905,-5.8828
52:7,6,-12.1916,-5.4446
52:8,6,-12.2133,-5.6962
52:9,6,-12.331,-5.6607
52:10,0,-12.2933,-3.5081
52:11,4,-11.8311,-0.1552
52:12,6,-10.0749,-5.3248
52:13,2,-8.1469,-6.7248
52:14,2,-8.2143,-6.6348
52:15,0,-11.1147,-2.61
52:16,1,-10.4027,-5.2678
52:17,6,-7.6058,-4.6753
52:18,4,-9.9561,-3.7264
52:19,0,-11.1865,-2.2843
52:20,4,-11.5827,-4.4686
52:21,4,-10.4204,-5.3828
52:22,4,-12.0375,-5.0248
52:23,1,-12.8111,-4.6414
52:24,1,-11.8234,-5.1975
52:25,0,-10.5199,-2.7673
52:26,4,-10.7124,-4.5748
52:27,4,-9.514,-5.8572
52:28,4,-11.5725,-7.7215
52:29,5,-13.0157,-5.6101
52:30,4,-11.6223,-4.9918
52:31,4,-11.752,-5.1047
52:32,0,-10.9736,-2.7934
52:33,4,-10.0134,-4.7069
52:34,6,-10.2461,-4.0882
52:35,0,-11.2744,-2.7831
52:36,4,-12.1863,-6.6985
52:37,4,-13.221,-4.7501
52:38,1,-9.1805,-4.2869
52:39,0,-12.4025,-4.3639
52:40,4,-7.1937,-6.1235
52:41,0,-11.73,-2.5846
52:42,1,-10.1694,-5.3765
52:43,4,-11.3491,-6.25
52:44,4,-12.2865,-5.7099
52:45,1,-10.1736,-7.0045
52:46,0,-7.6007,-6.833
52:47,1,-10.3179,-5.2572
52:48,4,-13.1727,-5.6835
52:49,1,-12.8284,-7.0218
53:1,6,-12.5252,-3.7282
53:2,6,-11.992,-4.8055
53:3,0,-11.7863,-2.9446
53:4,6,-12.4369,-6.0868
53:5,6,-10.8782,-7.2204
53:6,6,-11.8896,-5.5663
53:7,0,-12.052,-3.2011
53:8,6,-11.6912,-3.7445
53:9,0,-11.4886,-2.8455
53:10,0,-11.6715,-3.737
53:11,0,-12.9643,-4.8
53:12,0,-11.4845,-3.1158
53:13,0,-10.4625,-2.8141
53:14,0,-11.8068,-5.5857
53:15,6,-7.6182,-4.6638
53:16,6,-13.2758,-5.1334
53:17,0,-11.5082,-2.9436
53:18,4,-12.2866,-4.2613
53:19,4,-8.1663,-7.6429
53:20,6,-9.8105,-8.776
53:21,5,-10.9185,-8.0686
53:22,0,-12.1554,-3.4561
53:23,1,-10.9557,-6.245
53:24,5,-12.5378,-2.7642
53:25,7,-9.9761,-4.2756
53:26,4,-7.6383,-6.8781
53:27,4,-10.8659,-7.6725
53:28,4,-7.6308,-6.8661
53:29,5,-12.247,-5.803
53:30,1,-11.7175,-7.0644
53:31,4,-10.0636,-4.8135
53:32,1,-12.1603,-6.1417
53:33,6,-8.1526,-7.6401
53:34,0,-11.5034,-4.1313
53:35,0,-11.7333,-2.5468
53:36,6,-9.1713,-3.2624
53:37,6,-9.7871,-2.576
53:38,5,-13.0167,-6.1077
53:39,5,-9.0856,-8.1429
53:40,6,-11.1156,-3.8162
53:41,6,-11.2637,-4.8922
53:42,4,-12.0537,-5.5098
53:43,6,-10.6213,-3.5811
53:44,6,-11.9685,-5.4165
53:45,5,-10.8592,-8.0744
53:46,6,-12.9282,-5.548
53:47,6,-9.9996,-4.2017
53:48,6,-7.6043,-6.8876
53:49,6,-11.7629,-7.2882
53:50,7,-8.7492,-5.2043
53:51,0,-10.9968,-3.32
53:52,1,-8.1162,-3.258
53:53,0,-11.9495,-3.1017
53:54,6,-13.1795,-4.8779
53:55,4,-13.2951,-5.204
53:56,7,-8.7844,-3.9505
53:57,0,-11.7779,-3.4077
53:58,6,-9.0833,-8.1454
53:59,0,-11.6232,-3.1334
53:60,0,-11.3618,-2.9838
53:61,0,-11.7939,-3.1007
53:62,6,-8.3872,-4.1899
54:1,6,-11.2384,-8.7865
54:2,6,-9.9015,-3.8398
54:3,4,-12.4403,-4.5166
54:4,6,-12.4149,-4.3234
54:5,6,-7.553,-6.8391
54:6,5,-10.6021,-4.0513
54:7,1,-8.5136,-4.6263
54:8,1,-8.4502,-7.4485
54:9,4,-8.1299,-3.2513
54:10,4,-11.7195,-5.3167
54:11,4,-12.0748,-6.0125
54:12,4,-11.1802,-3.7414
54:13,0,-11.1926,-3.0929
54:14,4,-9.3211,-5.8701
54:15,1,-10.7795,-3.9084
54:16,0,-8.5142,-3.2872
54:17,5,-10.4907,-3.7008
54:18,4,-8.5882,-3.318
54:19,1,-10.7636,-4.257
54:20,1,-10.5864,-3.8378
54:21,0,-8.4963,-3.2796
54:22,5,-10.475,-3.7339
54:23,6,-8.712,-3.3071
54:24,1,-11.1338,-4.8886
54:25,5,-12.373,-4.5793
54:26,4,-11.4265,-3.9021
54:27,1,-10.5817,-5.1008
54:28,4,-13.2836,-5.4556
54:29,0,-11.1647,-2.6962
54:30,0,-8.5279,-3.2893
54:31,4,-10.1867,-4.5154
54:32,5,-10.502,-3.6784
54:33,6,-8.9457,-3.2552
54:34,1,-9.8155,-4.3985
54:35,4,-10.363,-6.8912
54:36,6,-8.6472,-3.87
54:37,0,-10.608,-2.4385
54:38,6,-9.2943,-5.7614
54:39,0,-8.5573,-3.3661
54:40,5,-10.4536,-3.7015
54:41,6,-8.666,-3.8632
54:42,4,-12.5877,-4.6721
54:43,7,-9.6099,-4.4448
54:44,6,-10.8953,-4.4127
54:45,6,-11.342,-3.8082
54:46,4,-11.2438,-8.8008
54:47,6,-13.2477,-3.3462
54:48,2,-8.1931,-6.682
54:49,6,-12.1096,-6.1907
54:50,6,-11.5562,-4.9259
54:51,1,-10.6565,-3.7619
54:52,6,-12.1517,-5.9726
54:53,6,-11.9268,-4.2676
54:54,6,-7.5637,-4.6234
54:55,6,-12.8236,-4.4637
55:1,6,-11.4923,-7.3084
55:2,6,-11.5913,-4.8277
55:3,5,-12.6855,-2.6025
55:4,6,-11.5755,-4.7068
55:5,6,-12.7845,-4.4146
55:6,6,-12.5501,-4.3493
55:7,6,-12.4678,-5.6737
55:8,5,-13.1507,-6.1538
55:9,0,-10.7195,-3.0469
55:10,0,-11.6057,-3.7959
55:11,1,-11.08,-4.7873
55:12,3,-11.6591,-7.6425
55:13,4,-13.3625,-5.2607
55:14,5,-12.6992,-2.598
55:15,2,-12.2754,-6.0837
55:16,4,-13.2688,-5.2433
55:17,4,-11.5382,-7.0304
55:18,4,-13.3718,-5.2269
55:19,0,-13.845,-5.8931
55:20,6,-11.1201,-5.0155
55:21,4,-13.3066,-5.2877
55:22,6,-11.1687,-5.188
55:23,4,-13.3367,-5.2772
55:24,0,-13.9219,-5.8661
55:25,4,-13.3591,-5.2719
55:26,6,-11.4102,-4.1971
55:27,4,-12.1691,-5.3785
55:28,4,-13.3351,-5.2676
55:29,4,-11.8753,-6.7149
55:30,4,-13.4159,-5.3247
55:31,6,-10.9021,-4.0886
55:32,4,-13.3838,-5.247
55:33,5,-8.1287,-5.4645
55:34,4,-13.3403,-5.2408
55:35,2,-8.3981,-6.7227
55:36,4,-13.3557,-5.2811
55:37,4,-12.4681,-5.8823
55:38,4,-13.4015,-5.2793
55:39,4,-8.179,-4.772
55:40,4,-13.3649,-5.3093
55:41,1,-13.2307,-3.399
55:42,4,-13.3779,-5.2835
55:43,4,-13.2603,-3.7011
55:44,0,-11.3389,-3.4175
55:45,4,-13.4138,-5.2827
55:46,4,-8.4372,-4.6265
55:47,4,-13.4452,-5.2089
55:48,0,-11.9514,-3.4209
55:49,4,-13.3861,-5.2635
55:50,0,-12.1839,-4.3099
55:51,4,-13.4684,-5.2506
55:52,6,-13.0765,-4.6674
55:53,4,-13.4607,-5.2475
55:54,4,-7.6348,-4.6739
55:55,4,-13.4249,-5.2157
55:56,1,-13.6166,-5.0084
55:57,4,-13.4052,-5.2594
55:58,6,-12.3261,-4.7343
55:59,4,-13.4656,-5.2922
55:60,6,-11.5665,-4.8466
55:61,4,-13.3825,-5.3061
55:62,6,-7.6914,-4.7112
55:63,4,-13.4754,-5.2967
55:64,6,-7.1695,-3.9041
55:65,4,-13.4656,-5.2735
55:66,6,-12.048,-4.4393
55:67,4,-13.4946,-5.2629
55:68,6,-11.02,-4.8286
55:69,4,-13.4123,-5.2603
55:70,6,-11.4883,-4.701
55:71,4,-13.5138,-5.2982
55:72,6,-11.249,-4.1562
55:73,4,-13.5386,-5.3271
55:74,6,-13.4256,-4.5571
55:75,4,-13.5633,-5.2431
55:76,4,-10.8939,-4.6211
55:77,4,-13.6198,-5.2069
55:78,4,-11.7054,-7.0689
56:1,0,-12.2703,-3.9602
56:2,0,-13.5504,-4.8424
56:3,6,-8.5407,-4.5812
56:4,6,-12.2557,-4.0139
56:5,6,-12.725,-7.7606
56:6,6,-12.712,-3.9886
56:7,0,-9.8139,-8.7999
56:8,0,-11.3714,-2.8294
56:9,0,-11.3974,-2.8476
56:10,6,-10.9755,-3.4199
56:11,7,-8.5865,-5.4216
56:12,6,-7.608,-4.6874
56:13,7,-9.8142,-8.7782
56:14,6,-10.2277,-3.1247
56:15,6,-11.0478,-4.1323
56:16,6,-11.1027,-4.2481
56:17,6,-11.9949,-5.3296
56:18,1,-11.7006,-6.5121
56:19,6,-10.809,-5.1741
56:20,6,-11.2237,-4.8978
56:21,6,-11.4654,-4.6636
56:22,0,-12.1854,-4.3805
56:23,6,-13.6445,-5.0494
56:24,0,-11.2795,-2.2711
56:25,0,-9.0631,-4.5231
56:26,6,-11.7249,-4.6115
56:27,0,-11.4694,-2.9597
56:28,6,-12.2659,-4.1102
56:29,6,-12.1893,-4.0609
56:30,6,-12.2904,-4.0365
56:31,6,-12.351,-3.9498
56:32,0,-9.914,-4.6965
56:33,6,-11.6027,-4.6044
56:34,6,-12.295,-4.0543
56:35,6,-12.2688,-6.2011
56:36,6,-11.1954,-3.7797
56:37,0,-11.8997,-3.3053
56:38,3,-11.4656,-4.428
56:39,7,-9.8137,-8.7799
56:40,6,-9.8009,-8.7984
56:41,6,-11.4686,-2.8791
56:42,0,-11.9972,-3.2807
56:43,6,-12.1763,-4.2005
56:44,6,-11.5647,-4.5532
56:45,6,-10.5319,-4.8109
56:46,4,-13.1207,-6.5539
56:47,4,-13.1585,-6.4589
56:48,7,-8.8689,-5.0921
56:49,7,-10.0099,-4.0075
56:50,1,-10.4249,-4.3902
56:51,4,-12.6502,-4.5439
56:52,6,-11.1102,-4.5951
56:53,0,-11.8033,-3.112
56:54,0,-11.4316,-3.4026
56:55,0,-11.8352,-3.078
56:56,6,-11.1925,-3.7799
56:57,6,-11.5453,-4.3899
56:58,6,-8.1052,-7.6116
56:59,0,-11.0665,-2.8893
56:60,1,-10.9573,-4.6054
56:61,1,-11.9049,-5.7991
56:62,5,-10.2506,-3.7343
56:63,6,-8.1305,-7.6088
56:64,6,-10.9003,-3.5231
56:65,1,-12.7097,-5.4477
56:66,6,-11.1463,-4.402
56:67,0,-11.885,-3.1303
56:68,4,-8.1218,-7.6382
56:69,0,-10.9084,-2.5682
56:70,0,-11.1518,-2.6665
56:71,2,-8.1071,-7.5472
56:72,0,-10.9643,-2.6354
56:73,5,-10.2489,-4.0451
56:74,4,-11.9761,-7.2336
56:75,6,-11.9849,-2.5754
56:76,1,-13.1304,-6.3758
56:77,6,-11.9689,-4.0031
56:78,6,-12.7238,-4.0046
56:79,6,-11.7863,-4.2926
56:80,4,-12.2717,-7.8065
56:81,6,-10.972,-4.2221
56:82,4,-12.413,-4.4699
56:83,0,-11.6455,-2.6895
56:84,0,-12.2348,-4.2167
56:85,1,-12.175,-4.6911
56:86,0,-11.5735,-2.7483
56:87,0,-11.1261,-3.0814
56:88,6,-10.9019,-4.1183
56:89,6,-11.0543,-4.6155
56:90,3,-11.0176,-4.0691
56:91,6,-11.2161,-5.0547
56:92,4,-12.5503,-4.497
56:93,6,-11.6868,-4.1894
56:94,0,-11.5366,-3.4172
56:95,6,-11.1588,-4.4893
56:96,4,-12.0003,-7.2686
57:1,4,-11.6186,-7.4527
57:2,4,-12.2262,-6.9851
57:3,7,-11.6322,-7.1641
57:4,4,-12.1579,-6.9069
57:5,4,-12.5477,-6.497
57:6,1,-12.8518,-7.3319
57:7,1,-7.7967,-5.9981
57:8,1,-9.8275,-7.0859
57:9,1,-11.9206,-7.1967
57:10,7,-9.2865,-6.6155
57:11,4,-7.9079,-6.0894
57:12,4,-7.5089,-5.0367
57:13,1,-10.6266,-5.4348
57:14,4,-10.6149,-6.8171
57:15,2,-8.3718,-6.5154
57:16,5,-8.6071,-4.6537
57:17,4,-12.316,-7.0124
57:18,4,-7.7763,-5.9876
57:19,7,-8.7293,-5.8258
57:20,4,-12.0408,-5.9329
57:21,1,-10.5136,-7.5148
57:22,1,-12.1488,-6.5726
57:23,3,-10.682,-5.9635
57:24,4,-7.8535,-7.0396
57:25,4,-10.8635,-7.1822
57:26,1,-8.1937,-3.3015
57:27,4,-11.055,-7.7092
57:28,1,-9.9468,-6.0856
57:29,4,-10.8912,-6.5131
58:1,4,-9.2008,-4.8265
58:2,1,-10.6113,-7.6891
58:3,4,-12.5666,-6.3253
58:4,1,-8.3722,-7.5626
58:5,4,-8.6344,-6.3539
58:6,4,-11.1716,-6.7017
58:7,5,-9.8812,-8.6708
58:8,5,-12.7895,-6.4914
58:9,4,-10.0227,-6.1713
58:10,1,-13.7164,-6.95
58:11,4,-10.0952,-5.804
58:12,1,-10.1605,-6.5311
58:13,4,-10.2795,-5.9292
58:14,5,-12.7676,-6.4999
58:15,4,-9.1521,-5.2623
58:16,4,-9.3817,-6.2429
58:17,2,-7.8089,-6.7354
58:18,1,-13.1459,-4.8595
58:19,5,-13.7694,-6.9571
58:20,7,-8.5844,-5.6674
58:21,4,-10.9733,-7.2911
58:22,4,-9.6213,-6.9325
59:1,4,-11.6459,-7.5539
59:2,7,-9.0346,-5.5167
59:3,2,-9.7326,-6.0482
59:4,4,-10.8827,-7.1412
59:5,1,-13.7203,-5.1728
59:6,4,-10.6587,-6.671
59:7,4,-10.4862,-6.769
59:8,7,-8.9908,-6.8168
59:9,3,-9.8476,-6.4969
59:10,1,-10.1334,-7.541
59:11,5,-12.6557,-6.5709
59:12,1,-10.0641,-5.1568
59:13,4,-11.9218,-5.5201
59:14,1,-9.566,-6.6878
59:15,4,-9.5492,-5.0401
59:16,4,-13.7769,-7.0601
59:17,2,-8.2285,-6.6114
59:18,4,-9.9921,-5.7506
59:19,7,-9.1967,-5.4687
59:20,2,-8.064,-6.3647
59:21,1,-10.7904,-4.6434
59:22,4,-11.4511,-7.192
59:23,4,-11.4989,-7.0685
59:24,4,-11.6945,-7.2894
60:1,1,-9.3644,-7.211
60:2,1,-10.2899,-5.4309
60:3,1,-13.6323,-5.2057
60:4,1,-9.5772,-7.4022
60:5,1,-10.4231,-7.2473
60:6,4,-7.7409,-6.9551
60:7,1,-10.5014,-7.4627
60:8,3,-9.5472,-6.5763
60:9,7,-9.4305,-6.4838
60:10,4,-9.56,-7.5715
60:11,1,-10.4163,-7.2359
60:12,1,-10.0683,-7.5499
60:13,4,-9.8517,-5.9368
61:1,4,-11.6895,-7.5184
61:2,4,-10.5121,-5.5317
61:3,4,-11.3914,-5.5545
61:4,3,-9.4398,-6.5312
61:5,1,-9.1741,-3.2957
61:6,4,-11.2812,-7.9207
61:7,4,-9.814,-6.0724
61:8,1,-10.9177,-6.1622
61:9,1,-11.2749,-6.2785
61:10,1,-9.4589,-5.6712
61:11,1,-9.5731,-6.5321
61:12,1,-7.4695,-5.0538
61:13,3,-10.0774,-5.6707
61:14,4,-11.2492,-7.7987
62:1,4,-11.7467,-7.515
62:2,1,-10.1825,-5.5485
62:3,1,-11.5639,-7.464
62:4,4,-10.9066,-6.5625
62:5,4,-9.7095,-4.8136
62:6,4,-10.0241,-5.6405
62:7,4,-11.3543,-6.3196
62:8,1,-11.5962,-5.8627
62:9,5,-10.0667,-6.1776
62:10,5,-10.1631,-5.7143
62:11,4,-11.9532,-4.6673
63:1,4,-10.8113,-6.1046
63:2,4,-10.6078,-3.4518
63:3,4,-10.0646,-5.4264
63:4,1,-8.9137,-4.7486
63:5,1,-10.3061,-7.6856
63:6,1,-10.302,-7.7281
63:7,4,-9.961,-5.7219
63:8,1,-10.8815,-5.415
63:9,7,-10.0262,-5.9188
63:10,4,-10.9687,-5.5147
63:11,4,-11.3662,-6.1164
64:1,4,-11.683,-7.5159
64:2,1,-11.9978,-6.6905
64:3,4,-11.7718,-6.8069
64:4,4,-11.8553,-6.5956
64:5,5,-8.6737,-4.1796
64:6,4,-7.7943,-6.9832
64:7,1,-9.6047,-5.6507
64:8,4,-10.1605,-6.2358
64:9,1,-7.5371,-5.0691
64:10,2,-8.4453,-6.3316
64:11,4,-12.2389,-6.4183
64:12,1,-8.992,-4.75
64:13,4,-11.1157,-6.1762
64:14,1,-10.2781,-7.2607
64:15,4,-7.9411,-6.0643
64:16,7,-8.3379,-4.2413
64:17,1,-10.1997,-7.5038
64:18,4,-11.5472,-7.5663
65:1,1,-10.801,-8.0693
65:2,1,-10.7858,-7.4167
65:3,4,-11.428,-6.6502
65:4,4,-9.931,-8.5919
65:5,4,-10.1435,-6.8662
65:6,7,-7.881,-5.9707
65:7,4,-9.8725,-5.7045
65:8,4,-9.7879,-5.1276
65:9,0,-9.0065,-5.4273
65:10,7,-8.9061,-5.3473
65:11,4,-7.4415,-5.1405
65:12,4,-12.0506,-6.7964
66:1,1,-10.063,-7.2786
66:2,4,-11.2887,-7.0473
66:3,4,-12.1518,-4.3609
66:4,4,-10.1733,-8.0174
66:5,4,-11.6154,-5.2762
66:6,2,-8.4729,-6.7683
66:7,1,-9.2077,-5.6935
66:8,1,-10.3248,-7.8079
66:9,1,-9.7082,-6.5782
66:10,4,-10.8827,-5.7574
66:11,4,-11.581,-4.9976
66:12,4,-13.0572,-4.713
67:1,4,-11.748,-7.0204
67:2,1,-10.7115,-7.7713
67:3,4,-12.2282,-6.6774
67:4,1,-11.7592,-6.1371
67:5,4,-9.6546,-5.8465
67:6,4,-9.0003,-6.1196
67:7,0,-9.1327,-4.5374
67:8,1,-8.9395,-4.1745
67:9,4,-9.2209,-4.5129
67:10,4,-9.4517,-4.7426
67:11,4,-10.6915,-5.3317
67:12,4,-8.4359,-4.7043
67:13,4,-10.2444,-4.8021
67:14,5,-12.9588,-6.1328
67:15,1,-11.8196,-6.9917
67:16,1,-13.6256,-5.2248
67:17,4,-13.798,-4.0073
67:18,4,-9.8592,-5.5449
67:19,1,-12.1946,-6.2077
67:20,4,-11.1193,-4.6691
67:21,1,-11.6302,-5.635
67:22,1,-11.2146,-4.3115
67:23,1,-12.0718,-6.8949
67:24,4,-11.8168,-6.7405
67:25,0,-10.7379,-0.0731
67:26,4,-8.6313,-3.9017
67:27,1,-9.6231,-5.7794
67:28,4,-8.5311,-7.5186
67:29,4,-11.4146,-7.2573
67:30,1,-10.7723,-5.5044
68:1,0,-11.3455,-2.8318
68:2,4,-13.576,-5.0799
68:3,6,-7.6376,-5.929
68:4,6,-13.1907,-6.4416
68:5,0,-11.5232,-3.3568
68:6,6,-12.3054,-3.8406
68:7,4,-11.6926,-7.1072
68:8,6,-13.391,-4.7716
68:9,6,-11.147,-4.7985
68:10,6,-13.2141,-4.6458
68:11,6,-11.6381,-4.2471
68:12,6,-10.673,-3.9156
68:13,0,-11.3028,-2.2264
68:14,0,-11.5553,-4.7937
68:15,7,-9.6209,-4.4859
68:16,0,-11.3253,-3.2622
68:17,1,-10.8297,-5.5791
68:18,0,-11.74,-2.8145
68:19,4,-13.4415,-5.0001
68:20,6,-9.9856,-3.7006
68:21,0,-12.0293,-3.286
68:22,0,-11.2307,-3.0761
68:23,0,-11.2448,-3.2774
68:24,1,-7.5276,-5.4048
68:25,0,-11.3187,-3.0838
68:26,6,-12.1873,-4.736
68:27,0,-11.9182,-3.1231
68:28,1,-9.9362,-4.6836
68:29,4,-11.2689,-5.7936
68:30,0,-10.518,-2.7539
68:31,4,-10.9972,-5.2856
68:32,4,-11.7665,-5.0819
68:33,0,-10.6321,-2.334
68:34,4,-7.637,-4.7063
68:35,0,-11.9017,-3.0152
68:36,0,-13.3693,-3.9101
68:37,0,-11.8721,-2.7096
68:38,6,-11.4088,-4.7715
68:39,1,-10.3958,-4.4981
68:40,6,-13.2313,-4.6771
68:41,0,-10.9692,-2.8922
68:42,1,-9.2511,-4.6211
68:43,1,-10.3641,-5.1353
68:44,4,-13.3982,-4.7118
68:45,6,-11.2915,-4.804
68:46,4,-7.197,-6.1312
68:47,0,-11.7078,-2.5664
68:48,4,-13.3888,-5.3567
68:49,4,-12.0966,-5.1954
68:50,4,-11.4345,-3.7555
68:51,1,-9.5967,-5.0926
68:52,5,-10.4117,-3.868
69:1,6,-11.9284,-3.8357
69:2,6,-11.9154,-3.5121
69:3,6,-11.607,-3.5128
69:4,4,-8.6418,-3.3315
69:5,6,-9.9836,-5.0659
69:6,4,-9.9063,-4.7782
69:7,1,-12.4687,-7.0213
69:8,6,-10.5301,-3.2591
69:9,0,-10.8062,-2.4929
69:10,4,-13.0482,-5.4866
69:11,4,-10.8881,-4.696
69:12,5,-10.3195,-3.3611
69:13,6,-13.4004,-4.0432
69:14,1,-11.7622,-6.041
69:15,0,-12.3154,-3.9616
69:16,4,-12.4497,-5.9637
69:17,4,-13.6363,-5.0547
69:18,0,-8.6831,-4.6674
69:19,1,-9.1997,-5.2948
69:20,6,-12.775,-3.9697
69:21,6,-12.7724,-6.2177
69:22,6,-7.6354,-4.6822
69:23,0,-12.0096,-3.4434
69:24,1,-11.1812,-2.2681
69:25,4,-9.2041,-5.301
69:26,0,-11.6337,-2.6703
69:27,0,-10.5619,-3.9291
69:28,6,-7.5608,-6.8774
69:29,6,-9.578,-3.8535
69:30,6,-11.5228,-4.3938
69:31,6,-9.8555,-3.6635
69:32,1,-10.9613,-4.1987
69:33,4,-9.7306,-4.5407
69:34,6,-13.7584,-4.7028
69:35,0,-11.4082,-2.905
69:36,6,-11.734,-3.985
69:37,6,-11.7745,-4.0313
69:38,0,-11.7162,-2.572
69:39,0,-11.8382,-2.7804
69:40,6,-11.9796,-4.075
69:41,6,-11.628,-4.9032
69:42,5,-10.2823,-3.7542
69:43,4,-12.26,-7.8209
69:44,6,-10.3211,-3.1005
69:45,0,-12.0614,-3.0322
69:46,6,-11.7467,-4.1153
69:47,6,-12.5212,-4.1878
69:48,5,-10.2307,-3.8084
69:49,4,-12.5155,-4.576
69:50,6,-8.3963,-7.58
69:51,6,-11.3132,-4.4059
69:52,4,-11.9945,-7.2098
70:1,0,-10.8259,-3.2094
70:2,6,-8.4847,-7.6939
70:3,6,-11.4647,-6.1991
70:4,1,-11.0543,-3.5464
70:5,0,-11.7193,-3.6529
70:6,6,-12.1246,-4.5515
70:7,0,-11.9676,-3.3852
70:8,6,-12.1837,-5.7922
70:9,0,-11.8033,-3.66
70:10,0,-11.7857,-2.6803
70:11,1,-9.6095,-5.6856
70:12,3,-10.125,-3.0508
70:13,6,-12.9717,-4.4205
70:14,6,-10.6693,-4.5555
70:15,6,-11.6468,-4.2576
70:16,6,-11.3706,-4.7961
70:17,1,-10.1747,-5.1261
70:18,0,-11.6902,-3.491
70:19,5,-12.7142,-2.5646
70:20,6,-12.1127,-3.5522
70:21,6,-10.1749,-3.0879
70:22,6,-11.895,-3.9065
70:23,6,-10.1589,-5.0082
70:24,6,-11.2713,-5.5089
70:25,6,-11.535,-4.8426
70:26,6,-10.7212,-4.456
70:27,4,-9.3469,-5.8372
70:28,6,-9.4163,-5.6216
70:29,6,-11.507,-4.7481
70:30,1,-11.9371,-4.944
70:31,7,-8.5918,-5.3117
70:32,6,-11.5983,-5.3797
70:33,6,-10.4745,-6.8091
70:34,6,-10.2283,-4.8818
70:35,7,-8.1163,-5.2353
70:36,6,-10.1473,-5.2397
70:37,6,-13.5891,-4.7473
70:38,4,-7.4744,-5.0636
70:39,1,-10.9018,-4.6479
70:40,4,-11.9602,-2.6451
70:41,4,-11.4457,-4.93
70:42,1,-10.1746,-7.0597
70:43,1,-8.6674,-4.6613
70:44,1,-10.5347,-5.2062
71:1,1,-8.6053,-3.7485
71:2,6,-8.6275,-3.9315
71:3,6,-8.3746,-4.2193
71:4,1,-10.3173,-7.621
71:5,1,-11.9345,-4.7483
71:6,6,-11.6531,-4.1223
71:7,1,-10.1961,-7.7091
71:8,6,-11.0535,-4.2082
71:9,1,-11.5454,-5.7501
71:10,1,-10.3887,-7.7702
71:11,6,-12.4378,-5.7488
71:12,4,-7.7925,-4.9061
71:13,6,-11.7967,-4.8655
71:14,0,-11.7479,-3.3964
71:15,5,-13.939,-4.5184
71:16,1,-12.8616,-4.2889
71:17,6,-11.7807,-5.7693
71:18,1,-12.1474,-5.312
71:19,6,-12.7265,-7.7949
71:20,6,-11.2539,-3.7643
71:21,1,-8.0815,-3.2269
71:22,6,-10.7619,-3.4007
71:23,1,-8.8502,-4.2474
71:24,1,-10.2163,-5.01
71:25,2,-8.1286,-6.6069
71:26,4,-8.0656,-3.2283
71:27,4,-8.8946,-4.3675
71:28,1,-10.3202,-7.7051
72:1,4,-9.0864,-4.6898
72:2,4,-11.3137,-5.4371
72:3,3,-11.0389,-7.2356
72:4,4,-13.1486,-4.3862
72:5,4,-13.303,-4.4952
72:6,4,-13.2073,-4.6674
72:7,4,-12.7974,-3.9679
72:8,4,-12.1799,-6.0209
72:9,1,-9.0949,-4.7395
72:10,4,-11.8314,-5.3414
72:11,1,-10.9898,-4.8016
72:12,4,-12.9771,-4.0855
72:13,4,-8.9807,-4.6296
72:14,7,-10.4924,-4.2952
72:15,4,-12.5699,-4.055
72:16,1,-10.2516,-4.4214
72:17,5,-9.3469,-5.828
72:18,4,-11.4116,-5.0863
72:19,4,-13.0763,-4.5527
72:20,4,-11.0934,-5.9822
72:21,4,-11.1117,-6.1649
72:22,4,-11.1789,-5.1705
72:23,2,-8.3417,-6.5751
72:24,1,-10.8443,-5.5596
72:25,4,-11.6266,-3.7176
72:26,0,-11.8942,-2.5254
72:27,1,-10.8689,-5.7564
72:28,1,-11.7431,-6.381
73:1,6,-10.9393,-4.8604
73:2,6,-11.5219,-4.4502
73:3,6,-12.0128,-4.2587
73:4,6,-8.9772,-2.5233
73:5,6,-10.7612,-4.3587
73:6,4,-12.7946,-7.2244
73:7,4,-12.2821,-4.2493
73:8,5,-11.7325,-7.1124
73:9,1,-11.0495,-6.9624
73:10,0,-11.0895,-3.202
73:11,7,-8.9298,-5.6514
73:12,6,-10.0728,-3.8161
73:13,6,-9.3827,-5.6844
73:14,1,-10.0398,-5.1223
73:15,1,-10.4898,-5.6541
73:16,1,-12.7651,-5.6364
73:17,1,-11.9853,-5.398
73:18,4,-12.5721,-5.598
73:19,5,-9.5171,-6.4942
73:20,4,-9.8087,-8.5343
74:1,6,-10.4661,-4.8331
74:2,0,-8.6145,-3.6873
74:3,5,-12.2316,-4.3752
74:4,6,-13.0387,-5.0059
74:5,6,-12.4192,-4.3273
74:6,0,-11.5793,-2.7227
74:7,6,-12.8191,-4.7352
74:8,6,-11.3791,-4.1663
74:9,0,-12.1717,-3.5503
74:10,0,-12.1137,-3.5801
74:11,0,-11.0873,-3.2856
74:12,6,-11.4931,-4.2113
74:13,0,-10.5083,-6.9055
74:14,6,-11.328,-4.1042
74:15,6,-9.8268,-4.5196
74:16,6,-11.6943,-4.3278
74:17,0,-11.3248,-3.5702
74:18,6,-12.0378,-4.1418
74:19,6,-13.8408,-4.0354
74:20,6,-13.8916,-4.0676
74:21,6,-12.1213,-4.1679
74:22,6,-12.0715,-4.197
74:23,6,-10.5461,-4.2023
74:24,6,-10.0374,-3.8176
74:25,6,-11.2733,-4.3244
74:26,0,-11.1979,-3.2585
74:27,0,-11.2493,-3.0203
74:28,0,-11.6786,-2.695
74:29,6,-11.4079,-4.3723
74:30,0,-10.7997,-3.4979
74:31,2,-9.3763,-7.233
74:32,6,-11.8003,-3.9632
74:33,6,-12.4147,-3.5949
74:34,6,-12.4772,-3.8869
74:35,6,-11.3489,-4.4627
74:36,6,-8.7408,-4.0235
74:37,1,-10.0991,-3.272
74:38,6,-12.0304,-4.4643
74:39,3,-11.4861,-4.21
74:40,6,-7.6181,-4.6891
74:41,0,-13.194,-3.3548
74:42,0,-11.1425,-3.0391
74:43,6,-11.0878,-4.5071
74:44,0,-13.8024,-4.6803
74:45,6,-10.0791,-3.3127
74:46,4,-13.4385,-4.6712
74:47,6,-10.2202,-7.0024
74:48,6,-12.7028,-5.3133
74:49,5,-10.5427,-3.6061
74:50,6,-12.3925,-4.5912
74:51,6,-12.0248,-4.016
74:52,1,-11.1956,-5.9456
74:53,6,-8.5185,-4.5837
74:54,5,-10.4592,-3.6587
74:55,5,-10.8481,-3.3209
74:56,5,-10.7215,-7.3753
75:1,0,-11.9747,-2.5528
75:2,6,-11.9399,-2.5966
75:3,5,-12.6831,-2.6754
75:4,6,-12.4082,-5.6807
75:5,5,-12.5418,-2.8578
75:6,6,-11.1823,-4.3132
75:7,0,-12.3146,-3.2953
75:8,0,-12.3341,-3.1824
75:9,6,-12.8217,-4.3873
75:10,5,-12.6638,-2.5883
75:11,6,-11.7421,-3.9976
75:12,4,-11.7458,-5.5084
75:13,5,-12.458,-2.6433
75:14,5,-12.721,-2.59
75:15,0,-11.0363,-3.1601
75:16,1,-9.5224,-6.0351
75:17,6,-11.7998,-4.5211
75:18,6,-13.1693,-4.4768
75:19,6,-11.4288,-4.4365
75:20,3,-9.8374,-6.4554
75:21,5,-10.278,-2.9127
75:22,6,-13.3397,-4.4317
75:23,6,-12.32,-4.5913
75:24,0,-11.3115,-2.2245
75:25,6,-12.6146,-3.9796
75:26,6,-11.9252,-3.871
75:27,0,-11.6394,-2.7621
75:28,6,-12.7745,-3.9892
75:29,6,-12.2564,-4.7013
75:30,4,-12.4874,-5.0682
75:31,6,-11.6865,-4.3879
75:32,6,-12.2462,-4.1278
75:33,1,-11.8677,-4.8244
75:34,0,-11.5903,-3.3802
75:35,6,-11.4071,-4.5812
75:36,5,-11.7491,-3.0189
75:37,5,-13.1217,-6.168
75:38,6,-12.2227,-4.6357
75:39,5,-10.8677,-8.0543
75:40,5,-13.1636,-6.1925
76:1,5,-12.6121,-2.6291
76:2,5,-12.7181,-2.5695
76:3,1,-9.1886,-6.3269
76:4,4,-8.2351,-7.626
76:5,4,-12.8426,-4.2843
76:6,4,-11.3363,-3.8486
76:7,1,-8.5923,-4.498
76:8,3,-10.2441,-5.6018
76:9,1,-9.7738,-5.3306
76:10,4,-8.4876,-4.6126
76:11,4,-10.6731,-5.3162
76:12,6,-7.9057,-4.7741
76:13,4,-11.9046,-4.4383
76:14,6,-11.1604,-4.0051
76:15,4,-11.1657,-4.5519
76:16,6,-11.7657,-5.3087
76:17,0,-11.1026,-2.8124
76:18,1,-12.1597,-4.5861
76:19,1,-12.0287,-5.3639
76:20,4,-12.5593,-5.0786
76:21,4,-11.0834,-5.4807
76:22,1,-10.2256,-4.1379
76:23,1,-12.2345,-7.6601
76:24,4,-13.3306,-5.492
76:25,5,-11.7167,-7.0369
76:26,1,-12.919,-6.9238
76:27,3,-9.8706,-6.4266
76:28,1,-11.7254,-5.7695
76:29,5,-9.6093,-6.4369
76:30,4,-11.5185,-6.8722
76:31,1,-7.5306,-5.4519
77:1,0,-12.1169,-3.0331
77:2,0,-12.1535,-3.2446
77:3,6,-12.1755,-4.207
77:4,0,-12.0625,-3.2049
77:5,5,-12.1144,-3.2093
77:6,6,-8.6601,-3.5764
77:7,6,-12.3095,-4.7882
77:8,6,-12.8672,-3.706
77:9,6,-13.0326,-3.8833
77:10,0,-12.7903,-3.5421
77:11,6,-12.8775,-3.6953
77:12,6,-13.3014,-4.4089
77:13,0,-11.9503,-3.7033
77:14,0,-11.497,-2.9009
77:15,4,-11.8374,-0.1475
77:16,7,-13.0745,-6.1121
77:17,6,-10.2958,-2.9593
77:18,0,-12.1924,-2.9618
77:19,4,-11.833,-0.1516
77:20,5,-13.1361,-6.1408
77:21,6,-11.2538,-3.8283
77:22,6,-10.4443,-4.3684
77:23,0,-11.1965,-3.0694
77:24,4,-11.8337,-0.1504
77:25,5,-13.2167,-6.1573
77:26,0,-12.0774,-3.7025
77:27,4,-10.7346,-4.3986
77:28,4,-11.8343,-0.15
77:29,4,-13.1449,-4.6794
77:30,0,-9.8124,-8.7872
77:31,4,-7.5846,-6.8512
77:32,6,-11.5419,-4.9025
77:33,6,-12.5413,-4.7022
77:34,4,-11.8336,-0.1489
77:35,0,-11.5464,-2.7094
77:36,0,-11.629,-2.6001
77:37,4,-11.8336,-0.149
77:38,7,-11.8339,-4.2146
77:39,0,-11.1971,-4.396
77:40,4,-11.8338,-0.1485
77:41,6,-7.5634,-4.5853
77:42,6,-11.5414,-4.7146
77:43,0,-11.1817,-2.2691
77:44,4,-10.3621,-4.4223
77:45,4,-11.8337,-0.1487
77:46,1,-13.1876,-3.4073
77:47,4,-11.8337,-0.1485
77:48,0,-11.4173,-2.7027
77:49,4,-11.8336,-0.1478
77:50,6,-12.6649,-4.236
78:1,6,-11.9531,-4.0564
78:2,6,-13.1045,-6.4814
78:3,6,-11.6774,-4.9057
78:4,6,-11.3728,-3.9011
78:5,6,-11.3352,-3.926
78:6,5,-13.2107,-6.1718
78:7,0,-11.6275,-3.4798
78:8,0,-11.6604,-3.3655
78:9,0,-11.0291,-3.0864
78:10,6,-11.245,-4.4116
78:11,6,-12.3987,-3.9934
78:12,0,-11.0359,-3.0544
78:13,6,-11.6888,-4.6529
78:14,6,-11.2042,-4.634
78:15,3,-12.0793,-6.2292
78:16,6,-12.0597,-4.061
78:17,6,-11.6131,-4.3696
78:18,1,-13.4423,-3.989
78:19,4,-12.4586,-5.828
78:20,6,-12.5679,-3.7098
78:21,6,-11.9527,-5.6513
78:22,6,-11.1972,-4.2191
78:23,6,-11.5606,-4.6786
78:24,6,-10.8344,-4.8905
78:25,6,-11.8993,-3.9036
78:26,6,-12.0704,-3.6749
78:27,6,-11.2198,-4.1631
78:28,4,-11.9785,-4.6502
78:29,6,-12.0096,-6.0929
78:30,6,-9.3469,-5.6775
78:31,6,-10.0057,-3.7095
78:32,0,-11.9547,-3.1886
78:33,0,-11.9947,-3.4793
78:34,0,-12.1763,-3.4256
78:35,1,-9.1052,-4.5589
78:36,4,-13.0035,-5.2903
78:37,4,-11.7025,-6.8283
78:38,1,-9.4261,-4.7167
78:39,1,-9.6972,-6.4633
78:40,1,-8.8869,-5.0168
79:1,6,-12.153,-4.1206
79:2,6,-12.163,-4.2988
79:3,6,-12.1745,-4.0355
79:4,6,-10.976,-3.5514
79:5,6,-12.4737,-4.026
79:6,6,-11.9859,-5.0513
79:7,6,-12.0576,-5.12
79:8,0,-11.9442,-3.8099
79:9,0,-11.813,-3.2044
79:10,6,-10.7412,-4.3592
79:11,6,-13.1857,-6.4395
79:12,6,-9.0856,-5.4512
79:13,6,-11.7715,-4.393
79:14,6,-11.3692,-4.3641
79:15,0,-9.4294,-2.877
79:16,4,-13.5318,-5.3299
79:17,4,-11.5285,-4.9186
79:18,6,-11.4792,-5.1305
79:19,4,-8.4862,-4.5333
79:20,0,-12.1004,-3.2651
79:21,6,-12.0277,-4.1639
79:22,6,-10.4298,-4.1672
79:23,0,-12.0195,-3.1745
79:24,4,-11.036,-3.7543
79:25,7,-9.7122,-4.3896
79:26,4,-8.6488,-4.5476
79:27,4,-12.2832,-6.2331
79:28,6,-12.1879,-5.5915
79:29,0,-11.3725,-3.0872
79:30,0,-11.5325,-3.3099
79:31,0,-11.3475,-3.2438
79:32,0,-11.5125,-2.9374
79:33,6,-11.4391,-4.9278
79:34,6,-11.2194,-4.3452
79:35,5,-12.4489,-2.7508
79:36,6,-9.9148,-3.6088
79:37,6,-12.275,-4.2275
79:38,6,-12.2565,-5.7476
79:39,7,-9.7839,-3.645
79:40,4,-8.4545,-4.6204
79:41,7,-8.0517,-5.0643
79:42,4,-11.2784,-8.7194
79:43,5,-8.4835,-9.2293
79:44,6,-12.3624,-5.313
79:45,6,-8.6312,-4.3835
79:46,1,-12.1658,-4.8352
80:1,6,-12.0275,-4.2416
80:2,0,-11.9958,-3.297
80:3,6,-11.5817,-5.0511
80:4,5,-9.0144,-2.5325
80:5,6,-11.8736,-4.468
80:6,6,-11.2359,-3.9655
80:7,6,-11.4675,-4.6953
80:8,6,-13.2736,-4.298
80:9,0,-8.4599,-4.4557
80:10,6,-11.0773,-4.0286
80:11,5,-10.4567,-3.6545
80:12,5,-10.8665,-3.3087
80:13,6,-12.2742,-4.073
80:14,6,-12.3145,-4.1307
80:15,0,-11.82,-3.0159
80:16,0,-11.3313,-2.2163
80:17,5,-12.7176,-2.6629
80:18,6,-12.6108,-5.9485
80:19,6,-12.606,-5.7585
80:20,6,-13.1177,-5.6076
80:21,6,-13.2875,-4.6847
80:22,6,-12.6704,-5.8088
80:23,6,-11.7734,-4.0022
80:24,5,-12.7693,-2.7989
80:25,6,-11.2548,-4.8154
80:26,6,-11.8417,-4.703
80:27,3,-11.4943,-2.428
80:28,6,-11.8623,-3.7423
80:29,0,-11.4645,-3.4215
80:30,0,-11.9739,-3.1793
80:31,0,-10.7657,-3.5572
80:32,6,-11.3513,-5.2294
80:33,6,-11.9076,-4.1143
80:34,6,-10.0167,-3.067
80:35,6,-10.8892,-3.5657
80:36,3,-11.8324,-4.0189
80:37,4,-7.5582,-6.8904
80:38,6,-13.3208,-4.4248
80:39,6,-11.4668,-4.1207
80:40,0,-13.348,-4.5324
80:41,0,-11.9949,-3.1186
80:42,7,-8.3687,-5.4366
81:1,6,-12.906,-3.8859
81:2,6,-12.9028,-3.6957
81:3,6,-12.6854,-3.5735
81:4,6,-12.7603,-3.6402
81:5,0,-12.7934,-3.5407
81:6,2,-13.8556,-5.7754
81:7,6,-12.8417,-3.6932
81:8,0,-12.6745,-3.5337
81:9,6,-13.6761,-5.0128
81:10,6,-12.8344,-3.7017
81:11,6,-13.0616,-3.8719
81:12,6,-9.8612,-3.5418
81:13,6,-7.9257,-4.4251
81:14,6,-11.6712,-5.8133
81:15,6,-11.9651,-2.5438
81:16,6,-12.1076,-5.2021
81:17,6,-12.4713,-3.6095
81:18,6,-12.6093,-4.0325
81:19,6,-12.0571,-4.0935
81:20,6,-11.0854,-7.2386
81:21,6,-7.1155,-3.9143
81:22,0,-11.8816,-2.9392
81:23,0,-12.1311,-3.1158
81:24,0,-11.7289,-2.6812
81:25,6,-13.5198,-6.6493
81:26,5,-10.9474,-3.3321
81:27,5,-10.357,-3.8315
81:28,0,-11.8123,-2.9086
81:29,4,-11.959,-6.0738
82:1,6,-13.0792,-3.8928
82:2,0,-12.8075,-3.5469
82:3,6,-13.852,-5.7123
82:4,0,-12.738,-3.5337
82:5,6,-11.5244,-5.7153
82:6,5,-12.7307,-2.6485
82:7,6,-12.0342,-6.5419
82:8,6,-13.3307,-4.6008
82:9,6,-13.5636,-5.0253
82:10,6,-11.3615,-4.2983
82:11,0,-12.0708,-2.8155
82:12,0,-11.2879,-3.2546
82:13,6,-13.0113,-4.3254
82:14,6,-11.071,-3.8612
82:15,6,-11.1751,-3.8654
82:16,0,-11.7505,-2.8734
82:17,6,-11.3413,-3.5128
82:18,6,-11.3661,-3.678
82:19,4,-11.1666,-6.074
83:1,6,-11.8315,-0.1314
83:2,6,-11.6507,-6.0522
83:3,6,-9.022,-5.4466
83:4,7,-12.8877,-6.0492
83:5,0,-13.219,-6.423
83:6,4,-11.8429,-5.0616
83:7,4,-11.7987,-3.9382
83:8,6,-11.5037,-3.3992
83:9,6,-12.5849,-3.8746
83:10,4,-11.8363,-0.1468
83:11,6,-10.383,-5.4967
83:12,4,-12.8213,-4.4757
83:13,7,-9.6367,-4.4473
83:14,1,-11.0377,-4.0284
83:15,4,-11.7547,-5.5253
83:16,6,-9.8412,-3.5819
83:17,4,-12.3543,-4.6722
83:18,4,-12.7272,-4.2896
83:19,6,-11.5034,-3.3695
83:20,6,-12.5866,-3.8899
83:21,6,-10.4462,-6.9346
83:22,6,-12.9729,-4.372
83:23,0,-12.21,-4.2745
83:24,4,-7.56,-4.6923
83:25,6,-11.7778,-5.7338
83:26,0,-10.7779,-2.3727
83:27,0,-11.5713,-3.0175
83:28,6,-12.0458,-4.5422
83:29,4,-10.3014,-5.113
83:30,6,-10.748,-2.9701
83:31,0,-11.0981,-2.7442
83:32,6,-13.0966,-4.9825
83:33,0,-11.3103,-3.0472
83:34,4,-10.1668,-5.2354
83:35,0,-12.2633,-4.3276
83:36,6,-11.2673,-3.9544
84:1,6,-12.9335,-3.8222
84:2,6,-8.5845,-4.2967
84:3,6,-12.6923,-3.7724
84:4,6,-11.0176,-3.5081
84:5,6,-8.6119,-4.2931
84:6,5,-12.7609,-2.6341
84:7,6,-9.1769,-5.3139
84:8,0,-11.753,-3.2256
84:9,0,-11.2311,-3.4246
84:10,6,-9.1975,-5.2213
84:11,0,-11.7978,-3.1812
84:12,0,-11.0801,-3.1262
84:13,4,-10.7521,-4.4962
84:14,6,-12.7566,-4.0357
84:15,4,-11.5638,-5.4791
84:16,6,-11.9699,-2.5476
84:17,6,-12.4767,-3.6612
84:18,6,-12.332,-3.6146
84:19,6,-11.0169,-3.4696
84:20,0,-11.7347,-2.7182
84:21,0,-11.3826,-2.6382
84:22,4,-9.8013,-5.427
84:23,6,-11.8497,-6.1104
84:24,6,-9.227,-5.648
84:25,4,-7.7194,-5.885
85:1,6,-12.5397,-6.1215
85:2,0,-12.7179,-6.3246
85:3,0,-10.5013,-6.898
85:4,0,-12.7862,-2.8707
85:5,2,-8.1208,-6.6719
85:6,0,-12.7172,-6.3653
85:7,0,-10.4476,-6.9265
85:8,4,-11.4181,-7.3121
85:9,4,-11.4954,-7.0696
85:10,4,-9.4347,-5.8494
85:11,4,-7.6267,-4.9962
85:12,4,-12.5661,-5.6052
85:13,7,-11.8891,-6.7359
85:14,0,-10.288,-7.8012
85:15,0,-12.1453,-3.1612
85:16,6,-11.4534,-4.8664
85:17,0,-9.5729,-2.8452
85:18,0,-11.7173,-3.3754
85:19,4,-10.0502,-5.3816
85:20,6,-12.1154,-4.6308
85:21,6,-11.4661,-4.958
85:22,6,-12.1868,-4.0155
86:1,6,-12.4511,-5.6914
86:2,6,-11.528,-3.3861
86:3,6,-7.6359,-4.6916
86:4,4,-11.3769,-4.5556
86:5,5,-12.7137,-2.6032
86:6,6,-12.2243,-6.0257
86:7,1,-11.5323,-5.2719
86:8,6,-12.6319,-6.3505
86:9,6,-12.0822,-4.9566
86:10,6,-11.0333,-7.2196
86:11,6,-12.5801,-6.1486
86:12,6,-12.3477,-4.4313
86:13,6,-12.0032,-4.2043
86:14,0,-11.8589,-2.9216
86:15,6,-10.8414,-4.587
86:16,0,-11.2121,-3.99
86:17,6,-8.3861,-7.5678
87:1,4,-11.9114,-7.2693
87:2,6,-12.1489,-6.4525
87:3,6,-11.8021,-4.8346
87:4,6,-11.3695,-5.3209
87:5,0,-11.2671,-3.5863
87:6,5,-10.6842,-3.5524
87:7,4,-9.1265,-7.3155
87:8,6,-11.4595,-3.5533
87:9,5,-10.5804,-3.7918
87:10,5,-8.5377,-4.5439
87:11,6,-11.4327,-3.8208
87:12,2,-8.1515,-6.7265
87:13,6,-12.6623,-6.7805
87:14,6,-11.506,-4.8502
87:15,5,-11.4793,-6.9313
87:16,6,-12.6015,-5.3889
87:17,0,-10.8417,-3.2155
87:18,7,-9.6731,-4.132
87:19,0,-9.7879,-2.6592
88:1,0,-9.4793,-2.8265
88:2,0,-12.263,-3.4807
88:3,6,-10.9397,-4.1984
88:4,2,-8.181,-6.7299
88:5,0,-12.1945,-4.312
88:6,6,-9.1013,-8.1208
88:7,6,-7.5715,-6.8194
88:8,6,-13.3786,-4.4914
88:9,6,-12.7863,-6.2021
88:10,6,-7.6074,-4.6843
88:11,6,-9.2429,-4.6226
88:12,0,-12.2661,-4.43
88:13,6,-12.2813,-4.1583
88:14,6,-11.7463,-7.0231
88:15,0,-11.9157,-3.2194
88:16,6,-11.8973,-3.8124
88:17,0,-13.406,-3.6925
88:18,6,-13.6305,-4.009
88:19,0,-13.3314,-3.6091
88:20,0,-13.4356,-3.687
88:21,5,-10.5255,-3.6548
88:22,6,-11.2431,-4.213
88:23,6,-11.9129,-4.104
88:24,4,-9.4435,-5.6376
88:25,6,-11.5467,-4.4708
88:26,6,-11.2143,-4.2015
89:1,0,-11.854,-3.3462
89:2,0,-11.935,-3.1472
89:3,6,-12.275,-5.1547
89:4,6,-12.4824,-3.6059
89:5,6,-12.0945,-3.5705
89:6,5,-13.8099,-4.6099
89:7,0,-12.085,-3.135
89:8,6,-10.0091,-4.5339
89:9,6,-10.6639,-5.0916
89:10,0,-11.7072,-3.3885
89:11,6,-10.8675,-4.9185
89:12,0,-11.8962,-3.4892
89:13,4,-9.6007,-5.572
89:14,4,-11.8033,-6.1876
89:15,5,-12.7538,-2.619
89:16,4,-13.5276,-4.8249
89:17,6,-11.5469,-4.2839
89:18,6,-13.6843,-4.7428
89:19,4,-10.3165,-4.6435
89:20,3,-9.8339,-6.4324
89:21,1,-12.1677,-4.0165
89:22,4,-12.5773,-5.0677
89:23,5,-10.515,-3.6853
89:24,6,-11.4367,-5.2802
89:25,6,-9.3159,-5.7145
89:26,0,-11.2032,-2.7524
89:27,6,-10.9178,-5.4217
89:28,4,-12.7506,-6.2234
89:29,0,-7.378,-5.3999
89:30,6,-7.3944,-5.2314
90:1,0,-11.9253,-2.5553
90:2,0,-10.9468,-7.3681
90:3,0,-12.3027,-5.312
90:4,5,-12.6426,-2.5477
90:5,6,-11.4593,-4.4179
90:6,6,-11.5658,-4.1324
90:7,6,-11.7571,-4.5109
90:8,5,-13.1214,-6.1832
90:9,0,-11.8298,-3.4513
90:10,6,-11.2332,-4.7483
90:11,0,-11.7937,-2.6719
90:12,0,-11.5196,-2.8913
90:13,6,-12.3032,-4.2061
90:14,0,-8.9915,-2.5562
90:15,0,-11.9421,-3.2013
90:16,0,-8.9884,-2.5334
90:17,4,-10.43,-4.2489
90:18,7,-8.3764,-5.4292
90:19,4,-8.8014,-5.8003
90:20,2,-8.1001,-6.7025
91:1,6,-12.7978,-4.4221
91:2,0,-11.9398,-3.1593
91:3,6,-12.3486,-3.6557
91:4,6,-12.5119,-3.5278
91:5,6,-12.537,-5.7957
91:6,0,-11.4571,-3.0085
91:7,6,-11.7419,-4.9082
91:8,0,-11.6135,-3.2463
91:9,6,-11.3761,-4.8807
91:10,6,-11.7366,-4.8297
91:11,6,-8.6942,-3.3306
91:12,0,-11.3844,-2.2456
91:13,4,-10.5967,-5.1215
91:14,4,-13.4249,-4.9208
91:15,0,-8.4606,-4.4974
92:1,6,-12.4874,-3.5549
92:2,6,-12.4609,-3.6722
92:3,5,-10.9017,-8.0483
92:4,6,-10.3984,-4.2817
92:5,6,-11.5635,-4.5973
92:6,6,-11.6455,-4.7716
92:7,6,-11.4848,-3.6724
92:8,6,-11.8725,-4.4045
92:9,6,-12.8699,-4.3728
92:10,6,-11.4417,-3.8294
92:11,6,-7.5703,-6.8726
92:12,6,-11.399,-4.3198
92:13,7,-9.8619,-4.1956
92:14,2,-8.1057,-6.6849
92:15,6,-11.7156,-4.0577
92:16,6,-12.371,-4.3464
92:17,6,-11.375,-3.6959
92:18,6,-11.5941,-4.325
92:19,6,-13.5843,-4.9592
92:20,4,-13.4021,-5.2693
92:21,0,-11.8957,-3.2349
93:1,6,-12.2767,-3.7683
93:2,6,-12.4558,-3.6286
93:3,6,-12.5887,-5.1412
93:4,7,-9.6875,-4.2858
93:5,4,-12.6171,-5.3492
93:6,5,-13.2605,-6.2269
93:7,0,-11.9086,-3.3895
93:8,0,-7.594,-6.8914
93:9,6,-11.65,-4.1469
93:10,6,-11.6305,-3.9139
93:11,4,-12.9555,-4.6491
94:1,5,-13.2228,-6.1957
94:2,0,-11.0791,-3.5331
94:3,6,-11.6897,-4.8924
94:4,5,-10.7189,-3.4354
94:5,6,-11.9859,-3.9623
94:6,6,-11.933,-3.9117
94:7,0,-12.3935,-3.3833
94:8,6,-12.0505,-5.4227
95:1,6,-11.798,-4.0994
95:2,0,-11.8742,-3.2684
95:3,0,-11.332,-4.3981
95:4,5,-12.6277,-2.5744
95:5,1,-11.309,-5.4919
95:6,4,-7.7166,-5.8821
95:7,6,-13.5181,-5.1368
95:8,5,-12.4905,-6.4569
96:1,4,-11.9433,-6.9992
96:2,5,-12.6678,-2.588
96:3,6,-12.7156,-4.7547
96:4,6,-11.6299,-4.8919
96:5,5,-12.6608,-2.6204
96:6,5,-12.6582,-2.6583
96:7,6,-11.8311,-4.3805
96:8,6,-12.6793,-6.1901
96:9,6,-12.1736,-4.9885
96:10,6,-11.8477,-4.2084
96:11,0,-11.6266,-3.357
96:12,6,-8.9786,-2.5153
96:13,6,-12.5889,-4.4805
96:14,5,-12.9229,-6.3095
96:15,1,-11.6599,-4.3393
96:16,0,-13.2267,-4.5321
96:17,0,-11.0078,-3.3503
96:18,6,-11.3826,-3.89
96:19,6,-11.7401,-3.9972
97:1,6,-11.3986,-3.7321
97:2,0,-11.5047,-2.9471
97:3,4,-11.5045,-3.5082
97:4,1,-11.5821,-5.1221
97:5,1,-10.2397,-7.0509
98:1,4,-10.1905,-7.005
98:2,4,-11.738,-4.5196
98:3,6,-12.5998,-3.8832
98:4,4,-9.1941,-5.2958
98:5,1,-9.7871,-5.1122
98:6,2,-8.4411,-6.3709
98:7,7,-8.1159,-5.6162
98:8,4,-7.6647,-4.8583
99:1,0,-12.4504,-3.4367
99:2,0,-11.0288,-3.3788
99:3,5,-12.6684,-2.6593
99:4,6,-10.0896,-3.0372
99:5,4,-12.0282,-5.4309
99:6,1,-11.9101,-5.0995
99:7,6,-12.2932,-4.7918
99:8,6,-12.2555,-4.842
100:1,0,-12.0451,-3.2146
100:2,0,-12.135,-3.1958
100:3,0,-12.1707,-3.2328
100:4,0,-10.892,-3.1578
100:5,0,-11.7967,-3.6735
100:6,5,-12.7137,-2.5727
100:7,6,-10.5624,-6.8789
100:8,3,-10.7069,-3.6891
100:9,0,-11.434,-3.1155
100:10,6,-11.6023,-5.2197
100:11,4,-11.7944,-5.1347
101:1,6,-11.9801,-3.3362
101:2,0,-11.9006,-3.1664
101:3,0,-11.5277,-2.8768
101:4,4,-11.8152,-5.0892
101:5,0,-11.8321,-3.585
101:6,6,-8.6398,-5.7666
101:7,6,-12.7788,-6.1979
101:8,6,-8.7365,-6.5693
101:9,6,-12.5548,-4.6337
101:10,0,-11.4889,-2.8325
101:11,2,-8.1221,-6.6764
102:1,6,-10.2979,-4.3267
102:2,6,-10.203,-7.0583
102:3,6,-11.4103,-3.9044
102:4,6,-11.4375,-3.9456
102:5,6,-11.4025,-4.1033
102:6,6,-9.8553,-3.5799
102:7,6,-12.0664,-4.4323
102:8,4,-7.5909,-4.6684
103:1,6,-12.132,-3.3793
103:2,5,-12.6739,-2.652
103:3,4,-9.8878,-5.0046
104:1,6,-11.8341,-0.2132
104:2,6,-11.6684,-4.3979
104:3,6,-11.6569,-4.226
104:4,6,-11.8906,-3.9806
104:5,0,-11.5172,-2.8587
104:6,2,-8.0891,-6.7377
104:7,6,-8.2019,-7.5926
104:8,6,-11.1393,-4.1823
104:9,6,-12.343,-4.0673
105:1,5,-13.8984,-4.5266
105:2,5,-13.2216,-6.1936
105:3,0,-11.1017,-3.2321
105:4,6,-11.0309,-4.1162
105:5,6,-11.1685,-3.7836
106:1,0,-12.0245,-3.2005
106:2,4,-11.8472,-5.4389
106:3,6,-11.3128,-4.8377
106:4,1,-9.8683,-5.2522
107:1,6,-13.3852,-4.5219
107:2,6,-11.5589,-4.4405
107:3,6,-13.7832,-4.7225
107:4,6,-11.8238,-0.1757
107:5,6,-10.0862,-5.0081
107:6,6,-12.0078,-4.5657
107:7,0,-11.7931,-3.1315
108:1,6,-10.4321,-4.1535
108:2,6,-12.1278,-5.615
108:3,6,-8.3477,-5.1207
109:1,6,-8.4101,-7.5033
109:2,0,-11.5902,-2.7081
109:3,0,-11.4639,-2.8014
109:4,6,-11.0064,-3.6995
109:5,0,-11.4731,-2.7963
109:6,0,-11.8448,-3.6608
110:1,4,-10.8816,-4.9273
110:2,1,-7.5402,-5.3828
110:3,1,-10.607,-7.7487
111:1,1,-10.7734,-3.6571
111:2,0,-7.5379,-6.8823
111:3,2,-8.091,-6.7399
111:4,6,-12.4376,-4.7628
111:5,3,-12.1497,-4.1514
112:1,6,-11.2227,-5.1059
112:2,6,-11.5418,-6.5487
112:3,0,-12.3169,-5.3034
112:4,6,-11.549,-4.5568
113:1,6,-11.6952,-4.9409
113:2,6,-12.1781,-6.0893
113:3,6,-13.5132,-4.7391
113:4,6,-11.7324,-4.9747
113:5,6,-12.6153,-4.4782
114:1,6,-11.7639,-5.1514
114:2,6,-11.6161,-6.1296
114:3,6,-11.5507,-5.9829
114:4,6,-12.1487,-5.2519
114:5,6,-11.8792,-5.813
114:6,6,-7.7452,-4.7052
